id_no,time,lat,lon,depth,mag,event_type,mrr,mtt,mpp,mrt,mrp,mtp,type,moment_lat,moment_lon,moment_depth,moment_duration
0,9-5-2012T15:15:25.6,9.8892,-85.3559,23.5000,3.3000,earthquake,1035404999999999967232.0000,-552788600000000032768.0000,-482616800000000000000.0000,74143129999999991808.0000,-368506400000000000000.0000,558884499999999983616.0000,nan,9.8892,-85.3559,23.5000,nan
1,9-5-2012T15:35:46.57,9.7316,-85.2349,20.9000,3.9000,earthquake,863774599999999967232.0000,416653100000000016384.0000,-1280428000000000131072.0000,8100613999999999541248.0000,1396595999999999868928.0000,-3253120000000000000000.0000,nan,9.7316,-85.2349,20.9000,nan
2,9-5-2012T15:47:15.59,10.0080,-85.5981,22.5000,3.5000,earthquake,1987376000000000000000.0000,-1731630999999999901696.0000,-255745500000000016384.0000,985412600000000032768.0000,-54424850000000000000.0000,728741600000000000000.0000,nan,10.0080,-85.5981,22.5000,nan
3,9-5-2012T16:9:33.82,9.9365,-85.4552,24.6000,3.0000,earthquake,268333800000000000000.0000,-281801900000000016384.0000,13468110000000000000.0000,273666000000000000000.0000,-60159160000000000000.0000,-64643380000000000000.0000,nan,9.9365,-85.4552,24.6000,nan
4,9-5-2012T16:31:49.96,9.6240,-85.1745,17.8000,3.1000,earthquake,180289100000000016384.0000,-474407100000000016384.0000,294118000000000000000.0000,232977100000000016384.0000,-299672800000000000000.0000,10480900000000000000.0000,nan,9.6240,-85.1745,17.8000,nan
5,9-5-2012T16:35:10.56,9.9175,-85.5670,21.5000,3.0000,earthquake,267726499999999983616.0000,-315884899999999983616.0000,48158470000000000000.0000,-79793830000000008192.0000,-169051699999999983616.0000,191451699999999983616.0000,nan,9.9175,-85.5670,21.5000,nan
6,9-5-2012T16:46:42.83,9.8892,-85.6611,21.4000,3.2000,earthquake,438269200000000000000.0000,2545198000000000000.0000,-440814400000000000000.0000,-88792840000000000000.0000,-601194699999999950848.0000,261603200000000000000.0000,nan,9.8892,-85.6611,21.4000,nan
7,9-5-2012T16:49:6,9.9756,-85.5956,22.7000,2.9000,earthquake,122347400000000000000.0000,-133128800000000000000.0000,10781420000000000000.0000,235845299999999983616.0000,-85908400000000000000.0000,5037183000000000000.0000,nan,9.9756,-85.5956,22.7000,nan
8,9-5-2012T16:51:50.6,9.6713,-85.1878,19.4000,2.9000,earthquake,126657300000000000000.0000,-116488400000000000000.0000,-10168920000000000000.0000,204007299999999983616.0000,-34067870000000000000.0000,-147633800000000000000.0000,nan,9.6713,-85.1878,19.4000,nan
9,9-5-2012T17:5:15.8,9.9011,-85.5779,21.8000,3.0000,earthquake,122348000000000000000.0000,-134174400000000000000.0000,11826410000000000000.0000,365432999999999967232.0000,-91047880000000000000.0000,-10124610000000000000.0000,nan,9.9011,-85.5779,21.8000,nan
10,9-5-2012T17:26:10.27,9.9395,-85.5254,24.1000,2.7000,earthquake,73091720000000000000.0000,8554387000000000000.0000,-81646110000000008192.0000,-25774140000000000000.0000,-111695900000000000000.0000,27775960000000000000.0000,nan,9.9395,-85.5254,24.1000,nan
11,9-5-2012T17:51:55.35,9.9862,-85.5875,22.6000,3.3000,earthquake,622748000000000000000.0000,-646729600000000000000.0000,23981560000000000000.0000,908712800000000000000.0000,-168083000000000000000.0000,-39872860000000000000.0000,nan,9.9862,-85.5875,22.6000,nan
12,9-5-2012T18:56:52.97,9.7332,-85.1971,12.6000,2.4000,earthquake,45271770000000000000.0000,-22853250000000000000.0000,-22418520000000000000.0000,18551530000000000000.0000,-3431123000000000000.0000,24874840000000000000.0000,nan,9.7332,-85.1971,12.6000,nan
13,9-5-2012T19:1:10.84,9.8774,-85.6008,20.1000,2.8000,earthquake,129620700000000000000.0000,-179846700000000016384.0000,50226000000000000000.0000,70215270000000000000.0000,-94320150000000008192.0000,12236360000000000000.0000,nan,9.8774,-85.6008,20.1000,nan
14,9-5-2012T19:29:48.35,9.8026,-85.6011,19.5000,3.7000,earthquake,463431200000000000000.0000,359126300000000016384.0000,-822557500000000016384.0000,2489243000000000032768.0000,-3639505000000000098304.0000,11197710000000000000.0000,nan,9.8026,-85.6011,19.5000,nan
15,9-5-2012T19:33:47.92,9.9110,-85.5705,22.0000,2.7000,earthquake,74750500000000000000.0000,-73711830000000000000.0000,-1038671000000000000.0000,115579400000000000000.0000,30917270000000000000.0000,-11272150000000000000.0000,nan,9.9110,-85.5705,22.0000,nan
16,9-5-2012T20:8:51.77,9.9636,-85.5893,22.5000,2.9000,earthquake,255303000000000000000.0000,-249440099999999983616.0000,-5862906000000000000.0000,65785550000000000000.0000,-59923550000000000000.0000,-88301150000000008192.0000,nan,9.9636,-85.5893,22.5000,nan
17,9-5-2012T20:13:3.75,9.8884,-85.6079,20.4000,2.3000,earthquake,7215780000000000000.0000,-703170100000000000.0000,-6512610000000000000.0000,14785080000000000000.0000,-31427130000000000000.0000,2274659000000000000.0000,nan,9.8884,-85.6079,20.4000,nan
18,9-5-2012T20:13:50.8,9.9562,-85.5813,21.6000,3.5000,earthquake,1654579999999999868928.0000,-1572134999999999901696.0000,-82445340000000000000.0000,1430035000000000032768.0000,-469230499999999983616.0000,372390300000000016384.0000,nan,9.9562,-85.5813,21.6000,nan
19,9-5-2012T20:37:2.38,9.8542,-85.6136,18.5000,3.4000,earthquake,987335399999999967232.0000,-1348632000000000000000.0000,361296800000000000000.0000,779167700000000049152.0000,-630756899999999983616.0000,-211759500000000016384.0000,nan,9.8542,-85.6136,18.5000,nan
20,9-5-2012T20:47:57.42,9.6552,-85.1969,18.8000,2.4000,earthquake,40047700000000000000.0000,-32117360000000000000.0000,-7930339000000000000.0000,28772200000000000000.0000,-5606059000000000000.0000,17421320000000000000.0000,nan,9.6552,-85.1969,18.8000,nan
21,9-5-2012T21:0:36.89,9.9326,-85.8307,19.6000,4.2000,earthquake,23885820000000001703936.0000,-19016220000000000655360.0000,-4869597000000000229376.0000,7088475000000000032768.0000,-3170589000000000229376.0000,9629493000000000491520.0000,nan,9.9326,-85.8307,19.6000,nan
22,9-5-2012T21:10:19.98,9.6507,-85.2114,17.5000,3.1000,earthquake,430188099999999983616.0000,-351585600000000000000.0000,-78602430000000008192.0000,333736600000000032768.0000,-140111200000000000000.0000,166703900000000016384.0000,nan,9.6507,-85.2114,17.5000,nan
23,9-5-2012T21:57:37.56,9.8796,-85.2219,26.4000,2.0000,earthquake,3870008000000000000.0000,-7268710000000000000.0000,3398702000000000000.0000,9323724000000000000.0000,-5200205000000000000.0000,-2198685000000000000.0000,nan,9.8796,-85.2219,26.4000,nan
24,9-5-2012T22:2:5.05,9.5995,-85.1665,16.9000,2.4000,earthquake,27239610000000000000.0000,-47673930000000000000.0000,20434320000000000000.0000,12559270000000000000.0000,-25240930000000000000.0000,930676000000000000.0000,nan,9.5995,-85.1665,16.9000,nan
25,9-5-2012T23:9:55.35,9.7734,-85.1856,20.6000,2.8000,earthquake,104703800000000000000.0000,-90917049999999991808.0000,-13786760000000000000.0000,127327600000000000000.0000,-109192400000000000000.0000,44339210000000000000.0000,nan,9.7734,-85.1856,20.6000,nan
26,9-5-2012T23:27:3.26,10.0850,-85.6629,23.2000,2.2000,earthquake,16326490000000000000.0000,-19639170000000000000.0000,3312682000000000000.0000,13616990000000000000.0000,-7430638000000000000.0000,-7662120000000000000.0000,nan,10.0850,-85.6629,23.2000,nan
27,9-5-2012T23:44:29.78,9.9969,-85.6914,21.2000,3.3000,earthquake,1025764999999999967232.0000,-572582099999999983616.0000,-453183100000000016384.0000,42258930000000000000.0000,-377283500000000016384.0000,567527100000000016384.0000,nan,9.9969,-85.6914,21.2000,nan
28,9-6-2012T0:28:48.29,9.7937,-85.5493,18.9100,2.9000,earthquake,32518430000000000000.0000,-166498300000000016384.0000,133979900000000000000.0000,188064499999999983616.0000,-135239100000000000000.0000,-49092820000000000000.0000,nan,9.7937,-85.5493,18.9100,nan
29,9-6-2012T0:35:8.04,9.8774,-85.3753,23.8100,3.2000,earthquake,704099900000000016384.0000,-329071399999999967232.0000,-375028499999999983616.0000,71745160000000000000.0000,-322613799999999967232.0000,386503299999999983616.0000,nan,9.8774,-85.3753,23.8100,nan
30,9-6-2012T0:39:9.82,9.8778,-85.3757,23.8000,3.1000,earthquake,395361799999999967232.0000,-119985100000000000000.0000,-275376700000000016384.0000,332643699999999983616.0000,-172316099999999983616.0000,229375699999999983616.0000,nan,9.8778,-85.3757,23.8000,nan
31,9-6-2012T0:46:34.97,9.6647,-85.1085,16.9100,3.9000,earthquake,3157832999999999836160.0000,-7404071999999999737856.0000,4246238999999999901696.0000,4210462999999999901696.0000,-4420962999999999770624.0000,-865187000000000032768.0000,nan,9.6647,-85.1085,16.9100,nan
32,9-6-2012T1:27:29.38,9.8599,-85.6196,20.3400,3.8000,earthquake,3326925000000000229376.0000,-4995938000000000196608.0000,1669012999999999967232.0000,3168073999999999934464.0000,-2356633999999999934464.0000,-2193987999999999868928.0000,nan,9.8599,-85.6196,20.3400,nan
33,9-6-2012T2:20:0.34,9.9874,-85.6602,20.8600,3.0000,earthquake,312508400000000000000.0000,-309418400000000000000.0000,-3090037000000000000.0000,227779200000000000000.0000,-39754970000000000000.0000,-91214510000000008192.0000,nan,9.9874,-85.6602,20.8600,nan
34,9-6-2012T4:16:39.11,9.9882,-85.6496,21.0200,3.1000,earthquake,96196700000000000000.0000,-87051060000000000000.0000,-9145636000000000000.0000,349957799999999967232.0000,-426796400000000000000.0000,56075540000000000000.0000,nan,9.9882,-85.6496,21.0200,nan
35,9-6-2012T5:7:1.21,9.6460,-85.2008,18.8700,2.8000,earthquake,40070310000000000000.0000,-9810180000000000000.0000,-30260130000000000000.0000,182701100000000016384.0000,-46773180000000000000.0000,54171320000000000000.0000,nan,9.6460,-85.2008,18.8700,nan
36,9-6-2012T5:22:23.91,9.7029,-85.2112,19.5500,2.4000,earthquake,26912180000000000000.0000,-34527540000000000000.0000,7615362000000000000.0000,23822780000000000000.0000,-29055550000000000000.0000,10626930000000000000.0000,nan,9.7029,-85.2112,19.5500,nan
37,9-6-2012T6:12:48.58,9.9869,-85.6844,17.4100,1.8000,earthquake,5269531000000000000.0000,-5269531000000000000.0000,-313.6711,929160400000000000.0000,-2149202000000000000.0000,-2561319000000000000.0000,nan,9.9869,-85.6844,17.4100,nan
38,9-6-2012T7:10:3.73,9.6474,-85.1976,18.2000,2.2000,earthquake,13654530000000000000.0000,-19723010000000000000.0000,6068479000000000000.0000,12342190000000000000.0000,-12955940000000000000.0000,2153225000000000000.0000,nan,9.6474,-85.1976,18.2000,nan
39,9-6-2012T7:38:44.06,9.9181,-85.5627,20.7300,3.3000,earthquake,582309100000000016384.0000,-432943000000000032768.0000,-149366099999999983616.0000,816333899999999950848.0000,-49647920000000000000.0000,-561820700000000016384.0000,nan,9.9181,-85.5627,20.7300,nan
40,9-6-2012T8:16:50.36,9.7839,-85.5535,18.3200,2.9000,earthquake,179006600000000000000.0000,-235018400000000000000.0000,56011770000000000000.0000,146615000000000000000.0000,-105162200000000000000.0000,-40873350000000000000.0000,nan,9.7839,-85.5535,18.3200,nan
41,9-6-2012T9:7:53.41,9.7823,-85.5469,20.9000,5.3000,earthquake,674576299999999951896576.0000,-660027600000000045613056.0000,-14548720000000000524288.0000,852560899999999981518848.0000,71109479999999997640704.0000,285583700000000006160384.0000,nan,9.7823,-85.5469,20.9000,nan
42,9-6-2012T9:9:58.68,9.6685,-85.6058,17.0000,5.1000,earthquake,496142899999999977848832.0000,-354939700000000003014656.0000,-141203100000000000655360.0000,244965499999999997509632.0000,-42210979999999997247488.0000,241658400000000003145728.0000,nan,9.6685,-85.6058,17.0000,nan
43,9-6-2012T10:3:32.38,9.6307,-85.2299,19.8000,2.3000,earthquake,18316590000000000000.0000,-23369950000000000000.0000,5053356000000000000.0000,17742130000000000000.0000,-11139030000000000000.0000,-19143410000000000000.0000,nan,9.6307,-85.2299,19.8000,nan
44,9-6-2012T14:39:13.39,9.9229,-85.5562,22.7200,2.5000,earthquake,27843870000000000000.0000,7242774000000000000.0000,-35086640000000000000.0000,-25182440000000000000.0000,-57776530000000000000.0000,3191267000000000000.0000,nan,9.9229,-85.5562,22.7200,nan
45,9-6-2012T14:54:28.11,9.8801,-85.3789,23.5300,2.3000,earthquake,13127900000000000000.0000,-9524237000000000000.0000,-3603666000000000000.0000,31659650000000000000.0000,7386731000000000000.0000,-8000537000000000000.0000,nan,9.8801,-85.3789,23.5300,nan
46,9-6-2012T15:51:19.2,9.9190,-85.5597,22.4400,2.9000,earthquake,117139600000000000000.0000,-238109699999999983616.0000,120970100000000000000.0000,59297640000000000000.0000,-162083600000000000000.0000,84378089999999991808.0000,nan,9.9190,-85.5597,22.4400,nan
47,9-6-2012T16:2:13.65,9.6440,-85.1996,18.0300,2.0000,earthquake,2771320000000000000.0000,-7676091000000000000.0000,4904771000000000000.0000,4379475000000000000.0000,-8679819000000000000.0000,4317474000000000000.0000,nan,9.6440,-85.1996,18.0300,nan
48,9-6-2012T16:21:21.8,9.8554,-85.3563,24.1600,2.2000,earthquake,6676583000000000000.0000,-5719306000000000000.0000,-957277600000000000.0000,23843400000000000000.0000,-3215276000000000000.0000,3606935000000000000.0000,nan,9.8554,-85.3563,24.1600,nan
49,9-6-2012T17:25:38.1,9.6996,-85.2100,19.3100,2.6000,earthquake,50939110000000000000.0000,-53677640000000000000.0000,2738532000000000000.0000,54438120000000000000.0000,-61152770000000000000.0000,23559250000000000000.0000,nan,9.6996,-85.2100,19.3100,nan
50,9-6-2012T18:12:4.86,9.8793,-85.3781,23.3200,2.2000,earthquake,7497667000000000000.0000,3029050000000000000.0000,-10526720000000000000.0000,16196280000000000000.0000,-16467880000000000000.0000,3057099000000000000.0000,nan,9.8793,-85.3781,23.3200,nan
51,9-6-2012T18:30:51.89,9.6928,-85.2121,19.1000,2.3000,earthquake,17673160000000000000.0000,-18057610000000000000.0000,384445000000000000.0000,30424570000000000000.0000,-3465235000000000000.0000,-1407196000000000000.0000,nan,9.6928,-85.2121,19.1000,nan
52,9-6-2012T18:33:32.51,9.6873,-85.2908,20.6900,2.7000,earthquake,40625460000000000000.0000,-84794700000000000000.0000,44169240000000000000.0000,21334900000000000000.0000,-91115060000000000000.0000,76156060000000000000.0000,nan,9.6873,-85.2908,20.6900,nan
53,9-6-2012T19:58:34.65,9.9971,-85.5774,22.8600,3.9000,earthquake,6348730000000000458752.0000,-1700614999999999901696.0000,-4648114999999999770624.0000,3800700000000000131072.0000,-4944314000000000458752.0000,2852989000000000229376.0000,nan,9.9971,-85.5774,22.8600,nan
54,9-6-2012T21:25:1.22,9.6824,-85.2216,20.1000,2.1000,earthquake,6066032000000000000.0000,-12506570000000000000.0000,6440543000000000000.0000,8210121000000000000.0000,-11057880000000000000.0000,3033016000000000000.0000,nan,9.6824,-85.2216,20.1000,nan
55,9-6-2012T21:26:52.75,9.9204,-85.5627,22.2300,2.0000,earthquake,8102221000000000000.0000,-10711580000000000000.0000,2609359000000000000.0000,-109856400000000000.0000,-6293668000000000000.0000,5026991000000000000.0000,nan,9.9204,-85.5627,22.2300,nan
56,9-6-2012T21:32:53.06,9.8824,-85.3704,23.8100,2.1000,earthquake,4330265000000000000.0000,-1481167000000000000.0000,-2849098000000000000.0000,5287724000000000000.0000,-16327380000000000000.0000,2674554000000000000.0000,nan,9.8824,-85.3704,23.8100,nan
57,9-6-2012T22:55:4.06,9.6982,-85.2108,18.7200,1.9000,earthquake,4708460000000000000.0000,-6422352000000000000.0000,1713892000000000000.0000,4188404000000000000.0000,-5090539000000000000.0000,1673228000000000000.0000,nan,9.6982,-85.2108,18.7200,nan
58,9-6-2012T23:6:29.08,9.9830,-85.6609,20.2100,2.7000,earthquake,112540600000000000000.0000,-99056910000000008192.0000,-13483660000000000000.0000,61477610000000000000.0000,25681420000000000000.0000,64682780000000000000.0000,nan,9.9830,-85.6609,20.2100,nan
59,9-6-2012T23:14:42.8,9.8603,-85.6267,21.4600,3.4000,earthquake,609513600000000000000.0000,-497917699999999983616.0000,-111595800000000000000.0000,1372704000000000000000.0000,36405590000000000000.0000,-557048400000000000000.0000,nan,9.8603,-85.6267,21.4600,nan
60,9-7-2012T1:21:9.34,9.8752,-85.4918,19.9000,4.2000,earthquake,21990360000000000262144.0000,-16111920000000000524288.0000,-5878444999999999705088.0000,8458451000000000294912.0000,3576013000000000229376.0000,12560300000000000131072.0000,nan,9.8752,-85.4918,19.9000,nan
61,9-7-2012T3:34:31.8,9.9226,-85.5601,22.5600,2.5000,earthquake,28774500000000000000.0000,-42969510000000000000.0000,14195010000000000000.0000,51975540000000000000.0000,-28543240000000000000.0000,-7600933000000000000.0000,nan,9.9226,-85.5601,22.5600,nan
62,9-7-2012T3:41:38.34,9.9643,-85.7591,19.1200,3.2000,earthquake,730998599999999967232.0000,-732041999999999934464.0000,1043316000000000000.0000,277633900000000016384.0000,114354500000000000000.0000,-75345950000000008192.0000,nan,9.9643,-85.7591,19.1200,nan
63,9-7-2012T6:31:10.59,9.9851,-85.6555,20.9400,2.3000,earthquake,4920609000000000000.0000,-23867640000000000000.0000,18947030000000000000.0000,19840080000000000000.0000,-19712640000000000000.0000,-524122000000000000.0000,nan,9.9851,-85.6555,20.9400,nan
64,9-7-2012T6:47:50.21,9.7003,-85.2117,19.0900,3.0000,earthquake,223281800000000000000.0000,-284205699999999983616.0000,60923930000000000000.0000,20402490000000000000.0000,-226467800000000000000.0000,199037000000000000000.0000,nan,9.7003,-85.2117,19.0900,nan
65,9-7-2012T7:29:57.96,10.0900,-85.6817,22.4000,3.3000,earthquake,712340199999999967232.0000,-535290499999999983616.0000,-177049600000000000000.0000,822227399999999967232.0000,-219624300000000016384.0000,349252400000000000000.0000,nan,10.0900,-85.6817,22.4000,nan
66,9-7-2012T7:35:16.01,9.7244,-85.0960,18.2600,2.6000,earthquake,68730330000000000000.0000,-65202480000000000000.0000,-3527854000000000000.0000,47247150000000000000.0000,-24618610000000000000.0000,-51650720000000000000.0000,nan,9.7244,-85.0960,18.2600,nan
67,9-7-2012T8:44:1.44,10.1350,-85.7071,22.1500,2.1000,earthquake,2473379000000000000.0000,-2187053000000000000.0000,-286325800000000000.0000,17339150000000000000.0000,3013401000000000000.0000,-1004735000000000000.0000,nan,10.1350,-85.7071,22.1500,nan
68,9-7-2012T9:7:39.66,10.0950,-85.7538,20.0000,1.5000,earthquake,1771172000000000000.0000,-1726649000000000000.0000,-44523010000000000.0000,74604440000000000.0000,-993960500000000000.0000,978863500000000000.0000,nan,10.0950,-85.7538,20.0000,nan
69,9-7-2012T9:34:13.09,9.6539,-85.2165,17.9100,2.5000,earthquake,53046700000000000000.0000,-42271390000000000000.0000,-10775300000000000000.0000,15151300000000000000.0000,-26789840000000000000.0000,-41305570000000000000.0000,nan,9.6539,-85.2165,17.9100,nan
70,9-7-2012T10:2:34.54,10.1040,-85.7992,20.3600,2.2000,earthquake,21220940000000000000.0000,-20845930000000000000.0000,-375017100000000000.0000,13382040000000000000.0000,-650603500000000000.0000,2990667000000000000.0000,nan,10.1040,-85.7992,20.3600,nan
71,9-7-2012T10:24:44.52,9.9628,-85.2297,31.6200,2.0000,earthquake,12209640000000000000.0000,-11137780000000000000.0000,-1071865000000000000.0000,2381459000000000000.0000,968590600000000000.0000,3839615000000000000.0000,nan,9.9628,-85.2297,31.6200,nan
72,9-7-2012T10:53:30.72,9.6935,-85.2884,19.3800,1.8000,earthquake,2675411000000000000.0000,-2249242000000000000.0000,-426169200000000000.0000,5576876000000000000.0000,-895805200000000000.0000,1306689000000000000.0000,nan,9.6935,-85.2884,19.3800,nan
73,9-7-2012T13:2:13.33,9.6002,-85.1859,15.6300,2.1000,earthquake,4191786000000000000.0000,-1925769000000000000.0000,-2266017000000000000.0000,16365650000000000000.0000,3880455000000000000.0000,-4486449000000000000.0000,nan,9.6002,-85.1859,15.6300,nan
74,9-7-2012T13:25:58.03,9.6906,-85.0040,14.0000,2.4000,earthquake,43439170000000000000.0000,-37048500000000000000.0000,-6390672000000000000.0000,23602490000000000000.0000,-808615800000000000.0000,17434410000000000000.0000,nan,9.6906,-85.0040,14.0000,nan
75,9-7-2012T14:16:34.46,9.8709,-85.6273,20.3300,3.5000,earthquake,431563600000000000000.0000,-934224299999999950848.0000,502660700000000016384.0000,1864076999999999967232.0000,-809450499999999983616.0000,-475430400000000000000.0000,nan,9.8709,-85.6273,20.3300,nan
76,9-7-2012T14:47:50.02,10.1330,-85.7168,22.9200,2.3000,earthquake,16206910000000000000.0000,-11553530000000000000.0000,-4653373000000000000.0000,29527350000000000000.0000,-10509310000000000000.0000,8228873000000000000.0000,nan,10.1330,-85.7168,22.9200,nan
77,9-7-2012T17:50:3.2,9.8189,-85.2173,23.7100,1.9000,earthquake,6599605000000000000.0000,-7144845000000000000.0000,545239600000000000.0000,3596550000000000000.0000,-3928944000000000000.0000,1900161000000000000.0000,nan,9.8189,-85.2173,23.7100,nan
78,9-7-2012T17:58:32.88,9.9851,-85.7153,17.5800,3.2000,earthquake,547673799999999967232.0000,-545477299999999983616.0000,-2196490000000000000.0000,574191299999999983616.0000,-68813190000000000.0000,50131610000000000000.0000,nan,9.9851,-85.7153,17.5800,nan
79,9-7-2012T19:25:56.57,9.9619,-85.5853,22.5100,3.4000,earthquake,1147617999999999934464.0000,-1226497999999999934464.0000,78879800000000000000.0000,929812199999999967232.0000,-473526800000000000000.0000,96616769999999991808.0000,nan,9.9619,-85.5853,22.5100,nan
80,9-7-2012T23:47:38.11,9.9957,-85.5926,22.3100,2.2000,earthquake,19054900000000000000.0000,-3435761000000000000.0000,-15619140000000000000.0000,8687827000000000000.0000,-13791550000000000000.0000,7473045000000000000.0000,nan,9.9957,-85.5926,22.3100,nan
81,9-8-2012T0:50:46.45,9.6939,-85.2109,19.5500,3.0000,earthquake,307948899999999983616.0000,-286544000000000000000.0000,-21404960000000000000.0000,189080499999999983616.0000,-152459600000000000000.0000,103898400000000000000.0000,nan,9.6939,-85.2109,19.5500,nan
82,9-8-2012T0:56:41.83,9.9892,-85.6736,17.7000,2.3000,earthquake,27812770000000000000.0000,-25388300000000000000.0000,-2424473000000000000.0000,19224060000000000000.0000,3432487000000000000.0000,12867870000000000000.0000,nan,9.9892,-85.6736,17.7000,nan
83,9-8-2012T0:58:37.42,9.9254,-85.5738,22.2000,2.1000,earthquake,15392800000000000000.0000,-9711847000000000000.0000,-5680952000000000000.0000,523302500000000000.0000,-7148611000000000000.0000,9115128000000000000.0000,nan,9.9254,-85.5738,22.2000,nan
84,9-8-2012T2:37:59,9.6404,-85.1958,15.9000,1.7000,earthquake,2071234000000000000.0000,-2271974000000000000.0000,200739400000000000.0000,3652531000000000000.0000,-1364526000000000000.0000,60198280000000000.0000,nan,9.6404,-85.1958,15.9000,nan
85,9-8-2012T3:28:23.2,9.8941,-85.3951,24.4000,2.0000,earthquake,7371620000000000000.0000,-1132144000000000000.0000,-6239475000000000000.0000,5664188000000000000.0000,-8424760000000000000.0000,2855333000000000000.0000,nan,9.8941,-85.3951,24.4000,nan
86,9-8-2012T3:41:59.36,9.8037,-85.5892,20.2000,2.6000,earthquake,51833930000000000000.0000,-44986050000000000000.0000,-6847872000000000000.0000,53500630000000000000.0000,-63651370000000000000.0000,26598670000000000000.0000,nan,9.8037,-85.5892,20.2000,nan
87,9-8-2012T3:48:30.72,9.9033,-85.5388,21.6000,2.0000,earthquake,9215293000000000000.0000,-4523432000000000000.0000,-4691861000000000000.0000,5813344000000000000.0000,1833001000000000000.0000,7591848000000000000.0000,nan,9.9033,-85.5388,21.6000,nan
88,9-8-2012T4:0:51.47,9.7929,-85.2374,20.9000,2.6000,earthquake,39059160000000000000.0000,-16312520000000000000.0000,-22746640000000000000.0000,75771080000000000000.0000,-51272110000000000000.0000,21802550000000000000.0000,nan,9.7929,-85.2374,20.9000,nan
89,9-8-2012T4:7:43.4,10.0280,-85.6901,21.0000,2.6000,earthquake,85759729999999991808.0000,-49512400000000000000.0000,-36247330000000000000.0000,32972760000000000000.0000,-38854120000000000000.0000,42931520000000000000.0000,nan,10.0280,-85.6901,21.0000,nan
90,9-8-2012T5:40:16.72,9.5766,-85.1924,16.2000,1.8000,earthquake,3825619000000000000.0000,-2849635000000000000.0000,-975983500000000000.0000,2807378000000000000.0000,1690661000000000000.0000,4149320000000000000.0000,nan,9.5766,-85.1924,16.2000,nan
91,9-8-2012T6:50:35.53,9.7725,-85.5507,16.5000,3.3000,earthquake,329752999999999967232.0000,-317700999999999967232.0000,-12051910000000000000.0000,1015667000000000032768.0000,-36519120000000000000.0000,-347999500000000016384.0000,nan,9.7725,-85.5507,16.5000,nan
92,9-8-2012T6:56:55,9.7307,-85.2242,20.4000,2.4000,earthquake,1736081000000000000.0000,-447393900000000000.0000,-1288687000000000000.0000,49453640000000000000.0000,5090602000000000000.0000,-6154029000000000000.0000,nan,9.7307,-85.2242,20.4000,nan
93,9-8-2012T7:41:59.73,9.7413,-85.2231,51.1000,1.4000,earthquake,930674200000000000.0000,-772697300000000000.0000,-157976900000000000.0000,929642100000000000.0000,-856088200000000000.0000,413132900000000000.0000,nan,9.7413,-85.2231,51.1000,nan
94,9-8-2012T8:20:0.31,9.8968,-85.3759,24.3000,1.8000,earthquake,3322248000000000000.0000,-5001849000000000000.0000,1679601000000000000.0000,1859978000000000000.0000,-3707916000000000000.0000,1778797000000000000.0000,nan,9.8968,-85.3759,24.3000,nan
95,9-8-2012T9:50:25.91,10.1990,-85.7897,16.0000,4.4000,earthquake,25189630000000000851968.0000,-8737658000000000458752.0000,-16451979999999999082496.0000,37289970000000001769472.0000,-6736605999999999803392.0000,24190839999999999213568.0000,nan,10.1990,-85.7897,16.0000,nan
96,9-8-2012T10:24:26.83,10.0820,-85.6498,23.2000,2.0000,earthquake,7210122000000000000.0000,-5087684000000000000.0000,-2122438000000000000.0000,9746117000000000000.0000,-2064575000000000000.0000,4248821000000000000.0000,nan,10.0820,-85.6498,23.2000,nan
97,9-8-2012T10:59:30.3,9.8848,-85.3977,24.3000,1.0000,earthquake,52957100000000000.0000,-211060000000000000.0000,158102900000000000.0000,111612200000000000.0000,-279716000000000000.0000,177812600000000000.0000,nan,9.8848,-85.3977,24.3000,nan
98,9-8-2012T12:35:41.74,9.7176,-85.2359,20.8000,1.9000,earthquake,3311643000000000000.0000,-3789012000000000000.0000,477369600000000000.0000,7367378000000000000.0000,-1270707000000000000.0000,-3280875000000000000.0000,nan,9.7176,-85.2359,20.8000,nan
99,9-8-2012T12:51:57.92,9.6618,-85.2145,19.5000,2.3000,earthquake,33361540000000000000.0000,-25502790000000000000.0000,-7858750000000000000.0000,4064046000000000000.0000,-9567447000000000000.0000,15437000000000000000.0000,nan,9.6618,-85.2145,19.5000,nan
100,9-8-2012T14:26:24.01,9.6649,-85.2409,18.7000,2.3000,earthquake,14974130000000000000.0000,-9366373000000000000.0000,-5607754000000000000.0000,22864000000000000000.0000,-4049550000000000000.0000,-23410770000000000000.0000,nan,9.6649,-85.2409,18.7000,nan
101,9-8-2012T14:58:58.91,10.0090,-85.6841,21.8000,1.9000,earthquake,7606624000000000000.0000,-3439294000000000000.0000,-4167330000000000000.0000,4015012000000000000.0000,-1288284000000000000.0000,4257319000000000000.0000,nan,10.0090,-85.6841,21.8000,nan
102,9-8-2012T18:33:50.56,10.1230,-85.6883,22.5000,1.5000,earthquake,563726200000000000.0000,-595023700000000000.0000,31297460000000000.0000,1963436000000000000.0000,-161018000000000000.0000,-891322100000000000.0000,nan,10.1230,-85.6883,22.5000,nan
103,9-8-2012T19:58:45.8,9.9536,-85.5705,23.5000,1.6000,earthquake,2648747000000000000.0000,-1377552000000000000.0000,-1271194000000000000.0000,1412393000000000000.0000,-965281600000000000.0000,1344862000000000000.0000,nan,9.9536,-85.5705,23.5000,nan
104,9-8-2012T20:25:47.09,9.8960,-85.5089,22.8000,1.6000,earthquake,2395376000000000000.0000,-1389437000000000000.0000,-1005940000000000000.0000,983211000000000000.0000,936955600000000000.0000,1953272000000000000.0000,nan,9.8960,-85.5089,22.8000,nan
105,9-8-2012T20:29:23.2,9.8856,-85.5188,22.5000,5.6000,earthquake,849301700000000000393216.0000,-638682900000000050200576.0000,-210618799999999983747072.0000,2946820999999999984009216.0000,314173899999999988596736.0000,-794195799999999970902016.0000,nan,9.8856,-85.5188,22.5000,nan
106,9-8-2012T21:36:4.69,9.9339,-85.5874,22.5000,1.7000,earthquake,3910501000000000000.0000,246529700000000000.0000,-4157031000000000000.0000,-1007080000000000000.0000,-1610579000000000000.0000,166129100000000000.0000,nan,9.9339,-85.5874,22.5000,nan
107,9-8-2012T23:57:48.47,9.6754,-85.1978,20.6000,2.9000,earthquake,75946800000000000000.0000,-205579900000000016384.0000,129633100000000000000.0000,77217060000000000000.0000,-175407100000000016384.0000,101414200000000000000.0000,nan,9.6754,-85.1978,20.6000,nan
108,9-9-2012T0:40:58.18,9.6981,-85.2133,19.4500,2.7000,earthquake,66367560000000000000.0000,-70435180000000000000.0000,4067627000000000000.0000,60918240000000000000.0000,-98281609999999991808.0000,43487470000000000000.0000,nan,9.6981,-85.2133,19.4500,nan
109,9-9-2012T0:42:9.66,9.7156,-85.2113,21.2000,3.4000,earthquake,679734699999999950848.0000,-847442699999999950848.0000,167708000000000000000.0000,644809300000000049152.0000,-1114824999999999967232.0000,499108700000000016384.0000,nan,9.7156,-85.2113,21.2000,nan
110,9-9-2012T1:0:23.28,9.7009,-85.2119,19.5400,2.0000,earthquake,4245096000000000000.0000,-4056223000000000000.0000,-188872900000000000.0000,11752840000000000000.0000,-443881700000000000.0000,1705408000000000000.0000,nan,9.7009,-85.2119,19.5400,nan
111,9-9-2012T2:14:14.32,9.7873,-85.5557,18.7800,2.3000,earthquake,3681165000000000000.0000,-2093266000000000000.0000,-1587899000000000000.0000,34531150000000000000.0000,5858977000000000000.0000,-4687261000000000000.0000,nan,9.7873,-85.5557,18.7800,nan
112,9-9-2012T2:27:19.33,9.9864,-85.6603,20.8300,2.9000,earthquake,164425600000000000000.0000,-138685500000000000000.0000,-25740080000000000000.0000,176851900000000016384.0000,-141610000000000000000.0000,68094550000000000000.0000,nan,9.9864,-85.6603,20.8300,nan
113,9-9-2012T2:36:39.52,9.9181,-85.5599,22.4100,2.3000,earthquake,25849980000000000000.0000,-28851500000000000000.0000,3001513000000000000.0000,-4870402000000000000.0000,-15051090000000000000.0000,15932650000000000000.0000,nan,9.9181,-85.5599,22.4100,nan
114,9-9-2012T3:1:8.67,9.9215,-85.5595,22.5400,1.2000,earthquake,363356700000000000.0000,-266171100000000000.0000,-97185610000000000.0000,335938600000000000.0000,-596669800000000000.0000,236490300000000000.0000,nan,9.9215,-85.5595,22.5400,nan
115,9-9-2012T3:50:48.96,9.9858,-85.6559,21.1100,1.8000,earthquake,5027003000000000000.0000,-5640645000000000000.0000,613643000000000000.0000,1319915000000000000.0000,-2667369000000000000.0000,1490499000000000000.0000,nan,9.9858,-85.6559,21.1100,nan
116,9-9-2012T3:54:43.43,9.7619,-85.5579,19.5700,3.3000,earthquake,156059699999999983616.0000,-147345000000000000000.0000,-8714669000000000000.0000,940243900000000016384.0000,-590750599999999967232.0000,53008880000000000000.0000,nan,9.7619,-85.5579,19.5700,nan
117,9-9-2012T4:27:49.3,9.9161,-85.5669,22.1700,2.3000,earthquake,22775710000000000000.0000,-12048690000000000000.0000,-10727020000000000000.0000,21493790000000000000.0000,-16588090000000000000.0000,11501800000000000000.0000,nan,9.9161,-85.5669,22.1700,nan
118,9-9-2012T5:50:34.64,9.9849,-85.6564,20.8100,1.4000,earthquake,375041700000000000.0000,-545723000000000000.0000,170681300000000000.0000,1389910000000000000.0000,-576551500000000000.0000,-117578200000000000.0000,nan,9.9849,-85.6564,20.8100,nan
119,9-9-2012T6:56:52.13,9.9148,-85.5619,22.5000,1.1000,earthquake,74843070000000000.0000,-138317600000000000.0000,63474510000000000.0000,518514400000000000.0000,-121938700000000000.0000,-134611900000000000.0000,nan,9.9148,-85.5619,22.5000,nan
120,9-9-2012T7:2:53.47,9.9244,-85.5655,22.6400,2.1000,earthquake,9313214000000000000.0000,-12779380000000000000.0000,3466168000000000000.0000,7856709000000000000.0000,-10431250000000000000.0000,3828519000000000000.0000,nan,9.9244,-85.5655,22.6400,nan
121,9-9-2012T7:55:28.35,9.9235,-85.5631,22.6500,1.0000,earthquake,321090000000000000.0000,-86489540000000000.0000,-234600500000000000.0000,174923300000000000.0000,-145722900000000000.0000,154426900000000000.0000,nan,9.9235,-85.5631,22.6500,nan
122,9-9-2012T8:7:38.55,9.9196,-85.5651,22.5600,1.0000,earthquake,355788700000000000.0000,-332817700000000000.0000,-22970990000000000.0000,44159260000000000.0000,-133488900000000000.0000,140639800000000000.0000,nan,9.9196,-85.5651,22.5600,nan
123,9-9-2012T8:53:54.18,9.8813,-85.3768,23.9200,1.1000,earthquake,401613100000000000.0000,-276027200000000000.0000,-125585900000000000.0000,367063300000000000.0000,-96672110000000000.0000,213351600000000000.0000,nan,9.8813,-85.3768,23.9200,nan
124,9-9-2012T10:4:27.16,9.9209,-85.5598,22.4300,1.4000,earthquake,1421270000000000000.0000,-1219020000000000000.0000,-202250800000000000.0000,653839600000000000.0000,6727010000000000.0000,557559700000000000.0000,nan,9.9209,-85.5598,22.4300,nan
125,9-9-2012T12:23:7.62,9.8478,-85.1940,18.3000,1.4000,earthquake,1338231000000000000.0000,12489490000000000.0000,-1350721000000000000.0000,-157871300000000000.0000,-799463800000000000.0000,200218600000000000.0000,nan,9.8478,-85.1940,18.3000,nan
126,9-9-2012T14:55:37.23,9.9896,-85.6579,20.7100,1.3000,earthquake,1039753000000000000.0000,-668233100000000000.0000,-371520000000000000.0000,383274200000000000.0000,-94498470000000000.0000,519876600000000000.0000,nan,9.9896,-85.6579,20.7100,nan
127,9-9-2012T16:55:53.64,9.9871,-85.6583,20.5500,1.2000,earthquake,583379400000000000.0000,-583128600000000000.0000,-250835000000000.0000,86818100000000000.0000,-403018800000000000.0000,347578000000000000.0000,nan,9.9871,-85.6583,20.5500,nan
128,9-9-2012T17:52:7.6,9.9844,-85.6599,20.8400,3.6000,earthquake,1310726000000000065536.0000,-921777799999999967232.0000,-388948499999999983616.0000,2047033000000000098304.0000,-2009481999999999934464.0000,641997300000000049152.0000,nan,9.9844,-85.6599,20.8400,nan
129,9-9-2012T18:3:13.55,9.9724,-85.6650,20.1500,1.4000,earthquake,469442400000000000.0000,-1049595000000000000.0000,580152600000000000.0000,947252100000000000.0000,-886108200000000000.0000,10519030000000000.0000,nan,9.9724,-85.6650,20.1500,nan
130,9-9-2012T19:29:36.79,9.7850,-85.5566,18.7700,2.8000,earthquake,13159960000000000000.0000,-32899240000000000000.0000,19739280000000000000.0000,185524499999999983616.0000,31679510000000000000.0000,59709090000000000000.0000,nan,9.7850,-85.5566,18.7700,nan
131,9-9-2012T21:39:36.12,9.9859,-85.6625,20.9000,2.3000,earthquake,16492340000000000000.0000,3589691000000000000.0000,-20082030000000000000.0000,-10500890000000000000.0000,-28160220000000000000.0000,3401968000000000000.0000,nan,9.9859,-85.6625,20.9000,nan
132,9-9-2012T22:33:19.36,9.6435,-85.1984,18.1000,1.8000,earthquake,316605600000000000.0000,-1223868000000000000.0000,907262100000000000.0000,4486879000000000000.0000,-625397000000000000.0000,-4251694000000000000.0000,nan,9.6435,-85.1984,18.1000,nan
133,9-9-2012T23:6:13.52,9.8021,-85.5961,19.0000,1.7000,earthquake,3220902000000000000.0000,-4047187000000000000.0000,826285000000000000.0000,1626890000000000000.0000,1882948000000000000.0000,-204978600000000000.0000,nan,9.8021,-85.5961,19.0000,nan
134,9-9-2012T23:25:53.59,10.0598,-85.2308,35.9000,2.8000,earthquake,52593780000000000000.0000,-11453530000000000000.0000,-41140250000000000000.0000,176066700000000016384.0000,-52038050000000000000.0000,61711870000000000000.0000,nan,10.0598,-85.2308,35.9000,nan
135,9-9-2012T23:36:29.27,9.7009,-85.2147,19.4700,2.2000,earthquake,19750880000000000000.0000,-22724220000000000000.0000,2973347000000000000.0000,10184110000000000000.0000,-8331440000000000000.0000,-405325000000000000.0000,nan,9.7009,-85.2147,19.4700,nan
136,9-9-2012T23:47:37.36,10.0994,-85.6951,22.2000,3.3000,earthquake,873355000000000032768.0000,-542738200000000032768.0000,-330616800000000000000.0000,-80471920000000000000.0000,-513176800000000000000.0000,637015399999999967232.0000,nan,10.0994,-85.6951,22.2000,nan
137,9-10-2012T0:19:10.01,9.7000,-85.2159,19.8700,3.3000,earthquake,576816899999999983616.0000,-660039700000000049152.0000,83222820000000000000.0000,304597900000000016384.0000,-752187000000000032768.0000,461207299999999983616.0000,nan,9.7000,-85.2159,19.8700,nan
138,9-10-2012T0:29:11.74,9.9237,-85.5633,22.7000,1.1000,earthquake,443131000000000000.0000,-79145940000000000.0000,-363985100000000000.0000,146315500000000000.0000,-313774500000000000.0000,169729000000000000.0000,nan,9.9237,-85.5633,22.7000,nan
139,9-10-2012T2:0:32.03,9.9596,-85.7625,19.3100,1.8000,earthquake,587645500000000000.0000,-2736074000000000000.0000,2148429000000000000.0000,2835682000000000000.0000,-4820943000000000000.0000,1518073000000000000.0000,nan,9.9596,-85.7625,19.3100,nan
140,9-10-2012T2:25:53.56,9.9233,-85.5660,22.7100,2.4000,earthquake,27926540000000000000.0000,-6836475000000000000.0000,-21090070000000000000.0000,35430590000000000000.0000,-15339970000000000000.0000,19635060000000000000.0000,nan,9.9233,-85.5660,22.7100,nan
141,9-10-2012T2:28:39.69,9.7012,-85.2164,19.6100,2.5000,earthquake,38120730000000000000.0000,-43036230000000000000.0000,4915497000000000000.0000,18832820000000000000.0000,-46377530000000000000.0000,29010120000000000000.0000,nan,9.7012,-85.2164,19.6100,nan
142,9-10-2012T2:34:34.21,9.9153,-85.5569,22.3900,2.2000,earthquake,14788980000000000000.0000,-16718000000000000000.0000,1929022000000000000.0000,18226270000000000000.0000,-5641655000000000000.0000,-3996096000000000000.0000,nan,9.9153,-85.5569,22.3900,nan
143,9-10-2012T3:38:41.74,9.6442,-85.2017,17.9000,2.0000,earthquake,8072504000000000000.0000,-7812729000000000000.0000,-259774900000000000.0000,9599130000000000000.0000,706898900000000000.0000,-1646372000000000000.0000,nan,9.6442,-85.2017,17.9000,nan
144,9-10-2012T4:7:34.27,9.8601,-85.6239,19.4100,2.0000,earthquake,6667224000000000000.0000,-6654498000000000000.0000,-12726180000000000.0000,10549100000000000000.0000,-1604873000000000000.0000,512890100000000000.0000,nan,9.8601,-85.6239,19.4100,nan
145,9-10-2012T4:11:47.1,9.9244,-85.5656,22.6300,1.2000,earthquake,298474700000000000.0000,-282879600000000000.0000,-15595160000000000.0000,729394400000000000.0000,-37209880000000000.0000,113494500000000000.0000,nan,9.9244,-85.5656,22.6300,nan
146,9-10-2012T4:49:35.7,9.9234,-85.5607,22.7500,1.0000,earthquake,384165600000000000.0000,-211395800000000000.0000,-172769800000000000.0000,46586840000000000.0000,-87524120000000000.0000,193902300000000000.0000,nan,9.9234,-85.5607,22.7500,nan
147,9-10-2012T5:23:2.8,9.7811,-85.4929,18.6000,2.9000,earthquake,137307400000000000000.0000,-39316790000000000000.0000,-97990600000000000000.0000,159296600000000000000.0000,-186908600000000000000.0000,64202290000000000000.0000,nan,9.7811,-85.4929,18.6000,nan
148,9-10-2012T5:33:45.15,9.6988,-85.2102,19.5100,2.6000,earthquake,58211940000000000000.0000,-34479550000000000000.0000,-23732390000000000000.0000,49134180000000000000.0000,-63912860000000000000.0000,30506240000000000000.0000,nan,9.6988,-85.2102,19.5100,nan
149,9-10-2012T7:26:42.37,9.6409,-85.1983,18.1800,2.3000,earthquake,27687570000000000000.0000,-20719080000000000000.0000,-6968494000000000000.0000,20867660000000000000.0000,-6096381000000000000.0000,12809340000000000000.0000,nan,9.6409,-85.1983,18.1800,nan
150,9-10-2012T9:6:10.94,9.6410,-85.1985,18.1700,1.8000,earthquake,4474718000000000000.0000,-5283820000000000000.0000,809102400000000000.0000,-723401400000000000.0000,-2786844000000000000.0000,2687499000000000000.0000,nan,9.6410,-85.1985,18.1700,nan
151,9-10-2012T9:47:2.04,10.1865,-85.5350,28.4600,2.4000,earthquake,23287440000000000000.0000,3604827000000000000.0000,-26892270000000000000.0000,-12740930000000000000.0000,-41141880000000000000.0000,4201675000000000000.0000,nan,10.1865,-85.5350,28.4600,nan
152,9-10-2012T10:12:6.64,9.7005,-85.2157,19.6800,2.6000,earthquake,57885550000000000000.0000,-39079270000000000000.0000,-18806280000000000000.0000,45969420000000000000.0000,-65294200000000000000.0000,31743950000000000000.0000,nan,9.7005,-85.2157,19.6800,nan
153,9-10-2012T11:8:43.57,10.1810,-85.7940,22.4000,2.0000,earthquake,7505710000000000000.0000,-5647024000000000000.0000,-1858686000000000000.0000,1813308000000000000.0000,-8390168000000000000.0000,6242329000000000000.0000,nan,10.1810,-85.7940,22.4000,nan
154,9-10-2012T12:15:18.46,9.9855,-85.6492,21.1300,2.0000,earthquake,7008065000000000000.0000,-9610101000000000000.0000,2602036000000000000.0000,7434932000000000000.0000,-4371582000000000000.0000,-3159363000000000000.0000,nan,9.9855,-85.6492,21.1300,nan
155,9-10-2012T16:43:21.21,9.9586,-85.7652,19.5700,2.8000,earthquake,70979440000000000000.0000,-128205700000000000000.0000,57226300000000000000.0000,138890800000000000000.0000,-80804280000000000000.0000,-40198300000000000000.0000,nan,9.9586,-85.7652,19.5700,nan
156,9-10-2012T17:16:14.22,9.9953,-85.6553,21.0800,1.6000,earthquake,2061744000000000000.0000,-1056757000000000000.0000,-1004988000000000000.0000,2141454000000000000.0000,-849907700000000000.0000,1225997000000000000.0000,nan,9.9953,-85.6553,21.0800,nan
157,9-10-2012T18:9:51.4,9.9165,-85.5618,22.1400,1.5000,earthquake,1427216000000000000.0000,702998400000000000.0000,-2130215000000000000.0000,1080142000000000000.0000,-547781600000000000.0000,103036600000000000.0000,nan,9.9165,-85.5618,22.1400,nan
158,9-10-2012T21:45:15.25,9.6386,-85.1952,18.5400,1.9000,earthquake,6136407000000000000.0000,-1779171000000000000.0000,-4357236000000000000.0000,5088469000000000000.0000,-3627460000000000000.0000,3237068000000000000.0000,nan,9.6386,-85.1952,18.5400,nan
159,9-10-2012T22:0:20.27,9.8820,-85.3659,24.0300,2.2000,earthquake,10117330000000000000.0000,-6136603000000000000.0000,-3980730000000000000.0000,18951290000000000000.0000,-12996820000000000000.0000,4995643000000000000.0000,nan,9.8820,-85.3659,24.0300,nan
160,9-11-2012T2:14:50.76,10.2970,-85.9824,15.0000,4.2000,earthquake,15849450000000000983040.0000,-3420865000000000098304.0000,-12428579999999999344640.0000,14515420000000000655360.0000,-12197139999999999868928.0000,7924723000000000294912.0000,nan,10.2970,-85.9824,15.0000,nan
161,9-11-2012T3:11:21.84,9.6406,-85.1994,18.2500,1.5000,earthquake,2156532000000000000.0000,-1527507000000000000.0000,-629025100000000000.0000,185443900000000000.0000,-485365900000000000.0000,1025726000000000000.0000,nan,9.6406,-85.1994,18.2500,nan
162,9-11-2012T4:6:19.85,9.8785,-85.3750,24.8200,1.1000,earthquake,233101000000000000.0000,-437874400000000000.0000,204773400000000000.0000,308957800000000000.0000,-272355100000000000.0000,-50935490000000000.0000,nan,9.8785,-85.3750,24.8200,nan
163,9-11-2012T4:22:50.94,9.5285,-84.8973,11.7000,3.0000,earthquake,66452580000000000000.0000,-50915430000000000000.0000,-15537150000000000000.0000,376620400000000000000.0000,16748630000000000000.0000,-112876000000000000000.0000,nan,9.5285,-84.8973,11.7000,nan
164,9-11-2012T4:46:3.74,9.8423,-85.4002,24.5000,3.3000,earthquake,761734499999999983616.0000,-511675100000000016384.0000,-250059400000000000000.0000,764617200000000065536.0000,-244113500000000016384.0000,402994099999999983616.0000,nan,9.8423,-85.4002,24.5000,nan
165,9-11-2012T8:21:1.92,9.7835,-85.5559,18.7800,3.0000,earthquake,160348899999999983616.0000,-46985190000000000000.0000,-113363700000000000000.0000,290893900000000016384.0000,-212652700000000016384.0000,90903910000000008192.0000,nan,9.7835,-85.5559,18.7800,nan
166,9-11-2012T8:22:21.81,9.8800,-85.3707,23.7500,3.2000,earthquake,420352999999999967232.0000,-390078899999999983616.0000,-30274080000000000000.0000,662532299999999950848.0000,117110000000000000000.0000,-115785200000000000000.0000,nan,9.8800,-85.3707,23.7500,nan
167,9-11-2012T8:25:12.66,9.8808,-85.3678,23.7600,1.5000,earthquake,155309800000000000.0000,-243718700000000000.0000,88408870000000000.0000,2170801000000000000.0000,-469767200000000000.0000,-182063500000000000.0000,nan,9.8808,-85.3678,23.7600,nan
168,9-11-2012T9:0:27.98,9.9204,-85.5662,22.3700,1.4000,earthquake,1272648000000000000.0000,-554460300000000000.0000,-718187900000000000.0000,755358000000000000.0000,-540434700000000000.0000,654082800000000000.0000,nan,9.9204,-85.5662,22.3700,nan
169,9-11-2012T9:5:8.64,9.9849,-85.6373,20.9000,0.8000,earthquake,158341600000000000.0000,-140546000000000000.0000,-17795680000000000.0000,71426770000000000.0000,-87220900000000000.0000,67308890000000000.0000,nan,9.9849,-85.6373,20.9000,nan
170,9-11-2012T9:38:44.48,9.6687,-85.1096,16.2100,2.7000,earthquake,104598700000000000000.0000,-97419200000000000000.0000,-7179512000000000000.0000,57613610000000000000.0000,36658040000000000000.0000,71049380000000000000.0000,nan,9.6687,-85.1096,16.2100,nan
171,9-11-2012T12:44:17.7,9.8777,-85.3754,23.7400,2.6000,earthquake,60435000000000000000.0000,-38038120000000000000.0000,-22396880000000000000.0000,40441390000000000000.0000,-66231520000000000000.0000,34313630000000000000.0000,nan,9.8777,-85.3754,23.7400,nan
172,9-11-2012T13:38:24.55,9.8804,-85.3755,23.8700,1.9000,earthquake,2360807000000000000.0000,-7311991000000000000.0000,4951184000000000000.0000,4245595000000000000.0000,-4190934000000000000.0000,-1437846000000000000.0000,nan,9.8804,-85.3755,23.8700,nan
173,9-11-2012T14:16:19.14,9.6906,-85.2874,19.7100,1.8000,earthquake,5481968000000000000.0000,-3435485000000000000.0000,-2046483000000000000.0000,2730086000000000000.0000,-173035600000000000.0000,3050589000000000000.0000,nan,9.6906,-85.2874,19.7100,nan
174,9-11-2012T14:50:16.03,9.8613,-85.6251,19.4100,2.3000,earthquake,7187914000000000000.0000,-11167270000000000000.0000,3979361000000000000.0000,31903570000000000000.0000,-11243330000000000000.0000,-4309373000000000000.0000,nan,9.8613,-85.6251,19.4100,nan
175,9-11-2012T15:14:55.74,9.7007,-85.2186,19.1200,2.0000,earthquake,6638089000000000000.0000,-8983404000000000000.0000,2345316000000000000.0000,1953319000000000000.0000,-7632242000000000000.0000,5593712000000000000.0000,nan,9.7007,-85.2186,19.1200,nan
176,9-11-2012T19:30:19.15,9.8822,-85.3668,24.0100,1.8000,earthquake,3692582000000000000.0000,-5242604000000000000.0000,1550022000000000000.0000,3003481000000000000.0000,-2999874000000000000.0000,171050800000000000.0000,nan,9.8822,-85.3668,24.0100,nan
177,9-11-2012T23:24:19.15,9.9210,-85.5623,22.5100,2.1000,earthquake,13936270000000000000.0000,-7781445000000000000.0000,-6154823000000000000.0000,9386474000000000000.0000,-5577734000000000000.0000,7119312000000000000.0000,nan,9.9210,-85.5623,22.5100,nan
178,9-12-2012T2:11:46.52,9.9001,-85.6872,21.0000,4.5000,earthquake,53103539999999998820352.0000,-31702800000000001572864.0000,-21400750000000001376256.0000,40373090000000000196608.0000,-1882028000000000131072.0000,35168470000000001114112.0000,nan,9.9001,-85.6872,21.0000,nan
179,9-12-2012T3:55:57.92,9.9843,-85.6578,20.7400,1.9000,earthquake,251638300000000000.0000,478553100000000000.0000,-730191400000000000.0000,7194803000000000000.0000,411459500000000000.0000,-5204380000000000000.0000,nan,9.9843,-85.6578,20.7400,nan
180,9-12-2012T6:29:2.93,9.4400,-85.3300,5.0000,4.8000,earthquake,-195383300000000015073280.0000,-3350845000000000229376.0000,198734099999999999868928.0000,27056600000000000262144.0000,11347569999999999672320.0000,-10456679999999999737856.0000,nan,9.4400,-85.3300,5.0000,nan
181,9-12-2012T6:39:2.58,9.9262,-85.5611,22.2200,2.2000,earthquake,19568610000000000000.0000,-15169810000000000000.0000,-4398798000000000000.0000,5172057000000000000.0000,-12795940000000000000.0000,11147620000000000000.0000,nan,9.9262,-85.5611,22.2200,nan
182,9-12-2012T6:51:3.66,9.9169,-85.5623,22.4900,2.0000,earthquake,7552068000000000000.0000,-6909514000000000000.0000,-642554800000000000.0000,9892193000000000000.0000,-1658316000000000000.0000,2299961000000000000.0000,nan,9.9169,-85.5623,22.4900,nan
183,9-12-2012T7:51:43.76,9.9244,-85.5655,22.6500,1.4000,earthquake,1466686000000000000.0000,-262860100000000000.0000,-1203826000000000000.0000,-151861600000000000.0000,-465026800000000000.0000,661697300000000000.0000,nan,9.9244,-85.5655,22.6500,nan
184,9-12-2012T9:1:46.29,9.9200,-85.5666,22.3700,2.0000,earthquake,8335331000000000000.0000,-11666770000000000000.0000,3331442000000000000.0000,2240545000000000000.0000,-6264283000000000000.0000,2425515000000000000.0000,nan,9.9200,-85.5666,22.3700,nan
185,9-12-2012T9:48:13,9.6389,-85.1950,17.5600,1.9000,earthquake,6052555000000000000.0000,-3267748000000000000.0000,-2784806000000000000.0000,1893689000000000000.0000,-5783911000000000000.0000,3854836000000000000.0000,nan,9.6389,-85.1950,17.5600,nan
186,9-12-2012T12:22:1.54,10.0602,-85.2248,35.9000,2.4000,earthquake,16632430000000000000.0000,-1229654000000000000.0000,-15402780000000000000.0000,39869170000000000000.0000,-22430320000000000000.0000,12708990000000000000.0000,nan,10.0602,-85.2248,35.9000,nan
187,9-12-2012T18:43:16.74,9.8618,-85.6242,20.1800,4.5000,earthquake,7389907000000000294912.0000,-7128218000000000458752.0000,-261689200000000000000.0000,47809670000000001638400.0000,-51553919999999995805696.0000,3944052999999999967232.0000,nan,9.8618,-85.6242,20.1800,nan
188,9-12-2012T18:43:42.7,9.7822,-85.6210,14.0000,4.5000,earthquake,58498460000000000655360.0000,-34057859999999998296064.0000,-24440599999999998164992.0000,35899840000000002097152.0000,-10344000000000000000000.0000,32037480000000001835008.0000,nan,9.7822,-85.6210,14.0000,nan
189,9-12-2012T21:33:45.28,9.9863,-85.6547,20.8700,2.2000,earthquake,17545380000000000000.0000,-17451310000000000000.0000,-94069510000000000.0000,-2364707000000000000.0000,-11739250000000000000.0000,13466880000000000000.0000,nan,9.9863,-85.6547,20.8700,nan
190,9-13-2012T0:39:17.48,10.1022,-85.6925,22.3500,1.4000,earthquake,1360555000000000000.0000,-912780000000000000.0000,-447774600000000000.0000,261330500000000000.0000,-675108300000000000.0000,738534000000000000.0000,nan,10.1022,-85.6925,22.3500,nan
191,9-13-2012T1:9:35.62,9.9865,-85.6590,20.6900,1.8000,earthquake,2882181000000000000.0000,-3393730000000000000.0000,511548900000000000.0000,3871726000000000000.0000,-1500761000000000000.0000,-3539088000000000000.0000,nan,9.9865,-85.6590,20.6900,nan
192,9-13-2012T8:4:40.35,9.8813,-85.3737,24.0800,1.6000,earthquake,2169658000000000000.0000,-2048673000000000000.0000,-120984700000000000.0000,1875207000000000000.0000,-1251323000000000000.0000,676930100000000000.0000,nan,9.8813,-85.3737,24.0800,nan
193,9-13-2012T11:31:55.84,9.9905,-85.6584,20.8900,2.1000,earthquake,14068920000000000000.0000,-16141500000000000000.0000,2072583000000000000.0000,2088212000000000000.0000,-7637175000000000000.0000,4706543000000000000.0000,nan,9.9905,-85.6584,20.8900,nan
194,9-13-2012T11:45:1.92,9.6922,-85.2156,19.4700,1.8000,earthquake,4728664000000000000.0000,-5021629000000000000.0000,292965100000000000.0000,2726537000000000000.0000,-2635415000000000000.0000,1264862000000000000.0000,nan,9.6922,-85.2156,19.4700,nan
195,9-13-2012T12:25:48.63,9.8801,-85.3711,23.7400,3.2000,earthquake,397996999999999967232.0000,-478367500000000016384.0000,80370540000000000000.0000,442096199999999967232.0000,-464014800000000000000.0000,152808099999999983616.0000,nan,9.8801,-85.3711,23.7400,nan
196,9-13-2012T12:44:43.41,9.6942,-85.2085,19.5100,1.8000,earthquake,1405081000000000000.0000,-3234508000000000000.0000,1829427000000000000.0000,4504007000000000000.0000,-3400400000000000000.0000,-265267200000000000.0000,nan,9.6942,-85.2085,19.5100,nan
197,9-13-2012T13:9:58.19,9.9938,-85.6548,21.0800,2.3000,earthquake,23010340000000000000.0000,-12700810000000000000.0000,-10309530000000000000.0000,14352460000000000000.0000,-22377840000000000000.0000,12394680000000000000.0000,nan,9.9938,-85.6548,21.0800,nan
198,9-13-2012T13:59:40.42,9.8817,-85.3663,24.2500,1.8000,earthquake,1717742000000000000.0000,-572946300000000000.0000,-1144796000000000000.0000,5399920000000000000.0000,-2597224000000000000.0000,1269360000000000000.0000,nan,9.8817,-85.3663,24.2500,nan
199,9-13-2012T14:7:38.47,9.9922,-85.6530,21.1100,2.1000,earthquake,7621415000000000000.0000,-13316550000000000000.0000,5695137000000000000.0000,8942865000000000000.0000,-9995109000000000000.0000,1557294000000000000.0000,nan,9.9922,-85.6530,21.1100,nan
200,9-13-2012T16:12:47.76,9.6937,-85.2119,19.1700,3.1000,earthquake,283600200000000000000.0000,-395873500000000016384.0000,112273400000000000000.0000,134588600000000000000.0000,-353095000000000032768.0000,220368899999999983616.0000,nan,9.6937,-85.2119,19.1700,nan
201,9-13-2012T17:50:38.74,9.9928,-85.6544,21.0700,2.3000,earthquake,27921360000000000000.0000,-16599480000000000000.0000,-11321880000000000000.0000,15398990000000000000.0000,-15472840000000000000.0000,13810250000000000000.0000,nan,9.9928,-85.6544,21.0700,nan
202,9-13-2012T19:49:46.31,10.1013,-85.6932,22.3500,2.9000,earthquake,168685600000000000000.0000,-103712700000000000000.0000,-64972910000000000000.0000,13543520000000000000.0000,-184986400000000000000.0000,152686300000000016384.0000,nan,10.1013,-85.6932,22.3500,nan
203,9-13-2012T21:59:11.23,10.1001,-85.6943,22.2400,1.9000,earthquake,4264269000000000000.0000,-3511138000000000000.0000,-753130800000000000.0000,4454196000000000000.0000,-6170453000000000000.0000,2445163000000000000.0000,nan,10.1001,-85.6943,22.2400,nan
204,9-13-2012T22:3:14.53,9.9851,-85.6582,20.8500,2.2000,earthquake,8460639000000000000.0000,-10232080000000000000.0000,1771438000000000000.0000,21584490000000000000.0000,-8662148000000000000.0000,-571407400000000000.0000,nan,9.9851,-85.6582,20.8500,nan
205,9-14-2012T1:25:37.81,9.6626,-85.1138,15.5800,1.7000,earthquake,3976071000000000000.0000,-1303426000000000000.0000,-2672644000000000000.0000,590994000000000000.0000,-1869415000000000000.0000,1945017000000000000.0000,nan,9.6626,-85.1138,15.5800,nan
206,9-14-2012T2:14:59.37,9.9229,-85.5614,22.4200,1.0000,earthquake,187970900000000000.0000,-283465000000000000.0000,95494130000000000.0000,202426800000000000.0000,-228025600000000000.0000,55810010000000000.0000,nan,9.9229,-85.5614,22.4200,nan
207,9-14-2012T3:9:18.77,9.7455,-85.5406,17.2000,3.7000,earthquake,1106619000000000032768.0000,-324471500000000016384.0000,-782147900000000016384.0000,3193310999999999901696.0000,-2908008999999999836160.0000,572757699999999983616.0000,nan,9.7455,-85.5406,17.2000,nan
208,9-14-2012T3:9:15.13,9.7129,-85.0998,13.8000,3.0000,earthquake,258180200000000000000.0000,10363920000000000000.0000,-268544200000000000000.0000,-68748470000000000000.0000,-290257800000000000000.0000,8553614000000000000.0000,nan,9.7129,-85.0998,13.8000,nan
209,9-14-2012T6:19:46.56,10.1194,-85.9596,25.4300,4.0000,earthquake,6983692999999999705088.0000,-9194471000000000163840.0000,2210779000000000032768.0000,2920499999999999868928.0000,-7615360000000000000000.0000,4781986000000000196608.0000,nan,10.1194,-85.9596,25.4300,nan
210,9-14-2012T9:37:19.63,9.9568,-85.6658,21.2000,3.9000,earthquake,3385063999999999737856.0000,-1544492999999999967232.0000,-1840571000000000032768.0000,6489732000000000393216.0000,-142578000000000000000.0000,-5355367000000000163840.0000,nan,9.9568,-85.6658,21.2000,nan
211,9-14-2012T7:6:0.38,10.1190,-85.9795,24.8000,4.1000,earthquake,9864728000000000262144.0000,-12987539999999999868928.0000,3122808000000000262144.0000,4125315999999999868928.0000,-10756980000000000917504.0000,6754734999999999901696.0000,nan,10.1190,-85.9795,24.8000,nan
212,9-14-2012T7:6:28.84,9.9130,-85.7542,17.2000,3.4000,earthquake,54630990000000000000.0000,6151419000000000000.0000,-60782410000000000000.0000,1553292999999999967232.0000,186360899999999983616.0000,-247138899999999983616.0000,nan,9.9130,-85.7542,17.2000,nan
213,9-14-2012T14:58:59.39,9.6971,-85.2135,19.9800,4.4000,earthquake,32715769999999998361600.0000,-35736539999999998558208.0000,3020770999999999770624.0000,22742980000000000393216.0000,-25917579999999999082496.0000,12027019999999999082496.0000,nan,9.6971,-85.2135,19.9800,nan
214,9-14-2012T19:0:19.28,9.9621,-85.7612,19.3000,3.4000,earthquake,54630990000000000000.0000,6151419000000000000.0000,-60782410000000000000.0000,1553292999999999967232.0000,186360899999999983616.0000,-247138899999999983616.0000,nan,9.9621,-85.7612,19.3000,nan
215,9-14-2012T19:59:7.78,9.7843,-85.5555,18.7400,3.7000,earthquake,1106619000000000032768.0000,-324471500000000016384.0000,-782147900000000016384.0000,3193310999999999901696.0000,-2908008999999999836160.0000,572757699999999983616.0000,nan,9.7843,-85.5555,18.7400,nan
216,9-14-2012T20:28:32.76,9.6639,-85.1078,17.1000,4.1000,earthquake,4287037999999999803392.0000,-10608860000000000655360.0000,6321818000000000458752.0000,12347740000000000655360.0000,-8514439000000000163840.0000,-2412342000000000065536.0000,nan,9.6639,-85.1078,17.1000,nan
217,9-14-2012T20:28:23.68,9.5685,-85.1482,24.0100,4.1000,earthquake,8300834000000000196608.0000,818293500000000016384.0000,-9119128000000000262144.0000,12345069999999999279104.0000,-7551908999999999967232.0000,5516315000000000032768.0000,nan,9.5685,-85.1482,24.0100,nan
218,9-14-2012T21:30:15.07,9.6710,-85.1106,15.7500,3.0000,earthquake,258180200000000000000.0000,10363920000000000000.0000,-268544200000000000000.0000,-68748470000000000000.0000,-290257800000000000000.0000,8553614000000000000.0000,nan,9.6710,-85.1106,15.7500,nan
219,9-14-2012T21:44:48.96,9.9568,-85.6658,21.2000,3.9000,earthquake,3385063999999999737856.0000,-1544492999999999967232.0000,-1840571000000000032768.0000,6489732000000000393216.0000,-142578000000000000000.0000,-5355367000000000163840.0000,nan,9.9568,-85.6658,21.2000,nan
220,9-14-2012T23:13:0.04,9.8622,-85.6257,20.2000,4.4000,earthquake,1748052999999999967232.0000,-2822950000000000065536.0000,1074896999999999967232.0000,41482630000000001638400.0000,-28017210000000000458752.0000,155251699999999983616.0000,nan,9.8622,-85.6257,20.2000,nan
221,9-14-2012T29:54:59.53,9.8687,-85.6336,20.2200,4.4000,earthquake,1748052999999999967232.0000,-2822950000000000065536.0000,1074896999999999967232.0000,41482630000000001638400.0000,-28017210000000000458752.0000,155251699999999983616.0000,nan,9.8687,-85.6336,20.2200,nan
222,9-16-2012T5:51:37.08,10.0540,-85.6395,22.8000,5.1000,earthquake,201932599999999984533504.0000,-331057300000000020840448.0000,129124700000000002752512.0000,151044200000000006029312.0000,-392256799999999977979904.0000,236693000000000013369344.0000,nan,10.0540,-85.6395,22.8000,nan
223,9-18-2012T0:54:14.26,9.8611,-85.6277,19.4100,3.5000,earthquake,1397718999999999901696.0000,-1664564999999999967232.0000,266845400000000000000.0000,653885799999999967232.0000,-888530100000000049152.0000,-1181955999999999868928.0000,nan,9.8611,-85.6277,19.4100,nan
224,9-18-2012T17:4:45.94,9.8713,-85.6327,19.1000,3.5000,earthquake,1397718999999999901696.0000,-1664564999999999967232.0000,266845400000000000000.0000,653885799999999967232.0000,-888530100000000049152.0000,-1181955999999999868928.0000,nan,9.8713,-85.6327,19.1000,nan
225,9-19-2012T2:34:16.17,9.7851,-85.5589,18.7500,3.2000,earthquake,144278300000000000000.0000,-22477510000000000000.0000,-121800800000000000000.0000,677651399999999967232.0000,-375264899999999983616.0000,113330500000000000000.0000,nan,9.7851,-85.5589,18.7500,nan
226,9-19-2012T5:1:39.43,9.7969,-85.5732,20.6000,3.2000,earthquake,144278300000000000000.0000,-22477510000000000000.0000,-121800800000000000000.0000,677651399999999967232.0000,-375264899999999983616.0000,113330500000000000000.0000,nan,9.7969,-85.5732,20.6000,nan
227,9-19-2012T17:42:41.03,9.8169,-85.1765,22.5000,4.0000,earthquake,3044644999999999967232.0000,2399032999999999836160.0000,-5443677999999999803392.0000,8433358000000000327680.0000,1114806000000000065536.0000,-7987212999999999705088.0000,nan,9.8169,-85.1765,22.5000,nan
228,9-20-2012T9:3:43.99,9.8813,-85.3746,23.8700,3.0000,earthquake,294230600000000000000.0000,-345619600000000000000.0000,51389060000000000000.0000,148375000000000000000.0000,-170549000000000000000.0000,55267560000000000000.0000,nan,9.8813,-85.3746,23.8700,nan
229,9-21-2012T4:8:6.82,9.8754,-85.4919,19.8400,3.1000,earthquake,61360.9000,95636169999999991808.0000,-95636169999999991808.0000,491844099999999983616.0000,95604809999999991808.0000,-236707800000000000000.0000,nan,9.8754,-85.4919,19.8400,nan
230,9-21-2012T6:36:5.69,10.1052,-85.6931,22.4700,4.3000,earthquake,23131819999999998033920.0000,-11553500000000000655360.0000,-11578319999999999475712.0000,22994890000000002031616.0000,-2134398999999999901696.0000,18008160000000001048576.0000,nan,10.1052,-85.6931,22.4700,nan
231,9-21-2012T6:36:27.34,10.1240,-85.6994,22.6200,4.1000,earthquake,3086068999999999967232.0000,-2775134999999999901696.0000,-310934099999999983616.0000,14813849999999999410176.0000,-9320499000000000294912.0000,1115848000000000000000.0000,nan,10.1240,-85.6994,22.6200,nan
232,9-21-2012T15:24:37.26,9.8683,-85.5050,20.0400,3.0000,earthquake,43440.1900,67705220000000000000.0000,-67705220000000000000.0000,348199000000000032768.0000,67683020000000000000.0000,-167576300000000016384.0000,nan,9.8683,-85.5050,20.0400,nan
233,9-23-2012T3:43:37.25,9.7481,-85.6189,11.0000,3.9000,earthquake,7178793000000000360448.0000,-3377982999999999901696.0000,-3800808999999999836160.0000,-3433904000000000000000.0000,-1402648000000000000000.0000,5194006999999999639552.0000,nan,9.7481,-85.6189,11.0000,nan
234,9-23-2012T4:35:0.32,9.8812,-85.3749,23.8500,3.3000,earthquake,642198599999999967232.0000,-306371600000000000000.0000,-335827000000000032768.0000,754251000000000032768.0000,-13922860000000000000.0000,616689400000000032768.0000,nan,9.8812,-85.3749,23.8500,nan
235,9-23-2012T18:0:37.76,9.9030,-85.3889,22.5000,3.3000,earthquake,642198599999999967232.0000,-306371600000000000000.0000,-335827000000000032768.0000,754251000000000032768.0000,-13922860000000000000.0000,616689400000000032768.0000,nan,9.9030,-85.3889,22.5000,nan
236,9-26-2012T11:37:18.08,9.7814,-85.5444,21.5000,4.4000,earthquake,23514979999999999344640.0000,-16153130000000000983040.0000,-7361855000000000425984.0000,36166069999999997968384.0000,-25510160000000001572864.0000,10913109999999999016960.0000,nan,9.7814,-85.5444,21.5000,nan
237,9-28-2012T9:3:46.66,9.9834,-85.6576,20.8800,3.7000,earthquake,1914993999999999934464.0000,-2002491000000000032768.0000,87497160000000000000.0000,3051533999999999803392.0000,-777071900000000016384.0000,-2488877999999999803392.0000,nan,9.9834,-85.6576,20.8800,nan
238,9-28-2012T17:17:30.98,9.9498,-85.6247,20.5000,3.7000,earthquake,1914993999999999934464.0000,-2002491000000000032768.0000,87497160000000000000.0000,3051533999999999803392.0000,-777071900000000016384.0000,-2488877999999999803392.0000,nan,9.9498,-85.6247,20.5000,nan
239,10-1-2012T21:1:59.62,9.9836,-85.6608,20.7600,3.2000,earthquake,595193699999999983616.0000,-671189600000000000000.0000,75995849999999991808.0000,92232080000000000000.0000,-332785100000000016384.0000,-326253699999999983616.0000,nan,9.9836,-85.6608,20.7600,nan
240,10-2-2012T22:42:48.14,9.9972,-85.5777,22.8400,3.9000,earthquake,5311697999999999672320.0000,551498899999999983616.0000,-5863197000000000229376.0000,3687222000000000065536.0000,-2363420000000000131072.0000,-5366916000000000393216.0000,nan,9.9972,-85.5777,22.8400,nan
241,10-4-2012T7:36:50.36,9.9175,-85.8095,15.2000,3.5000,earthquake,1373049999999999934464.0000,-747968899999999983616.0000,-625080700000000016384.0000,1476033000000000098304.0000,-955980700000000016384.0000,708220600000000032768.0000,nan,9.9175,-85.8095,15.2000,nan
242,10-5-2012T18:32:40.87,10.3230,-85.2568,59.2000,3.8000,earthquake,1734918000000000065536.0000,-372159399999999967232.0000,-1362758000000000065536.0000,4171145999999999934464.0000,-4383190000000000065536.0000,834942400000000000000.0000,nan,10.3230,-85.2568,59.2000,nan
243,10-6-2012T5:20:38.74,9.6527,-85.1027,15.7300,3.0000,earthquake,280116400000000000000.0000,-275043000000000000000.0000,-5073388000000000000.0000,206015000000000000000.0000,85398449999999991808.0000,178001400000000000000.0000,nan,9.6527,-85.1027,15.7300,nan
244,10-7-2012T7:0:7.14,9.5653,-85.1474,25.0000,4.1000,earthquake,15998590000000000851968.0000,-11938780000000000655360.0000,-4059803000000000032768.0000,4375506000000000196608.0000,-5866943000000000425984.0000,7428056999999999836160.0000,nan,9.5653,-85.1474,25.0000,nan
245,10-7-2012T7:10:19.9,9.6162,-85.0616,21.9000,4.3000,earthquake,1093336999999999967232.0000,-16951320000000000262144.0000,15857979999999999606784.0000,24148769999999998099456.0000,-19929370000000001507328.0000,-2928034999999999770624.0000,nan,9.6162,-85.0616,21.9000,nan
246,10-8-2012T9:31:46.32,9.6564,-85.1068,15.9800,3.4000,earthquake,758306100000000049152.0000,-725162699999999950848.0000,-33143480000000000000.0000,976107000000000032768.0000,-307735000000000032768.0000,-955723299999999983616.0000,nan,9.6564,-85.1068,15.9800,nan
247,10-8-2012T18:10:44.89,10.0740,-86.1066,21.4000,3.1000,earthquake,317949100000000016384.0000,-422381699999999983616.0000,104432600000000000000.0000,181614700000000016384.0000,-224251500000000016384.0000,-296231500000000016384.0000,nan,10.0740,-86.1066,21.4000,nan
248,10-10-2012T12:19:1.96,9.9550,-85.6410,17.2100,4.0000,earthquake,6279293999999999803392.0000,-4311441000000000098304.0000,-1967852999999999967232.0000,7930397999999999803392.0000,-7446410999999999508480.0000,3033779999999999868928.0000,nan,9.9550,-85.6410,17.2100,nan
249,10-10-2012T12:19:11.72,9.9713,-85.6684,21.4000,5.3000,earthquake,150833900000000000131072.0000,-330904599999999989776384.0000,180070699999999989645312.0000,987501599999999952814080.0000,-420824700000000014286848.0000,-155998200000000003407872.0000,nan,9.9713,-85.6684,21.4000,nan
250,10-10-2012T12:42:4.15,9.8623,-85.6252,20.1500,4.0000,earthquake,1540800.0000,-401374099999999983616.0000,401374099999999983616.0000,10551809999999999148032.0000,-6852421999999999541248.0000,-178703299999999983616.0000,nan,9.8623,-85.6252,20.1500,nan
251,10-12-2012T19:24:29.7,9.6413,-84.9854,32.5000,4.1000,earthquake,6718714000000000458752.0000,209195299999999983616.0000,-6927909999999999541248.0000,10021930000000000983040.0000,-1672686000000000065536.0000,-12899629999999999279104.0000,nan,9.6413,-84.9854,32.5000,nan
252,10-14-2012T2:56:53.8,9.5189,-84.8103,21.7000,3.2000,earthquake,63819.5500,-508393900000000016384.0000,508393900000000016384.0000,455787299999999983616.0000,-252647000000000000000.0000,-317679800000000032768.0000,nan,9.5189,-84.8103,21.7000,nan
253,10-18-2012T0:28:30.04,9.6713,-85.1146,15.7600,3.0000,earthquake,50615730000000000000.0000,127430800000000000000.0000,-178046600000000000000.0000,286997200000000000000.0000,-217871400000000000000.0000,58338870000000000000.0000,nan,9.6713,-85.1146,15.7600,nan
254,10-21-2012T13:31:49.14,9.9510,-85.6891,13.0000,4.4000,earthquake,47445289999999998885888.0000,-24442979999999999344640.0000,-23002309999999999541248.0000,14085040000000000524288.0000,-3759335999999999737856.0000,24709409999999998099456.0000,nan,9.9510,-85.6891,13.0000,nan
255,10-21-2012T17:21:19.49,9.9846,-85.6677,21.7800,4.5000,earthquake,67472739999999999344640.0000,-35299229999999999803392.0000,-32173509999999999541248.0000,18582330000000000458752.0000,-3681863999999999737856.0000,35158830000000001376256.0000,nan,9.9846,-85.6677,21.7800,nan
256,10-24-2012T0:45:26.84,9.7836,-85.5564,18.7500,5.7000,earthquake,545880500000000032374784.0000,95043489999999998099456.0000,-640924000000000051380224.0000,-649183300000000054919168.0000,-4369268999999999786876928.0000,285956900000000009830400.0000,nan,9.7836,-85.5564,18.7500,nan
257,10-24-2012T1:2:14.87,9.7858,-85.5583,18.5300,3.4000,earthquake,417767200000000000000.0000,-671157300000000049152.0000,253390000000000000000.0000,1337048000000000000000.0000,-582322499999999983616.0000,-201235200000000000000.0000,nan,9.7858,-85.5583,18.5300,nan
258,10-24-2012T1:43:46.04,9.8773,-85.4929,19.9500,3.5000,earthquake,1394804999999999967232.0000,-657341199999999934464.0000,-737463800000000032768.0000,1497848000000000000000.0000,-166285400000000000000.0000,1131352000000000000000.0000,nan,9.8773,-85.4929,19.9500,nan
259,10-24-2012T1:44:1.93,9.7851,-85.5536,18.3800,3.1000,earthquake,424726499999999983616.0000,-288011600000000000000.0000,-136714900000000000000.0000,321847500000000016384.0000,-2727826000000000000.0000,267614200000000000000.0000,nan,9.7851,-85.5536,18.3800,nan
260,10-24-2012T16:35:37.26,9.8711,-85.4915,19.8400,3.2000,earthquake,114352200000000000000.0000,-468973799999999967232.0000,354621699999999983616.0000,542281200000000000000.0000,-357788199999999967232.0000,-171730300000000016384.0000,nan,9.8711,-85.4915,19.8400,nan
261,10-24-2012T22:38:34.03,9.8619,-85.6258,19.4400,3.1000,earthquake,309680000000000000000.0000,-459218700000000016384.0000,149538700000000016384.0000,-19513540000000000000.0000,-303977600000000000000.0000,-242635400000000000000.0000,nan,9.8619,-85.6258,19.4400,nan
262,10-25-2012T4:19:7,9.8697,-85.4955,19.8800,3.0000,earthquake,328887000000000032768.0000,-267722400000000000000.0000,-61164650000000000000.0000,148410300000000016384.0000,76457150000000008192.0000,197044300000000016384.0000,nan,9.8697,-85.4955,19.8800,nan
263,10-25-2012T9:57:39.66,9.8610,-85.6250,19.4000,3.3000,earthquake,333291299999999983616.0000,-514506800000000000000.0000,181215500000000016384.0000,864148500000000049152.0000,-554781400000000032768.0000,-8411911000000000000.0000,nan,9.8610,-85.6250,19.4000,nan
264,10-27-2012T2:36:42.64,9.9216,-85.5667,22.8800,3.9000,earthquake,7276553000000000360448.0000,-7384903999999999737856.0000,108351300000000000000.0000,4443353999999999934464.0000,-2207697999999999934464.0000,1033015000000000032768.0000,nan,9.9216,-85.5667,22.8800,nan
265,10-30-2012T5:10:17.44,9.8737,-85.4939,19.7600,3.7000,earthquake,2434937999999999934464.0000,-4019380999999999967232.0000,1584441999999999934464.0000,898532700000000016384.0000,-2063897000000000098304.0000,-1608785000000000098304.0000,nan,9.8737,-85.4939,19.7600,nan
266,10-31-2012T8:46:12.54,9.8612,-85.6250,19.4200,3.2000,earthquake,297515299999999983616.0000,-264473699999999983616.0000,-33041600000000000000.0000,704973400000000032768.0000,-212766000000000000000.0000,94465960000000000000.0000,nan,9.8612,-85.6250,19.4200,nan
267,11-5-2012T11:33:43.73,9.8632,-85.6251,19.5700,3.3000,earthquake,488194300000000016384.0000,-520966899999999983616.0000,32772640000000000000.0000,948216700000000016384.0000,-322064099999999983616.0000,26040540000000000000.0000,nan,9.8632,-85.6251,19.5700,nan
268,11-5-2012T11:37:15.06,9.8901,-85.6223,20.3000,3.3000,earthquake,469066400000000000000.0000,-1056676000000000000000.0000,587610000000000000000.0000,95950920000000000000.0000,-582588800000000000000.0000,263386000000000000000.0000,nan,9.8901,-85.6223,20.3000,nan
269,11-8-2012T2:48:26.65,9.6397,-85.0881,14.7900,3.1000,earthquake,-380623200000000000000.0000,322828499999999983616.0000,57794650000000000000.0000,395947200000000000000.0000,-28689940000000000000.0000,-180039600000000000000.0000,nan,9.6397,-85.0881,14.7900,nan
270,11-10-2012T0:15:14.2,9.9742,-86.2218,35.9000,3.9000,earthquake,1700587000000000032768.0000,4190428000000000131072.0000,-5891015000000000163840.0000,5694527000000000425984.0000,-2417182999999999901696.0000,3685720999999999836160.0000,nan,9.9742,-86.2218,35.9000,nan
271,11-10-2012T7:9:4.16,9.8609,-85.6253,19.4200,3.2000,earthquake,27115870000000000000.0000,-165719699999999983616.0000,138603800000000000000.0000,664103299999999983616.0000,-402396099999999983616.0000,-65550530000000000000.0000,nan,9.8609,-85.6253,19.4200,nan
272,11-12-2012T8:45:10.26,9.7898,-84.8753,34.7000,3.4000,earthquake,1073419000000000032768.0000,-965548199999999967232.0000,-107870400000000000000.0000,579871900000000016384.0000,-899765400000000032768.0000,563900700000000016384.0000,nan,9.7898,-84.8753,34.7000,nan
273,11-13-2012T8:28:7.49,10.0820,-85.7263,17.1100,4.0000,earthquake,7359241000000000360448.0000,-6532078999999999901696.0000,-827162599999999967232.0000,9992326999999999115264.0000,-1708204000000000131072.0000,2639965000000000229376.0000,nan,10.0820,-85.7263,17.1100,nan
274,11-13-2012T8:28:53.58,10.1190,-85.6806,22.5000,4.3000,earthquake,9190176999999999574016.0000,-6907076999999999967232.0000,-2283100000000000131072.0000,32072419999999999344640.0000,-11957139999999999868928.0000,4315318000000000065536.0000,nan,10.1190,-85.6806,22.5000,nan
275,11-20-2012T6:34:26.74,10.1865,-85.5393,28.0400,3.1000,earthquake,71496610000000000000.0000,-140254700000000000000.0000,68758040000000000000.0000,499965699999999983616.0000,95340700000000000000.0000,205953500000000016384.0000,nan,10.1865,-85.5393,28.0400,nan
276,11-22-2012T13:36:35.04,9.9842,-85.6592,20.8900,3.9000,earthquake,-603237899999999950848.0000,-1459371000000000032768.0000,2062609000000000098304.0000,7433284000000000393216.0000,-4378580999999999967232.0000,-1277939000000000032768.0000,nan,9.9842,-85.6592,20.8900,nan
277,11-22-2012T13:52:19.7,9.9835,-85.6619,21.2400,3.9000,earthquake,3385063999999999737856.0000,-1171281999999999934464.0000,-2213782000000000065536.0000,6490754999999999770624.0000,83997240000000000000.0000,-5331995000000000032768.0000,nan,9.9835,-85.6619,21.2400,nan
278,11-22-2012T13:53:36.74,9.9839,-85.6601,21.0300,4.0000,earthquake,819853500000000016384.0000,-3271080999999999836160.0000,2451227000000000032768.0000,11166109999999999803392.0000,-3578470000000000065536.0000,-3508766999999999901696.0000,nan,9.9839,-85.6601,21.0300,nan
279,11-22-2012T13:54:52.97,9.9840,-85.6586,20.9500,3.4000,earthquake,589286000000000000000.0000,-439189299999999983616.0000,-150096700000000016384.0000,1315203000000000032768.0000,-658415399999999967232.0000,259382200000000000000.0000,nan,9.9840,-85.6586,20.9500,nan
280,11-22-2012T13:57:36.98,9.9703,-85.6687,20.0100,3.9000,earthquake,234746400000000000000.0000,-5320487000000000163840.0000,5085740999999999705088.0000,3475714000000000196608.0000,-5754875000000000032768.0000,2668317999999999803392.0000,nan,9.9703,-85.6687,20.0100,nan
281,11-23-2012T5:20:54.62,10.0410,-86.0380,33.4000,3.8000,earthquake,4952292999999999967232.0000,-81844840000000000000.0000,-4870448000000000524288.0000,2945246999999999901696.0000,-1130574000000000065536.0000,2394045000000000229376.0000,nan,10.0410,-86.0380,33.4000,nan
282,11-23-2012T7:54:43.92,9.9635,-85.6546,20.6100,3.4000,earthquake,381630400000000000000.0000,-131093600000000000000.0000,-250536800000000000000.0000,1384902999999999901696.0000,-628189899999999950848.0000,294126800000000000000.0000,nan,9.9635,-85.6546,20.6100,nan
283,11-26-2012T13:52:0.98,9.7897,-85.5579,18.8100,3.4000,earthquake,-440192400000000000000.0000,487524400000000000000.0000,-47331980000000000000.0000,1350155000000000032768.0000,155900899999999983616.0000,-669192899999999983616.0000,nan,9.7897,-85.5579,18.8100,nan
284,11-26-2012T15:0:8.11,10.1196,-85.9587,25.2700,4.3000,earthquake,4321407.0000,3652465000000000098304.0000,-3652465000000000098304.0000,22682030000000001376256.0000,-27031390000000001900544.0000,-644028099999999983616.0000,nan,10.1196,-85.9587,25.2700,nan
285,12-5-2012T3:15:43.08,10.3820,-86.2353,24.7000,3.5000,earthquake,-943373300000000049152.0000,960311800000000032768.0000,-16938420000000000000.0000,1979244999999999967232.0000,-430394800000000000000.0000,-54795320000000000000.0000,nan,10.3820,-86.2353,24.7000,nan
286,12-6-2012T23:14:11.34,9.7497,-85.4298,24.7000,3.4000,earthquake,1463896000000000000000.0000,-1197096000000000000000.0000,-266799200000000000000.0000,473591299999999983616.0000,-362620300000000016384.0000,576626800000000000000.0000,nan,9.7497,-85.4298,24.7000,nan
287,12-15-2012T7:26:0.09,10.3070,-86.1708,27.5000,3.3000,earthquake,498057400000000032768.0000,143272600000000000000.0000,-641329999999999934464.0000,669802599999999967232.0000,-660756500000000049152.0000,183697000000000000000.0000,nan,10.3070,-86.1708,27.5000,nan
288,12-15-2012T7:32:14.29,10.2950,-86.2446,29.7500,3.3000,earthquake,232712499999999983616.0000,-255968899999999983616.0000,23256380000000000000.0000,1032515000000000032768.0000,-364176099999999983616.0000,10297860000000000000.0000,nan,10.2950,-86.2446,29.7500,nan
289,12-15-2012T21:29:31.14,9.7053,-84.9712,22.1000,3.1000,earthquake,305856099999999983616.0000,-517316899999999983616.0000,211460800000000000000.0000,-121196700000000000000.0000,259944200000000000000.0000,-176147500000000016384.0000,nan,9.7053,-84.9712,22.1000,nan
290,12-16-2012T10:23:50.62,10.2820,-86.2569,39.0000,4.8000,earthquake,191671799999999986630656.0000,-67686810000000001507328.0000,-123985000000000006029312.0000,-38092640000000001048576.0000,-12199169999999999148032.0000,99322360000000003407872.0000,nan,10.2820,-86.2569,39.0000,nan
291,12-17-2012T7:36:23.95,10.4040,-85.9295,19.8000,3.5000,earthquake,77547870000000008192.0000,-311563900000000016384.0000,234016000000000000000.0000,1566891000000000032768.0000,-1573625000000000098304.0000,38773940000000000000.0000,nan,10.4040,-85.9295,19.8000,nan
292,12-20-2012T4:0:12.22,10.0170,-85.2493,13.5000,3.4000,earthquake,182864499999999983616.0000,-1458147999999999868928.0000,1275283000000000032768.0000,-356436199999999967232.0000,-656560899999999983616.0000,-246529100000000016384.0000,nan,10.0170,-85.2493,13.5000,nan
293,12-20-2012T4:10:1.6,10.0020,-85.2456,28.7100,3.4000,earthquake,329066200000000032768.0000,-322911000000000032768.0000,-6155181000000000000.0000,1547494000000000065536.0000,-45364100000000000000.0000,93768809999999991808.0000,nan,10.0020,-85.2456,28.7100,nan
294,12-24-2012T15:40:0.88,9.9630,-85.7509,11.0100,4.4000,earthquake,6595160999999999836160.0000,-15133559999999999213568.0000,8538395000000000032768.0000,44543729999999997575168.0000,-14808610000000000196608.0000,-11650520000000000262144.0000,nan,9.9630,-85.7509,11.0100,nan
295,12-24-2012T16:49:32.48,9.9841,-85.6627,20.8900,4.6000,earthquake,-99012840000000001835008.0000,56686199999999999213568.0000,42326640000000002621440.0000,-1169198000000000065536.0000,10754090000000000983040.0000,49787319999999997116416.0000,nan,9.9841,-85.6627,20.8900,nan
296,12-25-2012T4:42:53.69,10.1007,-85.6967,22.5900,3.2000,earthquake,-767888299999999950848.0000,491544499999999983616.0000,276343800000000000000.0000,59206590000000000000.0000,168250000000000000000.0000,381217400000000032768.0000,nan,10.1007,-85.6967,22.5900,nan
297,12-27-2012T5:31:11.41,9.9839,-85.6618,21.1000,4.3000,earthquake,10427700000000000917504.0000,3634834000000000196608.0000,-14062539999999999082496.0000,25246199999999999213568.0000,-20558580000000000917504.0000,6248800999999999574016.0000,nan,9.9839,-85.6618,21.1000,nan
298,12-29-2012T3:32:39.74,9.7861,-85.5610,18.7100,3.6000,earthquake,633710400000000000000.0000,-314323900000000016384.0000,-319386400000000000000.0000,2943495000000000163840.0000,-434990200000000032768.0000,919468000000000000000.0000,nan,9.7861,-85.5610,18.7100,nan
299,1-13-2013T21:5:17,10.1430,-85.5725,12.0000,4.4000,earthquake,-48450469999999996395520.0000,5175219000000000294912.0000,43275260000000001703936.0000,-9518115999999999344640.0000,-4491840000000000000000.0000,16662099999999999868928.0000,nan,10.1430,-85.5725,12.0000,nan
300,1-19-2013T1:50:36.68,9.8063,-85.7011,17.0000,4.3000,earthquake,31705500000000000655360.0000,-18421139999999999868928.0000,-13284350000000000851968.0000,14233880000000000262144.0000,-3578585999999999934464.0000,16822310000000000589824.0000,nan,9.8063,-85.7011,17.0000,nan
301,1-20-2013T20:38:25.47,9.6893,-85.6142,17.0000,4.5000,earthquake,63260779999999995936768.0000,-50249849999999998361600.0000,-13010929999999999672320.0000,17178230000000000065536.0000,14631880000000000786432.0000,33978820000000000393216.0000,nan,9.6893,-85.6142,17.0000,nan
302,1-20-2013T21:5:31.3,9.8632,-85.4200,22.0000,4.3000,earthquake,16657480000000000786432.0000,-11177339999999999606784.0000,-5480142999999999901696.0000,25662530000000001245184.0000,-17969099999999999082496.0000,7826454999999999639552.0000,nan,9.8632,-85.4200,22.0000,nan
303,1-20-2013T22:1:46.37,9.6996,-85.6593,13.0000,4.1000,earthquake,16063030000000000065536.0000,-9526522000000000458752.0000,-6536507000000000032768.0000,458870200000000032768.0000,5865351000000000163840.0000,9266289999999999672320.0000,nan,9.6996,-85.6593,13.0000,nan
304,2-10-2013T16:51:10.56,10.1390,-84.7282,67.0000,4.7000,earthquake,-8855847000000000163840.0000,22559920000000000524288.0000,-13704069999999999541248.0000,-54027639999999999213568.0000,13311459999999999344640.0000,128330999999999995019264.0000,nan,10.1390,-84.7282,67.0000,nan
305,1-23-2013T3:21:6.98,9.9123,-85.6464,12.0000,4.4000,earthquake,40795390000000000851968.0000,-19955160000000000262144.0000,-20840230000000000589824.0000,4310310000000000065536.0000,21561480000000000786432.0000,27928780000000001179648.0000,nan,9.9123,-85.6464,12.0000,nan
306,3-11-2013T7:56:42.36,9.5956,-84.9387,8.0000,4.4000,earthquake,33485559999999999213568.0000,2904747000000000032768.0000,-36390310000000000589824.0000,19370999999999999213568.0000,13913999999999999475712.0000,26759370000000002031616.0000,nan,9.5956,-84.9387,8.0000,nan
307,4-10-2013T13:40:42.68,9.6560,-84.9470,18.0000,4.3000,earthquake,32742400000000000000000.0000,-17480709999999999541248.0000,-15261680000000000524288.0000,2344611000000000032768.0000,-11653199999999999475712.0000,17673480000000000786432.0000,nan,9.6560,-84.9470,18.0000,nan
308,6-8-2013T23:58:5.59,10.2740,-86.2078,21.0000,4.5000,earthquake,-3388505999999999934464.0000,28227800000000000262144.0000,-24839289999999998361600.0000,-7034063999999999475712.0000,13576260000000000393216.0000,63760790000000003211264.0000,nan,10.2740,-86.2078,21.0000,nan
309,6-23-2013T20:0:58.91,9.9471,-85.6476,24.0000,5.3000,earthquake,1086819000000000005505024.0000,-603595900000000031064064.0000,-483223000000000000262144.0000,211455399999999987154944.0000,45165640000000002883584.0000,568039000000000012845056.0000,nan,9.9471,-85.6476,24.0000,nan
310,8-12-2013T5:19:0.03,10.2940,-86.5927,10.0000,5.1000,earthquake,-552449099999999984402432.0000,362036700000000015335424.0000,190412299999999994888192.0000,-66074219999999995936768.0000,-39518220000000003276800.0000,-272096599999999987679232.0000,nan,10.2940,-86.5927,10.0000,nan
311,9-5-2013T12:29:57.8,10.1590,-86.2575,20.0000,5.8000,earthquake,-367965300000000000917504.0000,1224063000000000023330816.0000,-856097399999999965659136.0000,-2197488000000000104857600.0000,641883200000000006291456.0000,5778099999999999558549504.0000,nan,10.1590,-86.2575,20.0000,nan
312,9-5-2013T22:34:1.36,10.2720,-86.2726,30.0000,4.4000,earthquake,-1060632000000000000000.0000,34573230000000001376256.0000,-33512589999999998230528.0000,-1766563000000000032768.0000,7201277999999999803392.0000,36015880000000000786432.0000,nan,10.2720,-86.2726,30.0000,nan
313,9-5-2013T23:54:8.12,10.3130,-86.2950,22.0000,4.7000,earthquake,-3075302000000000065536.0000,59549870000000001376256.0000,-56474569999999997837312.0000,-19380330000000000983040.0000,14068889999999999410176.0000,126517099999999995936768.0000,nan,10.3130,-86.2950,22.0000,nan
314,9-22-2013T14:45:5.71,10.3320,-86.3350,30.0000,4.3000,earthquake,-707674300000000016384.0000,12582380000000000131072.0000,-11874709999999999016960.0000,-6314249000000000360448.0000,2964324999999999967232.0000,32563100000000000655360.0000,nan,10.3320,-86.3350,30.0000,nan
315,11-10-2013T0:30:52.98,9.8631,-85.4948,18.3000,4.4000,earthquake,46249860000000002490368.0000,-23819960000000001310720.0000,-22429900000000001179648.0000,3024071000000000163840.0000,-16515869999999999803392.0000,25003940000000001441792.0000,nan,9.8631,-85.4948,18.3000,nan
316,12-10-2013T17:28:43.66,10.6150,-85.6279,40.0000,4.7000,earthquake,98966509999999999279104.0000,36835110000000000589824.0000,-135801600000000008388608.0000,65484099999999996198912.0000,26457290000000002031616.0000,-12954889999999999934464.0000,nan,10.6150,-85.6279,40.0000,nan
317,12-21-2013T1:39:56.9,9.2301,-85.5627,43.0000,4.4000,earthquake,17997259999999999082496.0000,-29505509999999998492672.0000,11508249999999999410176.0000,13461829999999999541248.0000,-34959920000000000524288.0000,21095279999999998427136.0000,nan,9.2301,-85.5627,43.0000,nan
318,1-17-2014T21:2:54.8,9.5061,-84.8538,14.0000,5.2000,earthquake,550442600000000006029312.0000,-491485600000000024117248.0000,-58957059999999998296064.0000,507823299999999966838784.0000,-259704499999999990431744.0000,177808700000000016384000.0000,nan,9.5061,-84.8538,14.0000,nan
319,2-12-2014T20:38:47.28,9.5280,-84.8669,19.0000,4.3000,earthquake,33698510000000000327680.0000,-26574919999999998689280.0000,-7123594999999999508480.0000,8936637000000000229376.0000,-6419911000000000163840.0000,13840729999999999410176.0000,nan,9.5280,-84.8669,19.0000,nan
320,2-16-2014T19:21:0.52,9.4256,-84.6798,20.1000,4.8000,earthquake,-116137199999999998427136.0000,121667899999999999606784.0000,-5530645000000000491520.0000,155930600000000010223616.0000,-36208149999999999016960.0000,4956258999999999770624.0000,nan,9.4256,-84.6798,20.1000,nan
321,3-5-2014T15:15:16.33,9.7880,-85.7090,17.0000,4.7000,earthquake,124644700000000002752512.0000,-90355500000000006422528.0000,-34289230000000000327680.0000,58958780000000003801088.0000,-269815200000000000000.0000,63547809999999998099456.0000,nan,9.7880,-85.7090,17.0000,nan
322,3-10-2014T18:0:57.08,10.0230,-85.0395,29.0000,4.8000,earthquake,29717829999999999541248.0000,4302455000000000163840.0000,-34020290000000001245184.0000,-26067590000000001638400.0000,-194630099999999985188864.0000,14858919999999999737856.0000,nan,10.0230,-85.0395,29.0000,nan
323,6-17-2014T7:28:1.4,10.1660,-85.7486,28.0000,4.0000,earthquake,9896301999999999279104.0000,-9147473000000000098304.0000,-748829300000000049152.0000,7642919000000000163840.0000,-1230982000000000065536.0000,2733660000000000131072.0000,nan,10.1660,-85.7486,28.0000,nan
324,6-18-2014T16:13:39.86,10.4480,-86.2695,15.0000,4.0000,earthquake,-1299910999999999901696.0000,8805028999999999967232.0000,-7505119000000000425984.0000,359810700000000016384.0000,4802146000000000196608.0000,8217462999999999639552.0000,nan,10.4480,-86.2695,15.0000,nan
325,6-25-2014T11:45:30.17,9.6049,-84.8684,22.3000,4.4000,earthquake,32215689999999999934464.0000,-23169060000000001441792.0000,-9046631999999999737856.0000,32559250000000000720896.0000,-20345280000000002097152.0000,14477640000000000786432.0000,nan,9.6049,-84.8684,22.3000,nan
326,7-6-2014T11:42:58.71,10.1500,-85.3624,40.0000,5.0000,earthquake,74158419999999997771776.0000,291729199999999987941376.0000,-365887600000000019398656.0000,185068500000000001966080.0000,103075499999999993839616.0000,-37079209999999998885888.0000,nan,10.1500,-85.3624,40.0000,nan
327,7-10-2014T2:59:42.14,10.1420,-85.3415,47.0000,4.4000,earthquake,909713799999999967232.0000,42851789999999996133376.0000,-43761509999999998492672.0000,8749508999999999967232.0000,2243632000000000000000.0000,-23541710000000000327680.0000,nan,10.1420,-85.3415,47.0000,nan
328,9-9-2014T11:47:56.46,9.6778,-85.0836,18.3000,4.5000,earthquake,44814539999999996985344.0000,-33330280000000001835008.0000,-11484259999999999344640.0000,49997969999999996526592.0000,-22046630000000000589824.0000,20011300000000001441792.0000,nan,9.6778,-85.0836,18.3000,nan
329,9-9-2014T16:7:22.28,9.6507,-85.1019,20.0000,4.7000,earthquake,121659199999999997902848.0000,-102318199999999999213568.0000,-19341019999999998558208.0000,57138339999999997247488.0000,-41513439999999996854272.0000,46286530000000001245184.0000,nan,9.6507,-85.1019,20.0000,nan
330,9-12-2014T7:42:55.61,10.2850,-86.3885,27.0000,4.5000,earthquake,-387288600000000032768.0000,19839970000000000196608.0000,-19452680000000000786432.0000,-3134001000000000098304.0000,4176841999999999934464.0000,67812339999999996723200.0000,nan,10.2850,-86.3885,27.0000,nan
331,9-18-2014T13:14:22.52,10.6310,-86.3470,32.0000,5.2000,earthquake,530780899999999969984512.0000,-245187000000000013893632.0000,-285593999999999997378560.0000,441287500000000026345472.0000,-391136800000000003145728.0000,267451299999999988858880.0000,nan,10.6310,-86.3470,32.0000,nan
332,9-25-2014T9:23:10.86,10.3610,-86.3937,17.0000,4.6000,earthquake,46238269999999998754816.0000,1129527000000000032768.0000,-47367799999999999213568.0000,59907369999999998885888.0000,3478998000000000065536.0000,64865419999999999082496.0000,nan,10.3610,-86.3937,17.0000,nan
333,10-14-2014T4:2:28.07,10.3010,-86.1009,50.0000,4.5000,earthquake,-18558570000000000983040.0000,23195250000000001769472.0000,-4636685999999999803392.0000,-37872220000000002752512.0000,14214749999999999803392.0000,54069760000000000000000.0000,nan,10.3010,-86.1009,50.0000,nan
334,11-12-2014T7:27:49.07,10.6940,-85.1699,20.0000,4.6000,earthquake,43171130000000000458752.0000,-7409885000000000229376.0000,-35761250000000000196608.0000,29604029999999998754816.0000,-85115199999999997902848.0000,16740529999999999672320.0000,nan,10.6940,-85.1699,20.0000,nan
335,11-16-2014T10:21:35.07,10.3400,-86.3039,17.0000,5.0000,earthquake,336791599999999979552768.0000,-273628299999999990693888.0000,-63163299999999997247488.0000,175523999999999998951424.0000,-116885100000000004325376.0000,133690699999999992791040.0000,nan,10.3400,-86.3039,17.0000,nan
336,11-21-2014T21:37:26.14,9.5197,-85.6130,23.8000,4.5000,earthquake,70021060000000000393216.0000,-57278340000000002490368.0000,-12742729999999999934464.0000,3897723000000000032768.0000,-7967965999999999803392.0000,27570360000000001310720.0000,nan,9.5197,-85.6130,23.8000,nan
337,12-3-2014T17:4:1.61,10.7100,-85.0037,24.0000,4.5000,earthquake,33190489999999999410176.0000,-25132090000000000458752.0000,-8058405999999999541248.0000,53427790000000000327680.0000,-32479700000000001966080.0000,14259309999999999279104.0000,nan,10.7100,-85.0037,24.0000,nan
338,2-18-2015T13:12:14.07,10.1580,-85.3246,49.0000,4.5000,earthquake,-1538556999999999967232.0000,65174669999999998230528.0000,-63636120000000002359296.0000,10109179999999999606784.0000,11190229999999999016960.0000,-25191769999999999410176.0000,nan,10.1580,-85.3246,49.0000,nan
339,3-11-2015T16:23:50.54,10.4930,-86.4813,47.0000,4.7000,earthquake,761794200000000032768.0000,-4868482999999999770624.0000,4106689000000000098304.0000,-22049309999999999803392.0000,-2729790999999999901696.0000,139421800000000006029312.0000,nan,10.4930,-86.4813,47.0000,nan
340,3-31-2015T17:5:55.7,10.2710,-84.5853,45.0000,4.8000,earthquake,105732800000000002097152.0000,-99544649999999993643008.0000,-6188138999999999508480.0000,164181600000000009437184.0000,-40935080000000003932160.0000,24819269999999999541248.0000,nan,10.2710,-84.5853,45.0000,nan
341,4-28-2015T7:33:40.77,10.2110,-84.6916,50.0000,4.6000,earthquake,-55612960000000003145728.0000,57354889999999999934464.0000,-1741934000000000065536.0000,80666319999999995281408.0000,-17326910000000000851968.0000,-117108400000000000000.0000,nan,10.2110,-84.6916,50.0000,nan
342,9-22-2015T15:5:36.48,9.1341,-85.8233,22.0000,4.8000,earthquake,110487799999999995019264.0000,-81767599999999992135680.0000,-28720229999999998492672.0000,149412700000000002752512.0000,-72201800000000002883584.0000,49135510000000003211264.0000,nan,9.1341,-85.8233,22.0000,nan
343,11-11-2015T12:8:47.16,9.4961,-85.8840,23.5000,5.0000,earthquake,207759599999999998427136.0000,-147499599999999999475712.0000,-60260059999999998558208.0000,302914000000000003670016.0000,-152332799999999983222784.0000,96184330000000004128768.0000,nan,9.4961,-85.8840,23.5000,nan
344,11-28-2015T23:47:24.54,10.3530,-86.8249,10.0000,4.6000,earthquake,99939080000000004980736.0000,-86662180000000001441792.0000,-13276899999999999344640.0000,844025999999999934464.0000,2318942999999999901696.0000,34010220000000000131072.0000,nan,10.3530,-86.8249,10.0000,nan
345,12-10-2015T0:3:20.02,9.8610,-85.7100,12.0000,4.3000,earthquake,34857179999999998558208.0000,-28648599999999998164992.0000,-6208583999999999737856.0000,-6294688000000000000000.0000,827342200000000032768.0000,13470779999999999606784.0000,nan,9.8610,-85.7100,12.0000,nan
346,12-21-2015T0:49:42.2,9.5583,-84.7740,23.0000,4.4000,earthquake,21636820000000001966080.0000,-17625939999999999868928.0000,-4010878999999999901696.0000,42393209999999998361600.0000,-15579400000000000786432.0000,8632979000000000294912.0000,nan,9.5583,-84.7740,23.0000,nan
