lon,lat,depth,unc,elev,thickness
123.1670,8.7500,1.7630,5.0000,-758.0000,1005.0000
123.2500,8.7500,1.2890,5.0000,-290.0000,999.0000
123.3330,8.7500,1.2160,5.0000,-224.0000,992.0000
123.4170,8.7500,1.1450,5.0000,-160.0000,985.0000
123.5000,8.7500,1.2530,5.0000,-276.0000,977.0000
122.8330,8.6670,3.7040,5.0000,-2652.0000,1052.0000
122.9170,8.6670,2.5580,5.0000,-1520.0000,1038.0000
123.0000,8.6670,1.7980,5.0000,-769.0000,1029.0000
123.0830,8.6670,2.1920,5.0000,-1171.0000,1021.0000
123.1670,8.6670,1.8000,5.0000,-786.0000,1014.0000
123.2500,8.6670,1.2440,5.0000,-237.0000,1007.0000
123.3330,8.6670,1.0800,5.0000,-80.0000,1000.0000
123.4170,8.6670,0.9870,5.0000,5.0000,992.0000
123.5000,8.6670,0.9930,5.0000,-11.0000,982.0000
122.5830,8.5830,5.4690,5.0000,-4334.0000,1135.0000
122.6670,8.5830,5.1390,5.0000,-4036.0000,1103.0000
122.7500,8.5830,4.1130,5.0000,-3033.0000,1080.0000
122.8330,8.5830,2.8630,5.0000,-1802.0000,1061.0000
122.9170,8.5830,2.0050,5.0000,-956.0000,1049.0000
123.0000,8.5830,1.3560,5.0000,-317.0000,1039.0000
123.0830,8.5830,1.3530,5.0000,-322.0000,1031.0000
123.1670,8.5830,1.3520,5.0000,-328.0000,1024.0000
123.2500,8.5830,1.2390,5.0000,-222.0000,1017.0000
122.4170,8.5000,5.2520,5.0000,-4011.0000,1241.0000
122.5000,8.5000,5.1140,5.0000,-3935.0000,1179.0000
122.5830,8.5000,5.1350,5.0000,-3996.0000,1139.0000
122.6670,8.5000,4.3490,5.0000,-3239.0000,1110.0000
122.7500,8.5000,3.1660,5.0000,-2077.0000,1089.0000
122.8330,8.5000,2.2760,5.0000,-1204.0000,1072.0000
122.9170,8.5000,1.6680,5.0000,-609.0000,1059.0000
123.0000,8.5000,1.1940,5.0000,-145.0000,1049.0000
122.3330,8.4170,4.2240,5.0000,-2914.0000,1310.0000
122.4170,8.4170,4.8920,5.0000,-3675.0000,1217.0000
122.5000,8.4170,4.7350,5.0000,-3566.0000,1169.0000
122.5830,8.4170,4.3800,5.0000,-3244.0000,1136.0000
122.6670,8.4170,4.2540,5.0000,-3141.0000,1113.0000
122.7500,8.4170,3.2930,5.0000,-2199.0000,1094.0000
122.8330,8.4170,2.2990,5.0000,-1219.0000,1080.0000
122.9170,8.4170,1.5770,5.0000,-509.0000,1068.0000
122.1670,8.3330,5.0330,5.0000,-3302.0000,1731.0000
122.2500,8.3330,3.9820,5.0000,-2562.0000,1420.0000
122.3330,8.3330,3.4440,5.0000,-2180.0000,1264.0000
122.4170,8.3330,3.6200,5.0000,-2427.0000,1193.0000
122.5000,8.3330,3.5350,5.0000,-2380.0000,1155.0000
122.5830,8.3330,3.3250,5.0000,-2195.0000,1130.0000
122.6670,8.3330,3.3940,5.0000,-2282.0000,1112.0000
122.7500,8.3330,3.1900,5.0000,-2093.0000,1097.0000
122.8330,8.3330,2.3050,5.0000,-1220.0000,1085.0000
122.9170,8.3330,1.1840,5.0000,-109.0000,1075.0000
122.0830,8.2500,5.4860,5.0000,-3604.0000,1882.0000
122.1670,8.2500,4.3570,5.0000,-2857.0000,1500.0000
122.2500,8.2500,3.3820,5.0000,-2093.0000,1289.0000
122.3330,8.2500,2.5250,5.0000,-1327.0000,1198.0000
122.4170,8.2500,2.1280,5.0000,-970.0000,1158.0000
122.5000,8.2500,2.1780,5.0000,-1042.0000,1136.0000
122.5830,8.2500,2.0550,5.0000,-934.0000,1121.0000
122.6670,8.2500,2.3110,5.0000,-1202.0000,1109.0000
122.7500,8.2500,2.4260,5.0000,-1328.0000,1098.0000
122.8330,8.2500,2.0190,5.0000,-930.0000,1089.0000
122.9170,8.2500,1.4030,5.0000,-322.0000,1081.0000
122.0000,8.1670,5.9480,5.0000,-3908.0000,2040.0000
122.0830,8.1670,5.0520,5.0000,-3467.0000,1585.0000
122.1670,8.1670,3.6340,5.0000,-2338.0000,1296.0000
122.2500,8.1670,2.1550,5.0000,-987.0000,1168.0000
122.3330,8.1670,1.6380,5.0000,-503.0000,1135.0000
122.4170,8.1670,1.5140,5.0000,-390.0000,1124.0000
122.5000,8.1670,1.3160,5.0000,-198.0000,1118.0000
122.5830,8.1670,1.4570,5.0000,-345.0000,1112.0000
122.6670,8.1670,1.1710,5.0000,-66.0000,1105.0000
122.7500,8.1670,1.3480,5.0000,-250.0000,1098.0000
122.8330,8.1670,1.3350,5.0000,-243.0000,1092.0000
122.9170,8.1670,1.1320,5.0000,-46.0000,1086.0000
122.0000,8.0830,5.7770,5.0000,-4043.0000,1734.0000
122.0830,8.0830,4.7280,5.0000,-3364.0000,1364.0000
122.1670,8.0830,2.1470,5.0000,-976.0000,1171.0000
122.2500,8.0830,1.2420,5.0000,-128.0000,1114.0000
122.3330,8.0830,1.3090,5.0000,-205.0000,1104.0000
122.4170,8.0830,1.1700,5.0000,-65.0000,1105.0000
122.5000,8.0830,1.1200,5.0000,-14.0000,1106.0000
121.9170,8.0000,5.9240,5.0000,-3886.0000,2038.0000
122.0000,8.0000,5.4710,5.0000,-3952.0000,1519.0000
122.0830,8.0000,3.3000,5.0000,-2021.0000,1279.0000
122.1670,8.0000,1.6110,5.0000,-455.0000,1156.0000
122.2500,8.0000,1.1590,5.0000,-48.0000,1111.0000
121.8330,7.9170,6.2070,5.0000,-3652.0000,2555.0000
121.9170,7.9170,5.3020,5.0000,-3417.0000,1885.0000
122.0000,7.9170,4.8740,5.0000,-3395.0000,1479.0000
122.0830,7.9170,2.8890,5.0000,-1616.0000,1273.0000
122.1670,7.9170,1.3910,5.0000,-221.0000,1170.0000
121.8330,7.8330,6.3190,5.0000,-3903.0000,2416.0000
121.9170,7.8330,5.1030,5.0000,-3336.0000,1767.0000
122.0000,7.8330,4.0050,5.0000,-2567.0000,1438.0000
122.0830,7.8330,1.8340,5.0000,-566.0000,1268.0000
121.7500,7.7500,6.6600,5.0000,-3731.0000,2929.0000
121.8330,7.7500,5.6580,5.0000,-3401.0000,2257.0000
121.9170,7.7500,4.9580,5.0000,-3308.0000,1650.0000
122.0000,7.7500,3.7720,5.0000,-2392.0000,1380.0000
122.0830,7.7500,1.2430,5.0000,3.0000,1246.0000
122.6670,7.7500,1.1280,5.0000,-22.0000,1106.0000
122.7500,7.7500,1.1080,5.0000,-2.0000,1106.0000
121.7500,7.6670,6.2950,5.0000,-3555.0000,2740.0000
121.8330,7.6670,5.0110,5.0000,-2929.0000,2082.0000
121.9170,7.6670,4.2480,5.0000,-2699.0000,1549.0000
122.0000,7.6670,3.3740,5.0000,-2055.0000,1319.0000
122.0830,7.6670,1.3550,5.0000,-142.0000,1213.0000
122.5000,7.6670,1.1420,5.0000,-32.0000,1110.0000
122.5830,7.6670,1.1480,5.0000,-40.0000,1108.0000
122.6670,7.6670,1.1650,5.0000,-57.0000,1108.0000
122.7500,7.6670,1.1550,5.0000,-47.0000,1108.0000
123.0830,7.6670,1.1250,5.0000,-14.0000,1111.0000
121.6670,7.5830,7.7930,5.0000,-4697.0000,3096.0000
121.7500,7.5830,6.0560,5.0000,-3551.0000,2505.0000
121.8330,7.5830,4.4780,5.0000,-2614.0000,1864.0000
121.9170,7.5830,3.1480,5.0000,-1726.0000,1422.0000
122.0000,7.5830,2.6500,5.0000,-1406.0000,1244.0000
122.0830,7.5830,1.3030,5.0000,-132.0000,1171.0000
122.5000,7.5830,1.1030,5.0000,6.0000,1109.0000
122.5830,7.5830,1.1760,5.0000,-67.0000,1109.0000
122.6670,7.5830,1.1780,5.0000,-68.0000,1110.0000
122.7500,7.5830,1.1510,5.0000,-40.0000,1111.0000
123.0830,7.5830,1.1560,5.0000,-41.0000,1115.0000
123.1670,7.5830,1.1170,5.0000,2.0000,1119.0000
123.4170,7.5830,1.1520,5.0000,-24.0000,1128.0000
121.6670,7.5000,7.4710,5.0000,-4554.0000,2917.0000
121.7500,7.5000,4.9860,5.0000,-2751.0000,2235.0000
121.8330,7.5000,3.6200,5.0000,-1998.0000,1622.0000
121.9170,7.5000,2.6510,5.0000,-1381.0000,1270.0000
122.0000,7.5000,1.8420,5.0000,-680.0000,1162.0000
122.0830,7.5000,1.1180,5.0000,8.0000,1126.0000
122.4170,7.5000,1.1010,5.0000,7.0000,1108.0000
122.5000,7.5000,1.1470,5.0000,-39.0000,1108.0000
122.5830,7.5000,1.1750,5.0000,-65.0000,1110.0000
122.6670,7.5000,1.1710,5.0000,-60.0000,1111.0000
122.7500,7.5000,1.1290,5.0000,-15.0000,1114.0000
122.9170,7.5000,1.1340,5.0000,-19.0000,1115.0000
123.0000,7.5000,1.1240,5.0000,-8.0000,1116.0000
123.0830,7.5000,1.1720,5.0000,-52.0000,1120.0000
123.2500,7.5000,1.1740,5.0000,-41.0000,1133.0000
121.6670,7.4170,6.5200,5.0000,-3920.0000,2600.0000
121.7500,7.4170,3.9120,5.0000,-1981.0000,1931.0000
121.8330,7.4170,2.7770,5.0000,-1368.0000,1409.0000
121.9170,7.4170,2.8230,5.0000,-1640.0000,1183.0000
122.0000,7.4170,1.7550,5.0000,-645.0000,1110.0000
122.4170,7.4170,1.1370,5.0000,-32.0000,1105.0000
122.5000,7.4170,1.1550,5.0000,-47.0000,1108.0000
122.5830,7.4170,1.1920,5.0000,-82.0000,1110.0000
122.6670,7.4170,1.1610,5.0000,-47.0000,1114.0000
122.7500,7.4170,1.1350,5.0000,-16.0000,1119.0000
123.0000,7.4170,1.1460,5.0000,-26.0000,1120.0000
123.0830,7.4170,1.2000,5.0000,-74.0000,1126.0000
123.1670,7.4170,1.1770,5.0000,-40.0000,1137.0000
123.2500,7.4170,1.4790,5.0000,-331.0000,1148.0000
121.5830,7.3330,6.6660,5.0000,-3945.0000,2721.0000
121.6670,7.3330,5.4610,5.0000,-3333.0000,2128.0000
121.7500,7.3330,2.0850,5.0000,-497.0000,1588.0000
121.8330,7.3330,2.5690,5.0000,-1341.0000,1228.0000
121.9170,7.3330,2.4020,5.0000,-1298.0000,1104.0000
122.0000,7.3330,1.3980,5.0000,-327.0000,1071.0000
122.4170,7.3330,1.1450,5.0000,-41.0000,1104.0000
122.5000,7.3330,1.1650,5.0000,-56.0000,1109.0000
122.5830,7.3330,1.1980,5.0000,-86.0000,1112.0000
122.6670,7.3330,1.1680,5.0000,-50.0000,1118.0000
122.7500,7.3330,1.1590,5.0000,-32.0000,1127.0000
122.9170,7.3330,1.1370,5.0000,-6.0000,1131.0000
123.0000,7.3330,1.1770,5.0000,-52.0000,1125.0000
123.0830,7.3330,1.2070,5.0000,-71.0000,1136.0000
123.1670,7.3330,1.3130,5.0000,-159.0000,1154.0000
123.2500,7.3330,1.5070,5.0000,-334.0000,1173.0000
123.3330,7.3330,1.3640,5.0000,-178.0000,1186.0000
121.5830,7.2500,4.7330,5.0000,-2601.0000,2132.0000
121.6670,7.2500,3.8090,5.0000,-2173.0000,1636.0000
121.7500,7.2500,2.9160,5.0000,-1632.0000,1284.0000
121.8330,7.2500,2.6460,5.0000,-1548.0000,1098.0000
121.9170,7.2500,1.8250,5.0000,-777.0000,1048.0000
122.3330,7.2500,1.1430,5.0000,-45.0000,1098.0000
122.4170,7.2500,1.1620,5.0000,-55.0000,1107.0000
122.5000,7.2500,1.1910,5.0000,-77.0000,1114.0000
122.5830,7.2500,1.2170,5.0000,-97.0000,1120.0000
122.6670,7.2500,1.1970,5.0000,-68.0000,1129.0000
122.7500,7.2500,1.2790,5.0000,-137.0000,1142.0000
122.8330,7.2500,1.1710,5.0000,-11.0000,1160.0000
122.9170,7.2500,1.2260,5.0000,-68.0000,1158.0000
123.0000,7.2500,1.3090,5.0000,-165.0000,1144.0000
123.0830,7.2500,1.2530,5.0000,-89.0000,1164.0000
123.1670,7.2500,1.8090,5.0000,-617.0000,1192.0000
123.2500,7.2500,2.1750,5.0000,-955.0000,1220.0000
123.3330,7.2500,2.3080,5.0000,-1067.0000,1241.0000
121.5830,7.1670,2.2690,5.0000,-673.0000,1596.0000
121.6670,7.1670,2.4380,5.0000,-1153.0000,1285.0000
121.7500,7.1670,1.7860,5.0000,-679.0000,1107.0000
121.8330,7.1670,1.3410,5.0000,-303.0000,1038.0000
122.3330,7.1670,1.1490,5.0000,-48.0000,1101.0000
122.4170,7.1670,1.2180,5.0000,-106.0000,1112.0000
122.5000,7.1670,1.1420,5.0000,-22.0000,1120.0000
122.5830,7.1670,1.2530,5.0000,-126.0000,1127.0000
122.6670,7.1670,1.3470,5.0000,-208.0000,1139.0000
122.7500,7.1670,1.5500,5.0000,-388.0000,1162.0000
122.8330,7.1670,2.1880,5.0000,-990.0000,1198.0000
122.9170,7.1670,2.3160,5.0000,-1090.0000,1226.0000
123.0000,7.1670,2.3110,5.0000,-1076.0000,1235.0000
123.0830,7.1670,2.5360,5.0000,-1291.0000,1245.0000
123.1670,7.1670,3.2530,5.0000,-1974.0000,1279.0000
123.2500,7.1670,3.7240,5.0000,-2407.0000,1317.0000
123.3330,7.1670,3.9650,5.0000,-2619.0000,1346.0000
121.5830,7.0830,2.1520,5.0000,-923.0000,1229.0000
121.6670,7.0830,1.3090,5.0000,-214.0000,1095.0000
121.7500,7.0830,1.2290,5.0000,-195.0000,1034.0000
121.8330,7.0830,1.3800,5.0000,-363.0000,1017.0000
122.2500,7.0830,1.1180,5.0000,-26.0000,1092.0000
122.3330,7.0830,1.1690,5.0000,-61.0000,1108.0000
122.4170,7.0830,1.2120,5.0000,-91.0000,1121.0000
122.5000,7.0830,1.2500,5.0000,-121.0000,1129.0000
122.5830,7.0830,1.1640,5.0000,-30.0000,1134.0000
122.6670,7.0830,1.3020,5.0000,-156.0000,1146.0000
122.7500,7.0830,2.1140,5.0000,-929.0000,1185.0000
122.8330,7.0830,2.7710,5.0000,-1510.0000,1261.0000
122.9170,7.0830,2.7970,5.0000,-1455.0000,1342.0000
123.0000,7.0830,3.2310,5.0000,-1835.0000,1396.0000
123.0830,7.0830,3.7130,5.0000,-2279.0000,1434.0000
123.1670,7.0830,4.4870,5.0000,-3002.0000,1485.0000
123.2500,7.0830,4.7740,5.0000,-3237.0000,1537.0000
123.3330,7.0830,5.2120,5.0000,-3641.0000,1571.0000
121.5830,7.0000,1.9610,5.0000,-904.0000,1057.0000
121.6670,7.0000,1.3560,5.0000,-337.0000,1019.0000
121.7500,7.0000,1.1350,5.0000,-123.0000,1012.0000
121.8330,7.0000,1.1180,5.0000,-101.0000,1017.0000
121.9170,7.0000,1.0230,5.0000,4.0000,1027.0000
122.2500,7.0000,1.0800,5.0000,20.0000,1100.0000
122.3330,7.0000,1.1650,5.0000,-46.0000,1119.0000
122.4170,7.0000,1.1540,5.0000,-19.0000,1135.0000
122.5000,7.0000,1.4060,5.0000,-260.0000,1146.0000
122.5830,7.0000,1.4490,5.0000,-298.0000,1151.0000
122.6670,7.0000,2.2610,5.0000,-1099.0000,1162.0000
122.7500,7.0000,2.7350,5.0000,-1515.0000,1220.0000
122.8330,7.0000,2.4540,5.0000,-1104.0000,1350.0000
122.9170,7.0000,3.1080,5.0000,-1610.0000,1498.0000
123.0000,7.0000,4.0370,5.0000,-2439.0000,1598.0000
123.0830,7.0000,4.6130,5.0000,-2961.0000,1652.0000
123.1670,7.0000,5.2950,5.0000,-3597.0000,1698.0000
123.2500,7.0000,5.8270,5.0000,-4086.0000,1741.0000
123.3330,7.0000,6.1950,5.0000,-4428.0000,1767.0000
121.5830,6.9170,1.0240,5.0000,-14.0000,1010.0000
121.6670,6.9170,1.0310,5.0000,-27.0000,1004.0000
121.7500,6.9170,1.0790,5.0000,-68.0000,1011.0000
121.8330,6.9170,1.0900,5.0000,-68.0000,1022.0000
121.9170,6.9170,1.1010,5.0000,-67.0000,1034.0000
122.0000,6.9170,1.0990,5.0000,-49.0000,1050.0000
122.1670,6.9170,1.1030,5.0000,-15.0000,1088.0000
122.2500,6.9170,1.1410,5.0000,-32.0000,1109.0000
122.3330,6.9170,1.1670,5.0000,-34.0000,1133.0000
122.4170,6.9170,1.2090,5.0000,-52.0000,1157.0000
122.5000,6.9170,1.4820,5.0000,-302.0000,1180.0000
122.5830,6.9170,2.1640,5.0000,-966.0000,1198.0000
122.6670,6.9170,2.5550,5.0000,-1329.0000,1226.0000
122.7500,6.9170,2.6380,5.0000,-1327.0000,1311.0000
122.8330,6.9170,3.1550,5.0000,-1674.0000,1481.0000
122.9170,6.9170,4.1420,5.0000,-2475.0000,1667.0000
123.0000,6.9170,4.7040,5.0000,-2920.0000,1784.0000
123.0830,6.9170,5.0030,5.0000,-3175.0000,1828.0000
123.1670,6.9170,5.4680,5.0000,-3620.0000,1848.0000
123.2500,6.9170,6.0610,5.0000,-4192.0000,1869.0000
121.5830,6.8330,1.0250,5.0000,-18.0000,1007.0000
121.6670,6.8330,1.0490,5.0000,-41.0000,1008.0000
121.7500,6.8330,1.0800,5.0000,-63.0000,1017.0000
121.8330,6.8330,1.0630,5.0000,-35.0000,1028.0000
121.9170,6.8330,1.0930,5.0000,-53.0000,1040.0000
122.0000,6.8330,1.1470,5.0000,-92.0000,1055.0000
122.0830,6.8330,1.1540,5.0000,-81.0000,1073.0000
122.1670,6.8330,1.1860,5.0000,-92.0000,1094.0000
122.2500,6.8330,1.1810,5.0000,-63.0000,1118.0000
122.3330,6.8330,1.2220,5.0000,-76.0000,1146.0000
122.4170,6.8330,1.3110,5.0000,-129.0000,1182.0000
122.5000,6.8330,1.7880,5.0000,-559.0000,1229.0000
122.5830,6.8330,2.5580,5.0000,-1271.0000,1287.0000
122.6670,6.8330,2.3680,5.0000,-1006.0000,1362.0000
122.7500,6.8330,3.0790,5.0000,-1599.0000,1480.0000
122.8330,6.8330,4.3230,5.0000,-2673.0000,1650.0000
122.9170,6.8330,4.9170,5.0000,-3102.0000,1815.0000
123.0000,6.8330,5.0760,5.0000,-3169.0000,1907.0000
123.0830,6.8330,5.1220,5.0000,-3195.0000,1927.0000
123.1670,6.8330,5.6260,5.0000,-3700.0000,1926.0000
123.2500,6.8330,5.9500,5.0000,-4022.0000,1928.0000
121.5830,6.7500,1.0420,5.0000,-30.0000,1012.0000
121.6670,6.7500,1.0500,5.0000,-35.0000,1015.0000
121.7500,6.7500,1.0660,5.0000,-44.0000,1022.0000
121.8330,6.7500,1.0760,5.0000,-45.0000,1031.0000
121.9170,6.7500,1.0780,5.0000,-34.0000,1044.0000
122.0000,6.7500,1.0650,5.0000,-6.0000,1059.0000
122.0830,6.7500,1.0930,5.0000,-17.0000,1076.0000
122.1670,6.7500,1.1470,5.0000,-49.0000,1098.0000
122.2500,6.7500,1.1540,5.0000,-32.0000,1122.0000
122.3330,6.7500,1.2050,5.0000,-52.0000,1153.0000
122.4170,6.7500,1.4470,5.0000,-246.0000,1201.0000
122.5000,6.7500,1.7670,5.0000,-490.0000,1277.0000
122.5830,6.7500,3.0320,5.0000,-1645.0000,1387.0000
122.6670,6.7500,3.3800,5.0000,-1858.0000,1522.0000
122.7500,6.7500,4.8250,5.0000,-3159.0000,1666.0000
122.8330,6.7500,5.0080,5.0000,-3204.0000,1804.0000
122.9170,6.7500,5.2240,5.0000,-3314.0000,1910.0000
123.0000,6.7500,5.3870,5.0000,-3426.0000,1961.0000
123.0830,6.7500,5.4550,5.0000,-3489.0000,1966.0000
123.1670,6.7500,5.7780,5.0000,-3819.0000,1959.0000
123.2500,6.7500,5.6540,5.0000,-3700.0000,1954.0000
121.5830,6.6670,1.0290,5.0000,-12.0000,1017.0000
121.6670,6.6670,1.0810,5.0000,-60.0000,1021.0000
121.7500,6.6670,1.0740,5.0000,-48.0000,1026.0000
122.2500,6.6670,1.2740,5.0000,-149.0000,1125.0000
122.3330,6.6670,1.2030,5.0000,-54.0000,1149.0000
122.4170,6.6670,1.9820,5.0000,-780.0000,1202.0000
122.5000,6.6670,2.3080,5.0000,-1006.0000,1302.0000
122.5830,6.6670,3.7890,5.0000,-2330.0000,1459.0000
122.6670,6.6670,4.6880,5.0000,-3047.0000,1641.0000
122.7500,6.6670,5.4560,5.0000,-3659.0000,1797.0000
122.8330,6.6670,5.4200,5.0000,-3520.0000,1900.0000
122.9170,6.6670,5.4160,5.0000,-3460.0000,1956.0000
123.0000,6.6670,5.5830,5.0000,-3605.0000,1978.0000
123.0830,6.6670,5.8220,5.0000,-3844.0000,1978.0000
123.1670,6.6670,5.9620,5.0000,-3990.0000,1972.0000
123.2500,6.6670,5.6140,5.0000,-3648.0000,1966.0000
121.5830,6.5830,1.0530,5.0000,-30.0000,1023.0000
121.6670,6.5830,1.0820,5.0000,-55.0000,1027.0000
121.7500,6.5830,1.0740,5.0000,-43.0000,1031.0000
121.8330,6.5830,1.0480,5.0000,-13.0000,1035.0000
122.2500,6.5830,1.1170,5.0000,-1.0000,1116.0000
122.3330,6.5830,3.2410,5.0000,-2102.0000,1139.0000
122.4170,6.5830,2.9500,5.0000,-1756.0000,1194.0000
122.5000,6.5830,3.9420,5.0000,-2629.0000,1313.0000
122.5830,6.5830,4.7130,5.0000,-3208.0000,1505.0000
122.6670,6.5830,5.4590,5.0000,-3753.0000,1706.0000
122.7500,6.5830,5.7140,5.0000,-3859.0000,1855.0000
122.8330,6.5830,5.6960,5.0000,-3760.0000,1936.0000
122.9170,6.5830,5.6950,5.0000,-3726.0000,1969.0000
123.0000,6.5830,5.6580,5.0000,-3677.0000,1981.0000
123.0830,6.5830,5.9010,5.0000,-3919.0000,1982.0000
123.1670,6.5830,6.1420,5.0000,-4163.0000,1979.0000
123.2500,6.5830,5.9610,5.0000,-3985.0000,1976.0000
121.6670,6.5000,1.0860,5.0000,-55.0000,1031.0000
121.7500,6.5000,1.0570,5.0000,-23.0000,1034.0000
121.8330,6.5000,1.0740,5.0000,-37.0000,1037.0000
122.2500,6.5000,1.3810,5.0000,-274.0000,1107.0000
122.3330,6.5000,2.3210,5.0000,-1179.0000,1142.0000
122.4170,6.5000,3.8850,5.0000,-2665.0000,1220.0000
122.5000,6.5000,4.6150,5.0000,-3244.0000,1371.0000
122.5830,6.5000,5.0420,5.0000,-3460.0000,1582.0000
122.6670,6.5000,5.7480,5.0000,-3978.0000,1770.0000
122.7500,6.5000,5.9510,5.0000,-4063.0000,1888.0000
122.8330,6.5000,6.0180,5.0000,-4071.0000,1947.0000
122.9170,6.5000,5.8710,5.0000,-3898.0000,1973.0000
123.0000,6.5000,5.6780,5.0000,-3697.0000,1981.0000
123.0830,6.5000,5.3600,5.0000,-3375.0000,1985.0000
123.1670,6.5000,6.0260,5.0000,-4040.0000,1986.0000
123.2500,6.5000,6.4190,5.0000,-4435.0000,1984.0000
121.6670,6.4170,1.0760,5.0000,-41.0000,1035.0000
121.7500,6.4170,1.1110,5.0000,-74.0000,1037.0000
121.8330,6.4170,1.0690,5.0000,-31.0000,1038.0000
121.9170,6.4170,1.0660,5.0000,-28.0000,1038.0000
122.0830,6.4170,1.0890,5.0000,-41.0000,1048.0000
122.1670,6.4170,1.5760,5.0000,-513.0000,1063.0000
122.2500,6.4170,1.9140,5.0000,-817.0000,1097.0000
122.3330,6.4170,2.5350,5.0000,-1367.0000,1168.0000
122.4170,6.4170,3.8500,5.0000,-2547.0000,1303.0000
122.5000,6.4170,5.3430,5.0000,-3843.0000,1500.0000
122.5830,6.4170,5.7370,5.0000,-4029.0000,1708.0000
122.6670,6.4170,5.8610,5.0000,-4008.0000,1853.0000
122.7500,6.4170,6.1060,5.0000,-4180.0000,1926.0000
122.8330,6.4170,6.1050,5.0000,-4145.0000,1960.0000
122.9170,6.4170,6.1010,5.0000,-4125.0000,1976.0000
123.0000,6.4170,6.0860,5.0000,-4101.0000,1985.0000
123.0830,6.4170,5.8140,5.0000,-3826.0000,1988.0000
123.1670,6.4170,5.8900,5.0000,-3900.0000,1990.0000
123.2500,6.4170,6.3180,5.0000,-4326.0000,1992.0000
121.6670,6.3330,1.0680,5.0000,-28.0000,1040.0000
121.7500,6.3330,1.0790,5.0000,-41.0000,1038.0000
121.8330,6.3330,1.0700,5.0000,-33.0000,1037.0000
121.9170,6.3330,1.0340,5.0000,1.0000,1035.0000
122.0000,6.3330,1.0490,5.0000,-15.0000,1034.0000
122.0830,6.3330,1.5950,5.0000,-555.0000,1040.0000
122.1670,6.3330,2.7860,5.0000,-1732.0000,1054.0000
122.2500,6.3330,3.9450,5.0000,-2849.0000,1096.0000
122.3330,6.3330,4.2740,5.0000,-3068.0000,1206.0000
122.4170,6.3330,5.2230,5.0000,-3817.0000,1406.0000
122.5000,6.3330,5.5720,5.0000,-3934.0000,1638.0000
122.5830,6.3330,6.0590,5.0000,-4236.0000,1823.0000
122.6670,6.3330,6.1760,5.0000,-4256.0000,1920.0000
122.7500,6.3330,6.1980,5.0000,-4240.0000,1958.0000
122.8330,6.3330,6.2230,5.0000,-4249.0000,1974.0000
122.9170,6.3330,6.2240,5.0000,-4240.0000,1984.0000
123.0000,6.3330,6.2110,5.0000,-4221.0000,1990.0000
123.0830,6.3330,6.1510,5.0000,-4158.0000,1993.0000
123.1670,6.3330,6.0270,5.0000,-4032.0000,1995.0000
121.7500,6.2500,1.0610,5.0000,-21.0000,1040.0000
121.8330,6.2500,1.0350,5.0000,1.0000,1036.0000
121.9170,6.2500,1.2140,5.0000,-183.0000,1031.0000
122.0000,6.2500,1.5000,5.0000,-472.0000,1028.0000
122.0830,6.2500,2.6060,5.0000,-1572.0000,1034.0000
122.1670,6.2500,3.7030,5.0000,-2645.0000,1058.0000
122.2500,6.2500,5.0020,5.0000,-3876.0000,1126.0000
122.3330,6.2500,5.2390,5.0000,-3959.0000,1280.0000
122.4170,6.2500,5.6550,5.0000,-4134.0000,1521.0000
122.5000,6.2500,5.9560,5.0000,-4201.0000,1755.0000
122.5830,6.2500,6.0770,5.0000,-4177.0000,1900.0000
122.6670,6.2500,6.2760,5.0000,-4315.0000,1961.0000
122.7500,6.2500,6.1660,5.0000,-4188.0000,1978.0000
122.8330,6.2500,6.2690,5.0000,-4284.0000,1985.0000
122.9170,6.2500,6.3220,5.0000,-4332.0000,1990.0000
123.0000,6.2500,6.3780,5.0000,-4384.0000,1994.0000
123.0830,6.2500,6.2860,5.0000,-4290.0000,1996.0000
123.1670,6.2500,6.1370,5.0000,-4139.0000,1998.0000
121.7500,6.1670,1.0660,5.0000,-23.0000,1043.0000
121.8330,6.1670,1.0490,5.0000,-14.0000,1035.0000
121.9170,6.1670,1.2780,5.0000,-251.0000,1027.0000
122.0000,6.1670,1.8430,5.0000,-819.0000,1024.0000
122.0830,6.1670,3.6840,5.0000,-2647.0000,1037.0000
122.1670,6.1670,4.6710,5.0000,-3581.0000,1090.0000
122.2500,6.1670,5.5700,5.0000,-4361.0000,1209.0000
122.3330,6.1670,5.8050,5.0000,-4394.0000,1411.0000
122.4170,6.1670,5.8120,5.0000,-4153.0000,1659.0000
122.5000,6.1670,6.0760,5.0000,-4223.0000,1853.0000
122.5830,6.1670,6.1660,5.0000,-4216.0000,1950.0000
122.6670,6.1670,6.2150,5.0000,-4235.0000,1980.0000
122.7500,6.1670,6.1160,5.0000,-4129.0000,1987.0000
122.8330,6.1670,6.3450,5.0000,-4356.0000,1989.0000
122.9170,6.1670,6.3620,5.0000,-4371.0000,1991.0000
123.0000,6.1670,6.4710,5.0000,-4477.0000,1994.0000
123.0830,6.1670,6.4840,5.0000,-4488.0000,1996.0000
123.1670,6.1670,6.4650,5.0000,-4467.0000,1998.0000
121.8330,6.0830,1.0470,5.0000,-9.0000,1038.0000
121.9170,6.0830,1.0420,5.0000,-13.0000,1029.0000
122.0000,6.0830,1.6750,5.0000,-645.0000,1030.0000
122.0830,6.0830,4.1180,5.0000,-3060.0000,1058.0000
122.1670,6.0830,5.3680,5.0000,-4223.0000,1145.0000
122.2500,6.0830,5.7720,5.0000,-4461.0000,1311.0000
122.3330,6.0830,6.1700,5.0000,-4628.0000,1542.0000
122.4170,6.0830,6.0290,5.0000,-4258.0000,1771.0000
122.5000,6.0830,6.1700,5.0000,-4254.0000,1916.0000
122.5830,6.0830,6.2320,5.0000,-4260.0000,1972.0000
122.6670,6.0830,6.3730,5.0000,-4388.0000,1985.0000
122.7500,6.0830,6.3200,5.0000,-4334.0000,1986.0000
122.8330,6.0830,6.4380,5.0000,-4452.0000,1986.0000
122.9170,6.0830,6.4710,5.0000,-4484.0000,1987.0000
123.0000,6.0830,6.5380,5.0000,-4549.0000,1989.0000
123.0830,6.0830,6.5300,5.0000,-4537.0000,1993.0000
123.1670,6.0830,6.4320,5.0000,-4436.0000,1996.0000
121.8330,6.0000,1.4470,5.0000,-396.0000,1051.0000
121.9170,6.0000,1.4040,5.0000,-358.0000,1046.0000
122.0000,6.0000,3.4430,5.0000,-2382.0000,1061.0000
122.0830,6.0000,4.7880,5.0000,-3677.0000,1111.0000
122.1670,6.0000,5.7770,5.0000,-4557.0000,1220.0000
122.2500,6.0000,6.0390,5.0000,-4642.0000,1397.0000
122.3330,6.0000,6.2480,5.0000,-4634.0000,1614.0000
122.4170,6.0000,6.1220,5.0000,-4314.0000,1808.0000
122.5000,6.0000,6.3780,5.0000,-4457.0000,1921.0000
122.5830,6.0000,6.2670,5.0000,-4303.0000,1964.0000
122.6670,6.0000,6.4260,5.0000,-4453.0000,1973.0000
122.7500,6.0000,6.3390,5.0000,-4366.0000,1973.0000
122.8330,6.0000,6.4850,5.0000,-4513.0000,1972.0000
122.9170,6.0000,6.4590,5.0000,-4485.0000,1974.0000
123.0000,6.0000,6.5740,5.0000,-4595.0000,1979.0000
123.0830,6.0000,6.5750,5.0000,-4588.0000,1987.0000
123.1670,6.0000,6.4740,5.0000,-4483.0000,1991.0000
121.9170,5.9170,4.4060,5.0000,-3312.0000,1094.0000
122.0000,5.9170,5.5500,5.0000,-4423.0000,1127.0000
122.0830,5.9170,5.7950,5.0000,-4600.0000,1195.0000
122.1670,5.9170,6.1260,5.0000,-4817.0000,1309.0000
122.2500,5.9170,5.9670,5.0000,-4501.0000,1466.0000
122.3330,5.9170,5.9240,5.0000,-4280.0000,1644.0000
122.4170,5.9170,6.1110,5.0000,-4310.0000,1801.0000
122.5000,5.9170,6.2120,5.0000,-4314.0000,1898.0000
122.5830,5.9170,6.2240,5.0000,-4288.0000,1936.0000
122.6670,5.9170,6.3050,5.0000,-4361.0000,1944.0000
122.7500,5.9170,6.2780,5.0000,-4335.0000,1943.0000
122.8330,5.9170,6.4190,5.0000,-4474.0000,1945.0000
122.9170,5.9170,6.5060,5.0000,-4554.0000,1952.0000
123.0000,5.9170,6.5490,5.0000,-4585.0000,1964.0000
123.0830,5.9170,6.5900,5.0000,-4613.0000,1977.0000
123.1670,5.9170,6.5910,5.0000,-4606.0000,1985.0000
122.0000,5.8330,5.4860,5.0000,-4266.0000,1220.0000
122.0830,5.8330,5.9760,5.0000,-4681.0000,1295.0000
122.1670,5.8330,6.2950,5.0000,-4897.0000,1398.0000
122.2500,5.8330,6.1560,5.0000,-4630.0000,1526.0000
122.3330,5.8330,5.9940,5.0000,-4329.0000,1665.0000
122.4170,5.8330,6.1660,5.0000,-4374.0000,1792.0000
122.5000,5.8330,6.2690,5.0000,-4393.0000,1876.0000
122.5830,5.8330,6.3470,5.0000,-4441.0000,1906.0000
122.6670,5.8330,6.2500,5.0000,-4343.0000,1907.0000
122.7500,5.8330,6.3250,5.0000,-4421.0000,1904.0000
122.8330,5.8330,6.3550,5.0000,-4446.0000,1909.0000
122.9170,5.8330,6.3950,5.0000,-4472.0000,1923.0000
123.0000,5.8330,6.5180,5.0000,-4574.0000,1944.0000
123.0830,5.8330,6.6270,5.0000,-4663.0000,1964.0000
123.1670,5.8330,6.5770,5.0000,-4604.0000,1973.0000
122.0000,5.7500,5.5850,5.0000,-4264.0000,1321.0000
122.0830,5.7500,5.7320,5.0000,-4341.0000,1391.0000
122.1670,5.7500,6.1610,5.0000,-4686.0000,1475.0000
122.2500,5.7500,6.0770,5.0000,-4504.0000,1573.0000
122.3330,5.7500,6.0000,5.0000,-4321.0000,1679.0000
122.4170,5.7500,6.2220,5.0000,-4443.0000,1779.0000
122.5000,5.7500,6.4360,5.0000,-4592.0000,1844.0000
122.5830,5.7500,6.5290,5.0000,-4665.0000,1864.0000
122.6670,5.7500,6.4880,5.0000,-4631.0000,1857.0000
122.7500,5.7500,6.4990,5.0000,-4647.0000,1852.0000
122.8330,5.7500,6.4560,5.0000,-4595.0000,1861.0000
122.9170,5.7500,6.4120,5.0000,-4527.0000,1885.0000
123.0000,5.7500,6.5080,5.0000,-4589.0000,1919.0000
123.0830,5.7500,6.6920,5.0000,-4743.0000,1949.0000
122.0830,5.6670,5.7590,5.0000,-4280.0000,1479.0000
122.1670,5.6670,6.0040,5.0000,-4461.0000,1543.0000
122.2500,5.6670,6.0060,5.0000,-4397.0000,1609.0000
122.3330,5.6670,6.0520,5.0000,-4374.0000,1678.0000
122.4170,5.6670,6.0990,5.0000,-4357.0000,1742.0000
122.5000,5.6670,6.2660,5.0000,-4483.0000,1783.0000
122.5830,5.6670,6.5260,5.0000,-4736.0000,1790.0000
122.6670,5.6670,6.4630,5.0000,-4683.0000,1780.0000
122.7500,5.6670,6.4630,5.0000,-4685.0000,1778.0000
122.8330,5.6670,6.4940,5.0000,-4700.0000,1794.0000
122.9170,5.6670,6.4520,5.0000,-4620.0000,1832.0000
123.0000,5.6670,6.4880,5.0000,-4604.0000,1884.0000
123.0830,5.6670,6.6930,5.0000,-4763.0000,1930.0000
122.2500,5.5830,6.1950,5.0000,-4557.0000,1638.0000
122.3330,5.5830,6.2010,5.0000,-4535.0000,1666.0000
122.4170,5.5830,6.2240,5.0000,-4534.0000,1690.0000
122.5000,5.5830,6.3500,5.0000,-4649.0000,1701.0000
122.5830,5.5830,6.5060,5.0000,-4811.0000,1695.0000
122.6670,5.5830,6.4430,5.0000,-4761.0000,1682.0000
122.7500,5.5830,6.4080,5.0000,-4727.0000,1681.0000
122.8330,5.5830,6.3970,5.0000,-4695.0000,1702.0000
122.9170,5.5830,6.4220,5.0000,-4671.0000,1751.0000
123.0000,5.5830,6.4550,5.0000,-4634.0000,1821.0000
123.0830,5.5830,6.5720,5.0000,-4685.0000,1887.0000
122.3330,5.5000,6.2140,5.0000,-4561.0000,1653.0000
122.4170,5.5000,6.1330,5.0000,-4496.0000,1637.0000
122.5000,5.5000,6.2420,5.0000,-4625.0000,1617.0000
122.5830,5.5000,6.4790,5.0000,-4887.0000,1592.0000
122.6670,5.5000,6.3290,5.0000,-4760.0000,1569.0000
122.7500,5.5000,6.3080,5.0000,-4748.0000,1560.0000
122.8330,5.5000,6.2870,5.0000,-4709.0000,1578.0000
122.9170,5.5000,6.3500,5.0000,-4719.0000,1631.0000
123.0000,5.5000,6.4920,5.0000,-4776.0000,1716.0000
123.0830,5.5000,6.5150,5.0000,-4705.0000,1810.0000
122.4170,5.4170,6.1660,5.0000,-4581.0000,1585.0000
122.5000,5.4170,6.2070,5.0000,-4674.0000,1533.0000
122.5830,5.4170,6.5990,5.0000,-5116.0000,1483.0000
122.6670,5.4170,6.2110,5.0000,-4770.0000,1441.0000
122.7500,5.4170,6.1790,5.0000,-4762.0000,1417.0000
122.8330,5.4170,6.2150,5.0000,-4792.0000,1423.0000
122.9170,5.4170,6.1230,5.0000,-4652.0000,1471.0000
123.0000,5.4170,6.2550,5.0000,-4686.0000,1569.0000
123.0830,5.4170,6.4470,5.0000,-4749.0000,1698.0000
122.5830,5.3330,6.5560,5.0000,-5186.0000,1370.0000
122.6670,5.3330,6.2890,5.0000,-4985.0000,1304.0000
122.7500,5.3330,6.2960,5.0000,-5035.0000,1261.0000
122.8330,5.3330,6.2270,5.0000,-4977.0000,1250.0000
122.9170,5.3330,5.9650,5.0000,-4679.0000,1286.0000
123.0000,5.3330,6.2020,5.0000,-4813.0000,1389.0000
123.0830,5.3330,6.2600,5.0000,-4709.0000,1551.0000
122.8330,5.2500,6.0290,5.0000,-4929.0000,1100.0000
122.9170,5.2500,5.9340,5.0000,-4812.0000,1122.0000
123.0000,5.2500,5.9970,5.0000,-4785.0000,1212.0000
123.0830,5.2500,6.0120,5.0000,-4630.0000,1382.0000
123.5830,8.6670,0.8108,5.0000,5.0000,815.7666
123.3330,8.5830,1.3777,5.0000,5.0000,1382.7009
123.4170,8.5830,1.2817,5.0000,101.0000,1382.7009
123.5000,8.5830,1.3557,5.0000,27.0000,1382.7009
123.0830,8.5000,0.7859,5.0000,99.0000,884.9379
123.1670,8.5000,0.8239,5.0000,61.0000,884.9379
123.2500,8.5000,0.8379,5.0000,47.0000,884.9379
123.3330,8.5000,0.8459,5.0000,39.0000,884.9379
123.4170,8.5000,0.8549,5.0000,30.0000,884.9379
123.5000,8.5000,0.7929,5.0000,92.0000,884.9379
123.0000,8.4170,0.8079,5.0000,77.0000,884.9379
123.0830,8.4170,0.7299,5.0000,155.0000,884.9379
123.1670,8.4170,0.3679,5.0000,517.0000,884.9379
123.2500,8.4170,0.6359,5.0000,249.0000,884.9379
123.3330,8.4170,0.8239,5.0000,61.0000,884.9379
123.4170,8.4170,0.7819,5.0000,103.0000,884.9379
123.5000,8.4170,0.5199,5.0000,365.0000,884.9379
123.0000,8.3330,0.8139,5.0000,71.0000,884.9379
123.0830,8.3330,0.5389,5.0000,346.0000,884.9379
123.1670,8.3330,-0.1411,5.0000,1026.0000,884.9379
123.2500,8.3330,0.6249,5.0000,260.0000,884.9379
123.3330,8.3330,0.3839,5.0000,501.0000,884.9379
123.4170,8.3330,0.2929,5.0000,592.0000,884.9379
123.5000,8.3330,0.3929,5.0000,492.0000,884.9379
123.0000,8.2500,0.8719,5.0000,13.0000,884.9379
123.0830,8.2500,0.6599,5.0000,225.0000,884.9379
123.1670,8.2500,0.7219,5.0000,163.0000,884.9379
123.2500,8.2500,0.3239,5.0000,561.0000,884.9379
123.3330,8.2500,0.0979,5.0000,787.0000,884.9379
123.4170,8.2500,0.6439,5.0000,241.0000,884.9379
123.5000,8.2500,0.4289,5.0000,456.0000,884.9379
123.0000,8.1670,0.5719,5.0000,313.0000,884.9379
123.0830,8.1670,0.2029,5.0000,682.0000,884.9379
123.1670,8.1670,0.6769,5.0000,208.0000,884.9379
123.2500,8.1670,0.4129,5.0000,472.0000,884.9379
123.3330,8.1670,0.8179,5.0000,67.0000,884.9379
123.4170,8.1670,0.8069,5.0000,78.0000,884.9379
123.5000,8.1670,0.6249,5.0000,260.0000,884.9379
122.5830,8.0830,0.8469,5.0000,38.0000,884.9379
122.6670,8.0830,0.8079,5.0000,77.0000,884.9379
122.7500,8.0830,0.8029,5.0000,82.0000,884.9379
122.8330,8.0830,0.6399,5.0000,245.0000,884.9379
122.9170,8.0830,0.4509,5.0000,434.0000,884.9379
123.0000,8.0830,0.2149,5.0000,670.0000,884.9379
123.0830,8.0830,0.1829,5.0000,702.0000,884.9379
123.1670,8.0830,0.5249,5.0000,360.0000,884.9379
123.2500,8.0830,0.6019,5.0000,283.0000,884.9379
123.3330,8.0830,0.6209,5.0000,264.0000,884.9379
123.4170,8.0830,0.8609,5.0000,24.0000,884.9379
123.5000,8.0830,0.8699,5.0000,15.0000,884.9379
122.3330,8.0000,1.2638,5.0000,111.0000,1374.8429
122.4170,8.0000,1.2428,5.0000,132.0000,1374.8429
122.5000,8.0000,1.1278,5.0000,247.0000,1374.8429
122.5830,8.0000,0.6689,5.0000,216.0000,884.9379
122.6670,8.0000,0.6879,5.0000,197.0000,884.9379
122.7500,8.0000,0.6999,5.0000,185.0000,884.9379
122.8330,8.0000,0.5789,5.0000,306.0000,884.9379
122.9170,8.0000,0.4039,5.0000,481.0000,884.9379
123.0000,8.0000,0.3659,5.0000,519.0000,884.9379
123.0830,8.0000,0.2749,5.0000,610.0000,884.9379
123.1670,8.0000,0.2549,5.0000,630.0000,884.9379
123.2500,8.0000,-0.2401,5.0000,1125.0000,884.9379
123.3330,8.0000,0.4909,5.0000,394.0000,884.9379
123.4170,8.0000,0.6389,5.0000,246.0000,884.9379
122.2500,7.9170,1.0938,5.0000,281.0000,1374.8429
122.3330,7.9170,0.8038,5.0000,571.0000,1374.8429
122.4170,7.9170,1.1798,5.0000,195.0000,1374.8429
122.5000,7.9170,1.2628,5.0000,112.0000,1374.8429
122.5830,7.9170,0.7559,5.0000,129.0000,884.9379
122.6670,7.9170,0.7219,5.0000,163.0000,884.9379
122.7500,7.9170,0.6469,5.0000,238.0000,884.9379
122.8330,7.9170,0.4939,5.0000,391.0000,884.9379
122.9170,7.9170,0.0789,5.0000,806.0000,884.9379
123.0000,7.9170,0.7409,5.0000,144.0000,884.9379
123.0830,7.9170,0.6529,5.0000,232.0000,884.9379
123.1670,7.9170,0.1809,5.0000,704.0000,884.9379
123.2500,7.9170,0.4489,5.0000,436.0000,884.9379
123.3330,7.9170,0.7599,5.0000,125.0000,884.9379
123.4170,7.9170,0.8069,5.0000,78.0000,884.9379
122.1670,7.8330,1.2518,5.0000,123.0000,1374.8429
122.2500,7.8330,1.0348,5.0000,340.0000,1374.8429
122.3330,7.8330,0.7608,5.0000,614.0000,1374.8429
122.4170,7.8330,1.2878,5.0000,87.0000,1374.8429
122.5000,7.8330,1.1788,5.0000,196.0000,1374.8429
122.5830,7.8330,0.8489,5.0000,36.0000,884.9379
122.6670,7.8330,0.8429,5.0000,42.0000,884.9379
122.7500,7.8330,0.7779,5.0000,107.0000,884.9379
122.8330,7.8330,0.7759,5.0000,109.0000,884.9379
122.9170,7.8330,0.6339,5.0000,251.0000,884.9379
123.0000,7.8330,0.8149,5.0000,70.0000,884.9379
123.0830,7.8330,0.7619,5.0000,123.0000,884.9379
123.1670,7.8330,0.4869,5.0000,398.0000,884.9379
123.2500,7.8330,0.5289,5.0000,356.0000,884.9379
123.3330,7.8330,0.4859,5.0000,399.0000,884.9379
123.4170,7.8330,0.7999,5.0000,85.0000,884.9379
122.1670,7.7500,1.3518,5.0000,23.0000,1374.8429
122.2500,7.7500,0.9898,5.0000,385.0000,1374.8429
122.3330,7.7500,1.1568,5.0000,218.0000,1374.8429
122.4170,7.7500,1.0988,5.0000,276.0000,1374.8429
122.5000,7.7500,1.2148,5.0000,160.0000,1374.8429
122.5830,7.7500,0.8839,5.0000,1.0000,884.9379
122.8330,7.7500,0.8319,5.0000,53.0000,884.9379
122.9170,7.7500,0.8509,5.0000,34.0000,884.9379
123.0000,7.7500,0.6999,5.0000,185.0000,884.9379
123.0830,7.7500,0.8119,5.0000,73.0000,884.9379
123.1670,7.7500,0.8589,5.0000,26.0000,884.9379
123.2500,7.7500,0.4499,5.0000,435.0000,884.9379
123.3330,7.7500,0.7809,5.0000,104.0000,884.9379
123.4170,7.7500,0.8699,5.0000,15.0000,884.9379
122.1670,7.6670,1.1058,5.0000,269.0000,1374.8429
122.2500,7.6670,1.1188,5.0000,256.0000,1374.8429
122.3330,7.6670,1.0308,5.0000,344.0000,1374.8429
122.4170,7.6670,1.3258,5.0000,49.0000,1374.8429
122.8330,7.6670,0.8799,5.0000,5.0000,884.9379
122.9170,7.6670,0.8219,5.0000,63.0000,884.9379
123.0000,7.6670,0.7819,5.0000,103.0000,884.9379
123.1670,7.6670,0.8119,5.0000,73.0000,884.9379
123.2500,7.6670,0.6329,5.0000,252.0000,884.9379
123.3330,7.6670,0.7989,5.0000,86.0000,884.9379
123.4170,7.6670,0.5299,5.0000,355.0000,884.9379
122.1670,7.5830,1.3208,5.0000,54.0000,1374.8429
122.2500,7.5830,1.0208,5.0000,354.0000,1374.8429
122.3330,7.5830,1.1488,5.0000,226.0000,1374.8429
122.4170,7.5830,1.3588,5.0000,16.0000,1374.8429
122.8330,7.5830,0.8179,5.0000,67.0000,884.9379
122.9170,7.5830,0.8559,5.0000,29.0000,884.9379
123.0000,7.5830,0.8049,5.0000,80.0000,884.9379
123.2500,7.5830,0.5029,5.0000,382.0000,884.9379
123.3330,7.5830,0.8509,5.0000,34.0000,884.9379
122.1670,7.5000,0.4774,5.0000,291.0000,768.3610
122.2500,7.5000,0.4734,5.0000,295.0000,768.3610
122.3330,7.5000,0.7354,5.0000,33.0000,768.3610
122.8330,7.5000,0.9813,5.0000,16.0000,997.2707
123.1670,7.5000,0.9873,5.0000,10.0000,997.2707
123.3330,7.5000,0.9673,5.0000,30.0000,997.2707
122.0830,7.4170,0.4814,5.0000,287.0000,768.3610
122.1670,7.4170,0.3454,5.0000,423.0000,768.3610
122.2500,7.4170,0.2484,5.0000,520.0000,768.3610
122.3330,7.4170,0.7654,5.0000,3.0000,768.3610
122.8330,7.4170,0.9713,5.0000,26.0000,997.2707
122.9170,7.4170,0.9713,5.0000,26.0000,997.2707
123.3330,7.4170,0.9943,5.0000,3.0000,997.2707
122.0830,7.3330,0.4604,5.0000,308.0000,768.3610
122.1670,7.3330,0.4504,5.0000,318.0000,768.3610
122.2500,7.3330,0.5844,5.0000,184.0000,768.3610
122.3330,7.3330,0.7614,5.0000,7.0000,768.3610
122.8330,7.3330,0.9723,5.0000,25.0000,997.2707
122.0000,7.2500,0.5074,5.0000,261.0000,768.3610
122.0830,7.2500,0.5524,5.0000,216.0000,768.3610
122.1670,7.2500,0.4784,5.0000,290.0000,768.3610
122.2500,7.2500,0.6904,5.0000,78.0000,768.3610
121.9170,7.1670,0.6264,5.0000,142.0000,768.3610
122.0000,7.1670,0.4184,5.0000,350.0000,768.3610
122.0830,7.1670,0.0234,5.0000,745.0000,768.3610
122.1670,7.1670,0.3524,5.0000,416.0000,768.3610
122.2500,7.1670,0.7404,5.0000,28.0000,768.3610
121.9170,7.0830,0.6414,5.0000,127.0000,768.3610
122.0000,7.0830,-0.0966,5.0000,865.0000,768.3610
122.0830,7.0830,0.1654,5.0000,603.0000,768.3610
122.1670,7.0830,0.5924,5.0000,176.0000,768.3610
122.0000,7.0000,0.3114,5.0000,457.0000,768.3610
122.0830,7.0000,0.4994,5.0000,269.0000,768.3610
122.1670,7.0000,0.7584,5.0000,10.0000,768.3610
122.0830,6.9170,0.7634,5.0000,5.0000,768.3610
121.8330,6.6670,0.7614,5.0000,7.0000,768.3610
121.9170,6.6670,0.6844,5.0000,84.0000,768.3610
122.0000,6.6670,0.5094,5.0000,259.0000,768.3610
122.0830,6.6670,0.6664,5.0000,102.0000,768.3610
122.1670,6.6670,0.7404,5.0000,28.0000,768.3610
121.9170,6.5830,0.5144,5.0000,254.0000,768.3610
122.0000,6.5830,0.3944,5.0000,374.0000,768.3610
122.0830,6.5830,0.3974,5.0000,371.0000,768.3610
122.1670,6.5830,0.5724,5.0000,196.0000,768.3610
121.9170,6.5000,1.3605,5.0000,59.0000,1419.5229
122.0000,6.5000,0.8685,5.0000,551.0000,1419.5229
122.0830,6.5000,1.0445,5.0000,375.0000,1419.5229
122.1670,6.5000,1.1705,5.0000,249.0000,1419.5229
122.0000,6.4170,1.4105,5.0000,9.0000,1419.5229
121.5830,6.5000,1.0570,5.0000,-29.0000,1028.0000
121.5830,6.4170,1.0790,5.0000,-45.0000,1034.0000
121.6670,6.2500,1.0700,5.0000,-26.0000,1044.0000
121.6670,6.1670,1.1040,5.0000,-54.0000,1050.0000
121.7500,6.0830,1.0550,5.0000,-7.0000,1048.0000
121.7500,6.0000,1.1860,5.0000,-125.0000,1061.0000
121.8330,5.9170,3.4610,5.0000,-2374.0000,1087.0000
121.9170,5.8330,5.1910,5.0000,-4019.0000,1172.0000
121.9170,5.7500,5.6180,5.0000,-4353.0000,1265.0000
122.0000,5.6670,5.4970,5.0000,-4079.0000,1418.0000
122.0830,5.5830,5.7400,5.0000,-4174.0000,1566.0000
122.1670,5.5830,6.0970,5.0000,-4491.0000,1606.0000
122.1670,5.5000,6.2680,5.0000,-4595.0000,1673.0000
122.2500,5.5000,6.2200,5.0000,-4554.0000,1666.0000
122.2500,5.4170,6.3080,5.0000,-4616.0000,1692.0000
122.3330,5.4170,6.2260,5.0000,-4588.0000,1638.0000
122.4170,5.3330,6.1290,5.0000,-4597.0000,1532.0000
122.5000,5.3330,6.3440,5.0000,-4896.0000,1448.0000
122.5830,5.2500,6.4380,5.0000,-5179.0000,1259.0000
122.6670,5.2500,6.3950,5.0000,-5220.0000,1175.0000
122.7500,5.2500,6.2050,5.0000,-5083.0000,1122.0000
122.7500,5.1670,6.0170,5.0000,-4980.0000,1037.0000
122.8330,5.1670,6.1140,5.0000,-5096.0000,1018.0000
122.9170,5.1670,6.1230,5.0000,-5094.0000,1029.0000
123.0000,5.1670,5.9330,5.0000,-4836.0000,1097.0000
121.5000,6.8330,1.0480,5.0000,-28.0000,1020.0000
121.5000,6.7500,1.0250,5.0000,-11.0000,1014.0000
121.5830,6.3330,1.0880,5.0000,-48.0000,1040.0000
121.5830,6.2500,1.0400,5.0000,7.0000,1047.0000
121.6670,6.0830,1.0640,5.0000,-9.0000,1055.0000
121.7500,5.9170,2.1730,5.0000,-1082.0000,1091.0000
121.8330,5.8330,4.8030,5.0000,-3655.0000,1148.0000
121.8330,5.7500,5.5280,5.0000,-4304.0000,1224.0000
121.9170,5.6670,5.3070,5.0000,-3948.0000,1359.0000
122.0000,5.5830,5.1420,5.0000,-3628.0000,1514.0000
122.0830,5.5000,5.5160,5.0000,-3857.0000,1659.0000
122.1670,5.4170,5.9160,5.0000,-4177.0000,1739.0000
122.2500,5.3330,6.1350,5.0000,-4433.0000,1702.0000
122.3330,5.3330,6.2340,5.0000,-4618.0000,1616.0000
122.4170,5.2500,6.1230,5.0000,-4645.0000,1478.0000
122.5000,5.2500,6.2490,5.0000,-4884.0000,1365.0000
122.5000,5.1670,6.0210,5.0000,-4723.0000,1298.0000
122.5830,5.1670,6.3520,5.0000,-5181.0000,1171.0000
122.6670,5.1670,6.3050,5.0000,-5222.0000,1083.0000
122.7500,5.0830,5.7740,5.0000,-4754.0000,1020.0000
122.8330,5.0830,6.1020,5.0000,-5092.0000,1010.0000
122.9170,5.0830,6.1790,5.0000,-5161.0000,1018.0000
123.0000,5.0830,6.0210,5.0000,-4949.0000,1072.0000
123.0000,5.0000,6.0570,5.0000,-4902.0000,1155.0000
121.5000,6.6670,1.0380,5.0000,-23.0000,1015.0000
121.5000,6.5830,1.0440,5.0000,-25.0000,1019.0000
121.5000,6.5000,1.0560,5.0000,-31.0000,1025.0000
121.5830,6.1670,1.1180,5.0000,-64.0000,1054.0000
121.6670,5.9170,1.6620,5.0000,-567.0000,1095.0000
121.7500,5.8330,3.5850,5.0000,-2451.0000,1134.0000
121.7500,5.7500,4.8790,5.0000,-3691.0000,1188.0000
121.8330,5.6670,5.2230,5.0000,-3920.0000,1303.0000
121.9170,5.5830,4.9210,5.0000,-3470.0000,1451.0000
122.0000,5.5000,4.2470,5.0000,-2633.0000,1614.0000
122.0830,5.4170,5.0470,5.0000,-3294.0000,1753.0000
122.1670,5.3330,5.6480,5.0000,-3869.0000,1779.0000
122.2500,5.2500,5.6790,5.0000,-3990.0000,1689.0000
122.3330,5.2500,6.0710,5.0000,-4485.0000,1586.0000
122.3330,5.1670,5.3620,5.0000,-3803.0000,1559.0000
122.4170,5.1670,5.9380,5.0000,-4504.0000,1434.0000
122.5000,5.0830,5.2820,5.0000,-4014.0000,1268.0000
122.5830,5.0830,5.6350,5.0000,-4500.0000,1135.0000
122.6670,5.0830,5.7950,5.0000,-4742.0000,1053.0000
122.6670,5.0000,5.5200,5.0000,-4422.0000,1098.0000
122.7500,5.0000,5.6540,5.0000,-4582.0000,1072.0000
122.8330,5.0000,5.8520,5.0000,-4781.0000,1071.0000
122.9170,5.0000,6.0380,5.0000,-4946.0000,1092.0000
123.0000,4.9170,6.1990,5.0000,-4870.0000,1329.0000
121.6670,6.0000,1.4105,5.0000,9.0000,1419.5229
121.5000,6.4170,1.0760,5.0000,-44.0000,1032.0000
123.2500,6.3330,6.0550,5.0000,-4059.0000,1996.0000
123.2500,6.2500,6.1330,5.0000,-4134.0000,1999.0000
123.2500,6.1670,6.0270,5.0000,-4027.0000,2000.0000
121.5830,6.0830,1.1120,5.0000,-49.0000,1063.0000
123.2500,6.0830,6.5550,5.0000,-4559.0000,1996.0000
123.2500,6.0000,6.6400,5.0000,-4650.0000,1990.0000
123.2500,5.9170,6.6590,5.0000,-4678.0000,1981.0000
121.6670,5.8330,2.5700,5.0000,-1451.0000,1119.0000
123.2500,5.8330,6.6820,5.0000,-4713.0000,1969.0000
123.1670,5.7500,6.6120,5.0000,-4651.0000,1961.0000
123.2500,5.7500,6.7300,5.0000,-4776.0000,1954.0000
121.7500,5.6670,5.1640,5.0000,-3916.0000,1248.0000
123.1670,5.6670,6.5780,5.0000,-4631.0000,1947.0000
123.2500,5.6670,6.6450,5.0000,-4707.0000,1938.0000
121.8330,5.5830,4.6560,5.0000,-3271.0000,1385.0000
123.1670,5.5830,6.5740,5.0000,-4656.0000,1918.0000
123.2500,5.5830,6.5310,5.0000,-4616.0000,1915.0000
121.9170,5.5000,4.3550,5.0000,-2808.0000,1547.0000
123.1670,5.5000,6.5060,5.0000,-4635.0000,1871.0000
123.2500,5.5000,6.5060,5.0000,-4622.0000,1884.0000
122.0000,5.4170,4.3390,5.0000,-2625.0000,1714.0000
123.1670,5.4170,6.4760,5.0000,-4672.0000,1804.0000
123.2500,5.4170,6.5110,5.0000,-4667.0000,1844.0000
122.0000,5.3330,5.3680,5.0000,-3578.0000,1790.0000
122.0830,5.3330,5.2280,5.0000,-3411.0000,1817.0000
123.1670,5.3330,6.3060,5.0000,-4602.0000,1704.0000
123.2500,5.3330,6.5580,5.0000,-4776.0000,1782.0000
122.1670,5.2500,5.7540,5.0000,-3976.0000,1778.0000
123.1670,5.2500,6.3090,5.0000,-4739.0000,1570.0000
123.2500,5.2500,6.5010,5.0000,-4805.0000,1696.0000
122.2500,5.1670,5.3660,5.0000,-3699.0000,1667.0000
123.0830,5.1670,5.9960,5.0000,-4744.0000,1252.0000
123.1670,5.1670,6.1940,5.0000,-4736.0000,1458.0000
123.2500,5.1670,6.4510,5.0000,-4822.0000,1629.0000
122.3330,5.0830,5.7200,5.0000,-4171.0000,1549.0000
122.4170,5.0830,4.8710,5.0000,-3454.0000,1417.0000
123.0830,5.0830,6.0460,5.0000,-4831.0000,1215.0000
123.1670,5.0830,6.2530,5.0000,-4826.0000,1427.0000
123.2500,5.0830,6.4250,5.0000,-4800.0000,1625.0000
122.5000,5.0000,5.8480,5.0000,-4547.0000,1301.0000
122.5830,5.0000,5.5740,5.0000,-4401.0000,1173.0000
123.0830,5.0000,6.1620,5.0000,-4870.0000,1292.0000
123.1670,5.0000,6.3810,5.0000,-4889.0000,1492.0000
123.2500,5.0000,6.5270,5.0000,-4849.0000,1678.0000
122.6670,4.9170,5.8330,5.0000,-4605.0000,1228.0000
122.7500,4.9170,6.0320,5.0000,-4831.0000,1201.0000
122.8330,4.9170,5.7530,5.0000,-4546.0000,1207.0000
122.9170,4.9170,5.9590,5.0000,-4710.0000,1249.0000
123.0830,4.9170,6.3870,5.0000,-4937.0000,1450.0000
123.1670,4.9170,6.6000,5.0000,-4996.0000,1604.0000
123.2500,4.9170,6.4140,5.0000,-4676.0000,1738.0000
123.3330,4.9170,6.6140,5.0000,-4830.0000,1784.0000
122.9170,4.8330,6.1100,5.0000,-4672.0000,1438.0000
123.0000,4.8330,6.2190,5.0000,-4703.0000,1516.0000
123.0830,4.8330,6.4120,5.0000,-4814.0000,1598.0000
123.1670,4.8330,6.5480,5.0000,-4862.0000,1686.0000
123.2500,4.8330,6.5920,5.0000,-4840.0000,1752.0000
123.3330,4.8330,6.6270,5.0000,-4878.0000,1749.0000
121.5000,6.3330,1.0980,5.0000,-58.0000,1040.0000
121.5830,6.0000,1.0970,5.0000,-23.0000,1074.0000
121.6670,5.7500,3.2280,5.0000,-2076.0000,1152.0000
123.3330,5.7500,6.7630,5.0000,-4824.0000,1939.0000
123.3330,5.6670,6.7550,5.0000,-4836.0000,1919.0000
121.7500,5.5830,4.9220,5.0000,-3606.0000,1316.0000
123.3330,5.5830,6.6290,5.0000,-4735.0000,1894.0000
121.8330,5.5000,3.7080,5.0000,-2236.0000,1472.0000
123.3330,5.5000,6.5850,5.0000,-4719.0000,1866.0000
121.9170,5.4170,5.3600,5.0000,-3718.0000,1642.0000
123.3330,5.4170,6.4620,5.0000,-4627.0000,1835.0000
121.9170,5.3330,5.7340,5.0000,-4011.0000,1723.0000
123.3330,5.3330,6.4680,5.0000,-4674.0000,1794.0000
122.0000,5.2500,6.5480,5.0000,-4723.0000,1825.0000
122.0830,5.2500,6.3410,5.0000,-4512.0000,1829.0000
123.3330,5.2500,6.4720,5.0000,-4726.0000,1746.0000
122.0830,5.1670,6.8230,5.0000,-5008.0000,1815.0000
122.1670,5.1670,6.2850,5.0000,-4529.0000,1756.0000
123.3330,5.1670,6.5510,5.0000,-4832.0000,1719.0000
122.2500,5.0830,6.2970,5.0000,-4640.0000,1657.0000
123.3330,5.0830,6.5890,5.0000,-4854.0000,1735.0000
122.3330,5.0000,5.9060,5.0000,-4336.0000,1570.0000
122.4170,5.0000,5.8920,5.0000,-4448.0000,1444.0000
123.3330,5.0000,6.6360,5.0000,-4864.0000,1772.0000
122.5000,4.9170,6.4470,5.0000,-5048.0000,1399.0000
122.5830,4.9170,6.1410,5.0000,-4847.0000,1294.0000
122.6670,4.8330,6.1920,5.0000,-4770.0000,1422.0000
122.7500,4.8330,6.1400,5.0000,-4751.0000,1389.0000
122.8330,4.8330,6.0960,5.0000,-4708.0000,1388.0000
122.9170,4.7500,6.3430,5.0000,-4788.0000,1555.0000
123.0000,4.7500,6.3500,5.0000,-4743.0000,1607.0000
123.0830,4.7500,6.4170,5.0000,-4773.0000,1644.0000
123.1670,4.7500,6.3390,5.0000,-4665.0000,1674.0000
123.2500,4.7500,6.3640,5.0000,-4674.0000,1690.0000
123.3330,4.7500,6.4900,5.0000,-4827.0000,1663.0000
121.5830,5.9170,1.2170,5.0000,-129.0000,1088.0000
121.6670,5.6670,4.7810,5.0000,-3591.0000,1190.0000
121.7500,5.5000,4.9430,5.0000,-3551.0000,1392.0000
121.8330,5.4170,5.6470,5.0000,-4088.0000,1559.0000
121.9170,5.2500,6.7260,5.0000,-4944.0000,1782.0000
122.0000,5.1670,6.9640,5.0000,-5128.0000,1836.0000
122.0830,5.0830,6.9020,5.0000,-5097.0000,1805.0000
122.1670,5.0830,6.9270,5.0000,-5185.0000,1742.0000
122.1670,5.0000,6.7330,5.0000,-4987.0000,1746.0000
122.2500,5.0000,6.0600,5.0000,-4391.0000,1669.0000
122.3330,4.9170,5.8660,5.0000,-4245.0000,1621.0000
122.4170,4.9170,6.0800,5.0000,-4563.0000,1517.0000
122.4170,4.8330,6.1390,5.0000,-4521.0000,1618.0000
122.5000,4.8330,6.3750,5.0000,-4839.0000,1536.0000
122.5830,4.8330,6.3790,5.0000,-4910.0000,1469.0000
122.5830,4.7500,6.3870,5.0000,-4754.0000,1633.0000
122.6670,4.7500,6.3150,5.0000,-4707.0000,1608.0000
122.7500,4.7500,6.3940,5.0000,-4834.0000,1560.0000
122.8330,4.7500,6.3410,5.0000,-4812.0000,1529.0000
122.8330,4.6670,6.3120,5.0000,-4765.0000,1547.0000
122.9170,4.6670,6.4290,5.0000,-4903.0000,1526.0000
123.0000,4.6670,6.4350,5.0000,-4894.0000,1541.0000
123.0830,4.6670,6.4380,5.0000,-4882.0000,1556.0000
123.1670,4.6670,6.3430,5.0000,-4775.0000,1568.0000
123.2500,4.6670,6.1370,5.0000,-4566.0000,1571.0000
123.3330,4.6670,6.0910,5.0000,-4544.0000,1547.0000
121.5830,5.8330,1.9380,5.0000,-837.0000,1101.0000
121.6670,5.5830,4.5680,5.0000,-3327.0000,1241.0000
121.7500,5.4170,5.5430,5.0000,-4067.0000,1476.0000
121.8330,5.3330,5.9100,5.0000,-4266.0000,1644.0000
121.9170,5.1670,7.0280,5.0000,-5201.0000,1827.0000
122.0000,5.0830,7.0680,5.0000,-5225.0000,1843.0000
122.0830,5.0000,6.7090,5.0000,-4903.0000,1806.0000
122.1670,4.9170,6.8770,5.0000,-5114.0000,1763.0000
122.2500,4.9170,6.5510,5.0000,-4850.0000,1701.0000
122.3330,4.8330,6.5310,5.0000,-4837.0000,1694.0000
122.4170,4.7500,6.6150,5.0000,-4909.0000,1706.0000
122.5000,4.7500,6.3880,5.0000,-4730.0000,1658.0000
122.5830,4.6670,6.5460,5.0000,-4846.0000,1700.0000
122.6670,4.6670,6.4600,5.0000,-4775.0000,1685.0000
122.7500,4.6670,6.4350,5.0000,-4817.0000,1618.0000
122.8330,4.5830,6.0950,5.0000,-4658.0000,1437.0000
122.9170,4.5830,6.0350,5.0000,-4651.0000,1384.0000
123.0000,4.5830,6.1550,5.0000,-4781.0000,1374.0000
123.0830,4.5830,6.1810,5.0000,-4788.0000,1393.0000
123.1670,4.5830,6.2320,5.0000,-4810.0000,1422.0000
123.2500,4.5830,6.2190,5.0000,-4781.0000,1438.0000
123.3330,4.5830,6.0900,5.0000,-4659.0000,1431.0000
121.5830,5.7500,2.1970,5.0000,-1082.0000,1115.0000
121.6670,5.5000,4.8250,5.0000,-3515.0000,1310.0000
121.7500,5.3330,5.8800,5.0000,-4320.0000,1560.0000
121.8330,5.2500,6.6350,5.0000,-4915.0000,1720.0000
121.9170,5.0830,6.8540,5.0000,-4992.0000,1862.0000
122.0000,5.0000,6.8890,5.0000,-5039.0000,1850.0000
122.0830,4.9170,6.8660,5.0000,-5051.0000,1815.0000
122.1670,4.8330,6.8700,5.0000,-5084.0000,1786.0000
122.2500,4.8330,6.7180,5.0000,-4972.0000,1746.0000
122.3330,4.7500,6.8320,5.0000,-5078.0000,1754.0000
122.4170,4.6670,6.6630,5.0000,-4941.0000,1722.0000
122.5000,4.6670,6.7690,5.0000,-5071.0000,1698.0000
122.5830,4.5830,6.6020,5.0000,-4979.0000,1623.0000
122.6670,4.5830,6.5600,5.0000,-4958.0000,1602.0000
122.7500,4.5830,6.2930,5.0000,-4767.0000,1526.0000
122.7500,4.5000,6.3080,5.0000,-4954.0000,1354.0000
122.8330,4.5000,6.2670,5.0000,-4993.0000,1274.0000
122.9170,4.5000,6.0250,5.0000,-4805.0000,1220.0000
123.0000,4.5000,6.0040,5.0000,-4795.0000,1209.0000
123.0830,4.5000,6.0790,5.0000,-4836.0000,1243.0000
123.1670,4.5000,6.1070,5.0000,-4816.0000,1291.0000
123.2500,4.5000,6.1350,5.0000,-4811.0000,1324.0000
123.3330,4.5000,6.3240,5.0000,-4992.0000,1332.0000
123.1670,4.4170,6.1510,5.0000,-4948.0000,1203.0000
123.2500,4.4170,6.2070,5.0000,-4968.0000,1239.0000
123.3330,4.4170,6.2200,5.0000,-4966.0000,1254.0000
123.3330,6.0000,6.7210,5.0000,-4736.0000,1985.0000
123.3330,5.9170,6.6560,5.0000,-4683.0000,1973.0000
123.3330,5.8330,6.6580,5.0000,-4700.0000,1958.0000
121.5830,5.6670,4.1540,5.0000,-3022.0000,1132.0000
121.6670,5.4170,5.4270,5.0000,-4037.0000,1390.0000
121.7500,5.2500,6.2790,5.0000,-4636.0000,1643.0000
121.8330,5.1670,6.7750,5.0000,-4984.0000,1791.0000
123.4170,5.1670,6.4720,5.0000,-4741.0000,1731.0000
123.4170,5.0830,6.5900,5.0000,-4848.0000,1742.0000
121.9170,5.0000,6.7340,5.0000,-4856.0000,1878.0000
123.4170,5.0000,6.6170,5.0000,-4862.0000,1755.0000
122.0000,4.9170,6.7270,5.0000,-4869.0000,1858.0000
123.4170,4.9170,6.5820,5.0000,-4846.0000,1736.0000
122.0830,4.8330,6.9990,5.0000,-5172.0000,1827.0000
123.4170,4.8330,6.5820,5.0000,-4901.0000,1681.0000
122.1670,4.7500,6.6190,5.0000,-4828.0000,1791.0000
122.2500,4.7500,6.7440,5.0000,-4968.0000,1776.0000
123.4170,4.7500,6.4540,5.0000,-4858.0000,1596.0000
122.2500,4.6670,6.6960,5.0000,-4952.0000,1744.0000
122.3330,4.6670,6.7870,5.0000,-5039.0000,1748.0000
123.4170,4.6670,6.2800,5.0000,-4783.0000,1497.0000
122.4170,4.5830,6.4420,5.0000,-4810.0000,1632.0000
122.5000,4.5830,6.5950,5.0000,-4973.0000,1622.0000
123.4170,4.5830,6.0750,5.0000,-4674.0000,1401.0000
122.5830,4.5000,6.4600,5.0000,-5001.0000,1459.0000
122.6670,4.5000,6.3600,5.0000,-4935.0000,1425.0000
123.4170,4.5000,6.2550,5.0000,-4937.0000,1318.0000
122.7500,4.4170,6.1970,5.0000,-5008.0000,1189.0000
122.8330,4.4170,6.1410,5.0000,-5005.0000,1136.0000
122.9170,4.4170,6.1680,5.0000,-5060.0000,1108.0000
123.0000,4.4170,6.0240,5.0000,-4911.0000,1113.0000
123.0830,4.4170,6.0790,5.0000,-4926.0000,1153.0000
123.4170,4.4170,6.2040,5.0000,-4955.0000,1249.0000
123.5000,4.4170,6.1580,5.0000,-4928.0000,1230.0000
123.0830,4.3330,6.0840,5.0000,-4973.0000,1111.0000
123.1670,4.3330,6.1010,5.0000,-4949.0000,1152.0000
123.2500,4.3330,6.1430,5.0000,-4961.0000,1182.0000
123.3330,4.3330,6.1290,5.0000,-4933.0000,1196.0000
123.4170,4.3330,6.0590,5.0000,-4863.0000,1196.0000
123.5000,4.3330,6.0130,5.0000,-4829.0000,1184.0000
123.4170,5.9170,6.7000,5.0000,-4734.0000,1966.0000
123.4170,5.8330,6.7170,5.0000,-4771.0000,1946.0000
123.4170,5.7500,6.8250,5.0000,-4902.0000,1923.0000
123.5000,5.7500,6.7400,5.0000,-4831.0000,1909.0000
123.4170,5.6670,6.8750,5.0000,-4976.0000,1899.0000
123.5000,5.6670,6.6680,5.0000,-4789.0000,1879.0000
123.4170,5.5830,6.6880,5.0000,-4818.0000,1870.0000
123.5000,5.5830,6.5430,5.0000,-4696.0000,1847.0000
123.5830,5.5830,6.4330,5.0000,-4609.0000,1824.0000
123.4170,5.5000,6.7860,5.0000,-4946.0000,1840.0000
123.5000,5.5000,6.6690,5.0000,-4857.0000,1812.0000
123.5830,5.5000,6.7560,5.0000,-4973.0000,1783.0000
123.4170,5.4170,6.5840,5.0000,-4776.0000,1808.0000
123.5000,5.4170,6.5840,5.0000,-4807.0000,1777.0000
123.5830,5.4170,6.6930,5.0000,-4950.0000,1743.0000
123.6670,5.4170,6.7070,5.0000,-5000.0000,1707.0000
123.4170,5.3330,6.4540,5.0000,-4679.0000,1775.0000
123.5000,5.3330,6.5420,5.0000,-4800.0000,1742.0000
123.5830,5.3330,6.5870,5.0000,-4884.0000,1703.0000
123.6670,5.3330,6.5910,5.0000,-4931.0000,1660.0000
123.4170,5.2500,6.4260,5.0000,-4682.0000,1744.0000
123.5000,5.2500,6.4270,5.0000,-4714.0000,1713.0000
123.5830,5.2500,6.2930,5.0000,-4625.0000,1668.0000
123.6670,5.2500,6.4290,5.0000,-4814.0000,1615.0000
123.7500,5.2500,6.1820,5.0000,-4624.0000,1558.0000
123.5000,5.1670,6.4440,5.0000,-4749.0000,1695.0000
123.5830,5.1670,6.0690,5.0000,-4431.0000,1638.0000
123.6670,5.1670,5.9860,5.0000,-4411.0000,1575.0000
123.7500,5.1670,6.2470,5.0000,-4739.0000,1508.0000
121.8330,5.0830,6.5780,5.0000,-4731.0000,1847.0000
123.5000,5.0830,6.5620,5.0000,-4874.0000,1688.0000
123.5830,5.0830,6.5340,5.0000,-4920.0000,1614.0000
123.6670,5.0830,6.4970,5.0000,-4959.0000,1538.0000
123.7500,5.0830,6.4380,5.0000,-4977.0000,1461.0000
123.8330,5.0830,6.3890,5.0000,-5006.0000,1383.0000
123.5000,5.0000,6.5870,5.0000,-4910.0000,1677.0000
123.5830,5.0000,6.5200,5.0000,-4934.0000,1586.0000
123.6670,5.0000,6.4120,5.0000,-4913.0000,1499.0000
123.7500,5.0000,6.4340,5.0000,-5018.0000,1416.0000
123.8330,5.0000,6.3380,5.0000,-5003.0000,1335.0000
123.5000,4.9170,6.5400,5.0000,-4896.0000,1644.0000
123.5830,4.9170,6.5070,5.0000,-4961.0000,1546.0000
123.6670,4.9170,6.4040,5.0000,-4948.0000,1456.0000
123.7500,4.9170,6.4390,5.0000,-5069.0000,1370.0000
123.8330,4.9170,6.3330,5.0000,-5045.0000,1288.0000
123.9170,4.9170,6.2000,5.0000,-4991.0000,1209.0000
123.5000,4.8330,6.4960,5.0000,-4909.0000,1587.0000
123.5830,4.8330,6.4580,5.0000,-4965.0000,1493.0000
123.6670,4.8330,6.3580,5.0000,-4953.0000,1405.0000
123.7500,4.8330,6.3780,5.0000,-5057.0000,1321.0000
123.8330,4.8330,6.1700,5.0000,-4930.0000,1240.0000
123.9170,4.8330,6.0080,5.0000,-4844.0000,1164.0000
124.0000,4.8330,6.1550,5.0000,-5055.0000,1100.0000
123.5000,4.7500,6.3940,5.0000,-4880.0000,1514.0000
123.5830,4.7500,6.3480,5.0000,-4917.0000,1431.0000
123.6670,4.7500,6.2380,5.0000,-4888.0000,1350.0000
123.7500,4.7500,6.1240,5.0000,-4854.0000,1270.0000
123.8330,4.7500,5.9910,5.0000,-4799.0000,1192.0000
123.9170,4.7500,6.0240,5.0000,-4903.0000,1121.0000
124.0000,4.7500,6.0990,5.0000,-5032.0000,1067.0000
123.5000,4.6670,6.3960,5.0000,-4962.0000,1434.0000
123.5830,4.6670,6.2460,5.0000,-4880.0000,1366.0000
123.6670,4.6670,6.0000,5.0000,-4706.0000,1294.0000
123.7500,4.6670,6.0490,5.0000,-4829.0000,1220.0000
123.8330,4.6670,6.1300,5.0000,-4983.0000,1147.0000
123.9170,4.6670,6.0920,5.0000,-5008.0000,1084.0000
124.0000,4.6670,6.0240,5.0000,-4983.0000,1041.0000
124.0830,4.6670,6.0350,5.0000,-5016.0000,1019.0000
122.3330,4.5830,6.6360,5.0000,-4998.0000,1638.0000
123.5000,4.5830,6.3250,5.0000,-4969.0000,1356.0000
123.5830,4.5830,6.2330,5.0000,-4930.0000,1303.0000
123.6670,4.5830,6.1940,5.0000,-4952.0000,1242.0000
123.7500,4.5830,6.0160,5.0000,-4840.0000,1176.0000
123.8330,4.5830,6.0470,5.0000,-4937.0000,1110.0000
123.9170,4.5830,5.9870,5.0000,-4932.0000,1055.0000
124.0000,4.5830,5.8950,5.0000,-4871.0000,1024.0000
124.0830,4.5830,6.0280,5.0000,-5018.0000,1010.0000
122.4170,4.5000,6.3580,5.0000,-4886.0000,1472.0000
122.5000,4.5000,6.4480,5.0000,-4980.0000,1468.0000
123.5000,4.5000,6.2520,5.0000,-4964.0000,1288.0000
123.5830,4.5000,6.1990,5.0000,-4952.0000,1247.0000
123.6670,4.5000,6.1510,5.0000,-4954.0000,1197.0000
123.7500,4.5000,6.0670,5.0000,-4926.0000,1141.0000
123.8330,4.5000,5.9470,5.0000,-4863.0000,1084.0000
123.9170,4.5000,6.0050,5.0000,-4967.0000,1038.0000
124.0000,4.5000,5.9830,5.0000,-4969.0000,1014.0000
124.0830,4.5000,6.0310,5.0000,-5026.0000,1005.0000
124.1670,4.5000,5.9950,5.0000,-4992.0000,1003.0000
122.5830,4.4170,6.2010,5.0000,-4918.0000,1283.0000
122.6670,4.4170,6.2410,5.0000,-4995.0000,1246.0000
123.5830,4.4170,6.1200,5.0000,-4920.0000,1200.0000
123.6670,4.4170,6.1040,5.0000,-4944.0000,1160.0000
123.7500,4.4170,6.0460,5.0000,-4931.0000,1115.0000
123.8330,4.4170,6.1470,5.0000,-5079.0000,1068.0000
123.9170,4.4170,6.0330,5.0000,-5002.0000,1031.0000
124.0000,4.4170,5.9680,5.0000,-4958.0000,1010.0000
124.0830,4.4170,5.9030,5.0000,-4900.0000,1003.0000
124.1670,4.4170,5.9710,5.0000,-4971.0000,1000.0000
122.8330,4.3330,5.9940,5.0000,-4937.0000,1057.0000
122.9170,4.3330,6.0740,5.0000,-5018.0000,1056.0000
123.0000,4.3330,6.0720,5.0000,-4997.0000,1075.0000
123.5830,4.3330,6.1490,5.0000,-4988.0000,1161.0000
123.6670,4.3330,6.0780,5.0000,-4947.0000,1131.0000
123.7500,4.3330,6.0550,5.0000,-4959.0000,1096.0000
123.8330,4.3330,6.3250,5.0000,-5265.0000,1060.0000
123.9170,4.3330,6.1090,5.0000,-5079.0000,1030.0000
123.1670,4.2500,6.0270,5.0000,-4907.0000,1120.0000
123.2500,4.2500,6.0370,5.0000,-4895.0000,1142.0000
123.3330,4.2500,5.9440,5.0000,-4790.0000,1154.0000
123.4170,4.2500,5.9530,5.0000,-4798.0000,1155.0000
123.5000,4.2500,6.0080,5.0000,-4861.0000,1147.0000
123.5830,4.2500,6.2010,5.0000,-5070.0000,1131.0000
122.0000,4.8330,6.7260,5.0000,-4860.0000,1866.0000
122.0830,4.7500,6.7820,5.0000,-4961.0000,1821.0000
122.1670,4.6670,6.5430,5.0000,-4805.0000,1738.0000
122.2500,4.5830,6.5780,5.0000,-4958.0000,1620.0000
122.5000,4.4170,6.2420,5.0000,-4943.0000,1299.0000
122.6670,4.3330,6.2540,5.0000,-5142.0000,1112.0000
122.7500,4.3330,6.0630,5.0000,-4985.0000,1078.0000
124.0000,4.3330,5.8890,5.0000,-4877.0000,1012.0000
124.0830,4.3330,5.8890,5.0000,-4886.0000,1003.0000
124.1670,4.3330,6.0440,5.0000,-5045.0000,999.0000
122.8330,4.2500,6.0050,5.0000,-4979.0000,1026.0000
122.9170,4.2500,5.9860,5.0000,-4947.0000,1039.0000
123.0000,4.2500,6.0090,5.0000,-4947.0000,1062.0000
123.0830,4.2500,6.0530,5.0000,-4962.0000,1091.0000
123.6670,4.2500,6.1560,5.0000,-5047.0000,1109.0000
123.7500,4.2500,6.0150,5.0000,-4933.0000,1082.0000
123.8330,4.2500,6.2360,5.0000,-5181.0000,1055.0000
123.9170,4.2500,6.1910,5.0000,-5160.0000,1031.0000
124.0000,4.2500,5.9740,5.0000,-4960.0000,1014.0000
123.1670,4.1670,6.0560,5.0000,-4959.0000,1097.0000
123.2500,4.1670,5.9310,5.0000,-4818.0000,1113.0000
123.3330,4.1670,6.0790,5.0000,-4956.0000,1123.0000
123.4170,4.1670,6.1850,5.0000,-5061.0000,1124.0000
123.5000,4.1670,6.0340,5.0000,-4915.0000,1119.0000
123.5830,4.1670,6.0800,5.0000,-4973.0000,1107.0000
123.6670,4.1670,6.1050,5.0000,-5014.0000,1091.0000
123.5000,5.8330,6.8230,5.0000,-4886.0000,1937.0000
123.5830,5.7500,6.9530,5.0000,-5055.0000,1898.0000
123.5830,5.6670,6.4440,5.0000,-4582.0000,1862.0000
123.6670,5.6670,6.8230,5.0000,-4975.0000,1848.0000
123.6670,5.5830,6.4130,5.0000,-4610.0000,1803.0000
123.7500,5.5830,6.7120,5.0000,-4928.0000,1784.0000
123.8330,5.5830,6.4880,5.0000,-4719.0000,1769.0000
123.6670,5.5000,6.7410,5.0000,-4986.0000,1755.0000
123.7500,5.5000,6.6560,5.0000,-4928.0000,1728.0000
123.8330,5.5000,6.7370,5.0000,-5034.0000,1703.0000
123.9170,5.5000,6.5570,5.0000,-4876.0000,1681.0000
123.7500,5.4170,6.6450,5.0000,-4974.0000,1671.0000
123.8330,5.4170,6.7090,5.0000,-5076.0000,1633.0000
123.9170,5.4170,6.5130,5.0000,-4917.0000,1596.0000
124.0000,5.4170,6.4070,5.0000,-4847.0000,1560.0000
123.7500,5.3330,6.4280,5.0000,-4815.0000,1613.0000
123.8330,5.3330,6.5400,5.0000,-4977.0000,1563.0000
123.9170,5.3330,6.3270,5.0000,-4815.0000,1512.0000
124.0000,5.3330,6.3090,5.0000,-4854.0000,1455.0000
124.0830,5.3330,6.4440,5.0000,-5044.0000,1400.0000
123.8330,5.2500,5.9870,5.0000,-4491.0000,1496.0000
123.9170,5.2500,6.1120,5.0000,-4683.0000,1429.0000
124.0000,5.2500,6.3800,5.0000,-5025.0000,1355.0000
124.0830,5.2500,6.4900,5.0000,-5210.0000,1280.0000
124.1670,5.2500,6.6940,5.0000,-5475.0000,1219.0000
123.8330,5.1670,5.8940,5.0000,-4458.0000,1436.0000
123.9170,5.1670,6.2070,5.0000,-4849.0000,1358.0000
124.0000,5.1670,6.2720,5.0000,-5000.0000,1272.0000
124.0830,5.1670,6.3630,5.0000,-5179.0000,1184.0000
124.1670,5.1670,6.4010,5.0000,-5286.0000,1115.0000
124.2500,5.1670,6.4560,5.0000,-5374.0000,1082.0000
124.3330,5.1670,6.4800,5.0000,-5414.0000,1066.0000
123.9170,5.0830,6.3210,5.0000,-5020.0000,1301.0000
124.0000,5.0830,6.2490,5.0000,-5035.0000,1214.0000
124.0830,5.0830,6.2080,5.0000,-5080.0000,1128.0000
124.1670,5.0830,6.2530,5.0000,-5192.0000,1061.0000
124.2500,5.0830,6.2120,5.0000,-5182.0000,1030.0000
124.3330,5.0830,6.2870,5.0000,-5269.0000,1018.0000
124.4170,5.0830,6.2900,5.0000,-5281.0000,1009.0000
123.9170,5.0000,6.2910,5.0000,-5037.0000,1254.0000
124.0000,5.0000,6.2060,5.0000,-5033.0000,1173.0000
124.0830,5.0000,6.0580,5.0000,-4961.0000,1097.0000
124.1670,5.0000,6.1490,5.0000,-5109.0000,1040.0000
124.2500,5.0000,6.2290,5.0000,-5217.0000,1012.0000
124.3330,5.0000,6.1900,5.0000,-5188.0000,1002.0000
124.4170,5.0000,6.2780,5.0000,-5281.0000,997.0000
124.5000,5.0000,6.2470,5.0000,-5251.0000,996.0000
124.0000,4.9170,6.2410,5.0000,-5105.0000,1136.0000
124.0830,4.9170,6.2180,5.0000,-5144.0000,1074.0000
124.1670,4.9170,6.1560,5.0000,-5127.0000,1029.0000
124.2500,4.9170,6.1470,5.0000,-5141.0000,1006.0000
124.3330,4.9170,6.1370,5.0000,-5139.0000,998.0000
124.4170,4.9170,6.2010,5.0000,-5205.0000,996.0000
124.5000,4.9170,6.1800,5.0000,-5183.0000,997.0000
124.5830,4.9170,5.8520,5.0000,-4847.0000,1005.0000
124.0830,4.8330,6.1690,5.0000,-5117.0000,1052.0000
124.1670,4.8330,6.0970,5.0000,-5075.0000,1022.0000
124.2500,4.8330,6.0890,5.0000,-5084.0000,1005.0000
124.3330,4.8330,6.0870,5.0000,-5087.0000,1000.0000
124.4170,4.8330,6.2120,5.0000,-5214.0000,998.0000
124.5000,4.8330,6.1510,5.0000,-5152.0000,999.0000
124.5830,4.8330,5.6990,5.0000,-4692.0000,1007.0000
124.6670,4.8330,5.9660,5.0000,-4941.0000,1025.0000
124.0830,4.7500,6.0280,5.0000,-4995.0000,1033.0000
124.1670,4.7500,6.0360,5.0000,-5022.0000,1014.0000
124.2500,4.7500,6.0980,5.0000,-5092.0000,1006.0000
124.3330,4.7500,6.0820,5.0000,-5081.0000,1001.0000
124.4170,4.7500,6.3850,5.0000,-5385.0000,1000.0000
124.5000,4.7500,6.0740,5.0000,-5072.0000,1002.0000
124.5830,4.7500,5.3710,5.0000,-4363.0000,1008.0000
124.6670,4.7500,6.0090,5.0000,-4988.0000,1021.0000
124.1670,4.6670,6.0850,5.0000,-5076.0000,1009.0000
124.2500,4.6670,6.1080,5.0000,-5104.0000,1004.0000
124.3330,4.6670,6.0490,5.0000,-5047.0000,1002.0000
124.4170,4.6670,6.1500,5.0000,-5148.0000,1002.0000
124.5000,4.6670,5.6750,5.0000,-4672.0000,1003.0000
124.5830,4.6670,5.3780,5.0000,-4371.0000,1007.0000
124.6670,4.6670,6.0490,5.0000,-5034.0000,1015.0000
124.1670,4.5830,6.0130,5.0000,-5008.0000,1005.0000
124.2500,4.5830,5.9710,5.0000,-4969.0000,1002.0000
124.3330,4.5830,6.0020,5.0000,-5001.0000,1001.0000
124.4170,4.5830,5.9780,5.0000,-4978.0000,1000.0000
124.5000,4.5830,5.3360,5.0000,-4335.0000,1001.0000
124.5830,4.5830,5.8510,5.0000,-4847.0000,1004.0000
124.6670,4.5830,5.9330,5.0000,-4924.0000,1009.0000
122.3330,4.5000,6.4470,5.0000,-4983.0000,1464.0000
124.2500,4.5000,5.9750,5.0000,-4975.0000,1000.0000
124.3330,4.5000,6.0220,5.0000,-5023.0000,999.0000
124.4170,4.5000,5.9700,5.0000,-4972.0000,998.0000
124.5000,4.5000,5.5500,5.0000,-4552.0000,998.0000
124.5830,4.5000,5.8270,5.0000,-4828.0000,999.0000
124.2500,4.4170,5.9640,5.0000,-4966.0000,998.0000
124.3330,4.4170,5.9360,5.0000,-4939.0000,997.0000
124.4170,4.4170,5.8970,5.0000,-4902.0000,995.0000
124.5000,4.4170,5.4230,5.0000,-4429.0000,994.0000
122.5830,4.3330,6.1840,5.0000,-5044.0000,1140.0000
124.2500,4.3330,5.9660,5.0000,-4970.0000,996.0000
124.3330,4.3330,5.9160,5.0000,-4922.0000,994.0000
122.7500,4.2500,6.0300,5.0000,-5003.0000,1027.0000
124.0830,4.2500,6.0030,5.0000,-4999.0000,1004.0000
124.1670,4.2500,5.9720,5.0000,-4974.0000,998.0000
123.0000,4.1670,6.0890,5.0000,-5034.0000,1055.0000
123.0830,4.1670,6.2420,5.0000,-5165.0000,1077.0000
123.7500,4.1670,6.0130,5.0000,-4942.0000,1071.0000
123.8330,4.1670,6.0840,5.0000,-5034.0000,1050.0000
123.9170,4.1670,6.0710,5.0000,-5040.0000,1031.0000
124.0000,4.1670,5.9860,5.0000,-4971.0000,1015.0000
123.6670,5.7500,7.1450,5.0000,-5255.0000,1890.0000
123.7500,5.6670,6.8560,5.0000,-5020.0000,1836.0000
124.0000,5.5000,6.7090,5.0000,-5046.0000,1663.0000
124.0830,5.4170,6.4630,5.0000,-4937.0000,1526.0000
124.1670,5.3330,6.9510,5.0000,-5597.0000,1354.0000
124.2500,5.2500,6.7810,5.0000,-5596.0000,1185.0000
124.3330,5.2500,6.4580,5.0000,-5296.0000,1162.0000
124.4170,5.1670,6.5310,5.0000,-5484.0000,1047.0000
124.5000,5.0830,6.4230,5.0000,-5419.0000,1004.0000
124.5830,5.0000,5.9110,5.0000,-4899.0000,1012.0000
124.6670,5.0000,6.4400,5.0000,-5372.0000,1068.0000
124.6670,4.9170,6.1870,5.0000,-5149.0000,1038.0000
124.6670,4.5000,5.9800,5.0000,-4978.0000,1002.0000
124.5830,4.4170,5.8750,5.0000,-4881.0000,994.0000
124.6670,4.4170,5.9800,5.0000,-4986.0000,994.0000
124.4170,4.3330,5.7960,5.0000,-4804.0000,992.0000
124.5000,4.3330,5.6170,5.0000,-4627.0000,990.0000
124.2500,4.2500,5.8300,5.0000,-4835.0000,995.0000
124.3330,4.2500,5.8580,5.0000,-4866.0000,992.0000
124.4170,4.2500,5.6360,5.0000,-4647.0000,989.0000
122.9170,4.1670,5.9990,5.0000,-4964.0000,1035.0000
124.0830,4.1670,5.9700,5.0000,-4966.0000,1004.0000
124.1670,4.1670,5.8330,5.0000,-4835.0000,998.0000
124.2500,4.1670,5.8740,5.0000,-4881.0000,993.0000
123.1670,4.0830,6.1420,5.0000,-5062.0000,1080.0000
123.2500,4.0830,6.0560,5.0000,-4964.0000,1092.0000
123.3330,4.0830,6.0230,5.0000,-4924.0000,1099.0000
123.4170,4.0830,6.1300,5.0000,-5030.0000,1100.0000
123.5000,4.0830,6.1180,5.0000,-5022.0000,1096.0000
123.5830,4.0830,6.0840,5.0000,-4996.0000,1088.0000
123.6670,4.0830,6.0670,5.0000,-4991.0000,1076.0000
123.7500,4.0830,5.9900,5.0000,-4929.0000,1061.0000
123.8330,4.0830,6.0180,5.0000,-4973.0000,1045.0000
123.9170,4.0830,6.0010,5.0000,-4971.0000,1030.0000
124.5830,4.3330,5.8610,5.0000,-4873.0000,988.0000
124.6670,4.3330,5.8180,5.0000,-4832.0000,986.0000
124.5000,4.2500,5.7060,5.0000,-4719.0000,987.0000
124.5830,4.2500,5.7780,5.0000,-4795.0000,983.0000
122.8330,4.1670,6.0120,5.0000,-4992.0000,1020.0000
124.3330,4.1670,5.7160,5.0000,-4726.0000,990.0000
124.4170,4.1670,5.6730,5.0000,-4687.0000,986.0000
123.0830,4.0830,6.1510,5.0000,-5086.0000,1065.0000
124.0000,4.0830,5.9830,5.0000,-4967.0000,1016.0000
124.0830,4.0830,5.9610,5.0000,-4956.0000,1005.0000
124.1670,4.0830,5.9740,5.0000,-4976.0000,998.0000
124.2500,4.0830,5.8450,5.0000,-4852.0000,993.0000
123.3330,4.0000,5.9740,5.0000,-4894.0000,1080.0000
123.4170,4.0000,5.8910,5.0000,-4809.0000,1082.0000
123.5000,4.0000,6.0910,5.0000,-5012.0000,1079.0000
123.5830,4.0000,6.0230,5.0000,-4950.0000,1073.0000
123.6670,4.0000,6.1230,5.0000,-5060.0000,1063.0000
123.7500,4.0000,6.0410,5.0000,-4989.0000,1052.0000
123.8330,4.0000,5.9980,5.0000,-4958.0000,1040.0000
123.9170,4.0000,6.0000,5.0000,-4973.0000,1027.0000
123.9170,5.5830,6.2900,5.0000,-4532.0000,1758.0000
124.0830,5.5000,6.5850,5.0000,-4938.0000,1647.0000
124.1670,5.4170,7.0510,5.0000,-5556.0000,1495.0000
124.2500,5.4170,7.0540,5.0000,-5584.0000,1470.0000
124.2500,5.3330,7.1220,5.0000,-5799.0000,1323.0000
124.3330,5.3330,6.9790,5.0000,-5679.0000,1300.0000
124.4170,5.2500,6.9240,5.0000,-5790.0000,1134.0000
124.5000,5.2500,6.9040,5.0000,-5792.0000,1112.0000
124.5000,5.1670,6.8140,5.0000,-5782.0000,1032.0000
124.5830,5.1670,6.6730,5.0000,-5616.0000,1057.0000
124.6670,5.1670,6.9210,5.0000,-5770.0000,1151.0000
124.5830,5.0830,5.7690,5.0000,-4742.0000,1027.0000
124.6670,5.0830,6.7860,5.0000,-5679.0000,1107.0000
124.6670,4.2500,5.7570,5.0000,-4778.0000,979.0000
124.5000,4.1670,5.6820,5.0000,-4700.0000,982.0000
124.5830,4.1670,5.7470,5.0000,-4769.0000,978.0000
123.0000,4.0830,6.1560,5.0000,-5107.0000,1049.0000
124.3330,4.0830,5.7590,5.0000,-4771.0000,988.0000
124.4170,4.0830,5.8010,5.0000,-4818.0000,983.0000
123.2500,4.0000,6.2000,5.0000,-5125.0000,1075.0000
124.0000,4.0000,5.9090,5.0000,-4893.0000,1016.0000
124.0830,4.0000,6.0550,5.0000,-5049.0000,1006.0000
124.1670,4.0000,6.0130,5.0000,-5015.0000,998.0000
124.4170,5.3330,6.9930,5.0000,-5715.0000,1278.0000
124.5830,5.2500,6.9010,5.0000,-5767.0000,1134.0000
124.6670,4.1670,5.7340,5.0000,-4760.0000,974.0000
124.5000,4.0830,5.5050,5.0000,-4527.0000,978.0000
124.5830,4.0830,5.4970,5.0000,-4524.0000,973.0000
123.1670,4.0000,6.0770,5.0000,-5011.0000,1066.0000
124.2500,4.0000,5.9140,5.0000,-4922.0000,992.0000
124.3330,4.0000,5.7190,5.0000,-4733.0000,986.0000
124.4170,4.0000,5.6340,5.0000,-4653.0000,981.0000
123.5000,3.9170,6.1720,5.0000,-5107.0000,1065.0000
123.5830,3.9170,5.9340,5.0000,-4874.0000,1060.0000
123.6670,3.9170,5.9880,5.0000,-4935.0000,1053.0000
123.7500,3.9170,5.9820,5.0000,-4938.0000,1044.0000
123.8330,3.9170,5.9770,5.0000,-4943.0000,1034.0000
123.9170,3.9170,5.9730,5.0000,-4949.0000,1024.0000
124.0000,3.9170,5.9580,5.0000,-4944.0000,1014.0000
124.0830,3.9170,5.9480,5.0000,-4942.0000,1006.0000
124.6670,4.0830,5.7150,5.0000,-4748.0000,967.0000
124.5000,4.0000,5.5980,5.0000,-4623.0000,975.0000
124.5830,4.0000,5.5750,5.0000,-4606.0000,969.0000
123.4170,3.9170,5.9990,5.0000,-4932.0000,1067.0000
124.1670,3.9170,5.6510,5.0000,-4653.0000,998.0000
124.2500,3.9170,5.6390,5.0000,-4648.0000,991.0000
124.3330,3.9170,5.6880,5.0000,-4703.0000,985.0000
124.0000,5.5830,6.4760,5.0000,-4724.0000,1752.0000
124.1670,5.5000,6.8200,5.0000,-5193.0000,1627.0000
124.3330,5.4170,6.7560,5.0000,-5302.0000,1454.0000
124.5000,5.3330,7.0900,5.0000,-5829.0000,1261.0000
124.6670,5.2500,7.0200,5.0000,-5791.0000,1229.0000
124.6670,4.0000,5.6400,5.0000,-4678.0000,962.0000
123.3330,3.9170,6.0450,5.0000,-4979.0000,1066.0000
124.4170,3.9170,5.6490,5.0000,-4671.0000,978.0000
124.5000,3.9170,5.6700,5.0000,-4698.0000,972.0000
124.5830,3.9170,5.6620,5.0000,-4697.0000,965.0000
123.6670,3.8330,5.9810,5.0000,-4936.0000,1045.0000
123.7500,3.8330,5.9570,5.0000,-4919.0000,1038.0000
123.8330,3.8330,5.8940,5.0000,-4864.0000,1030.0000
123.9170,3.8330,5.9890,5.0000,-4968.0000,1021.0000
124.0000,3.8330,5.9850,5.0000,-4972.0000,1013.0000
124.0830,3.8330,5.7440,5.0000,-4740.0000,1004.0000
124.1670,3.8330,5.5500,5.0000,-4553.0000,997.0000
124.2500,3.8330,5.6160,5.0000,-4626.0000,990.0000
124.6670,3.9170,5.6190,5.0000,-4661.0000,958.0000
123.5830,3.8330,5.9960,5.0000,-4946.0000,1050.0000
124.3330,3.8330,5.7280,5.0000,-4745.0000,983.0000
124.4170,3.8330,5.6760,5.0000,-4700.0000,976.0000
124.5000,3.8330,5.6920,5.0000,-4723.0000,969.0000
124.5830,3.8330,5.7450,5.0000,-4783.0000,962.0000
124.6670,3.8330,5.6160,5.0000,-4661.0000,955.0000
123.9170,3.7500,5.9790,5.0000,-4961.0000,1018.0000
124.0000,3.7500,5.8240,5.0000,-4814.0000,1010.0000
124.0830,3.7500,5.7020,5.0000,-4699.0000,1003.0000
124.1670,3.7500,5.6820,5.0000,-4686.0000,996.0000
124.2500,3.7500,5.7450,5.0000,-4756.0000,989.0000
124.3330,3.7500,5.7930,5.0000,-4811.0000,982.0000
124.4170,3.7500,5.5650,5.0000,-4591.0000,974.0000
124.5830,5.3330,7.0450,5.0000,-5767.0000,1278.0000
123.8330,3.7500,5.9300,5.0000,-4905.0000,1025.0000
124.5000,3.7500,5.0750,5.0000,-4108.0000,967.0000
124.5830,3.7500,5.3000,5.0000,-4341.0000,959.0000
124.6670,3.7500,5.6620,5.0000,-4711.0000,951.0000
124.4170,5.4170,6.8440,5.0000,-5396.0000,1448.0000
124.5000,5.4170,6.9690,5.0000,-5527.0000,1442.0000
124.6670,5.3330,7.1470,5.0000,-5789.0000,1358.0000
124.3330,3.6670,5.7550,5.0000,-4775.0000,980.0000
124.1670,3.6670,5.7000,5.0000,-4706.0000,994.0000
124.2500,3.6670,5.7270,5.0000,-4740.0000,987.0000
124.4170,3.6670,5.5670,5.0000,-4594.0000,973.0000
124.5000,3.6670,4.5260,5.0000,-3561.0000,965.0000
124.5830,3.6670,3.9010,5.0000,-2944.0000,957.0000
124.6670,3.6670,5.4490,5.0000,-4500.0000,949.0000
123.9170,3.6670,5.7440,5.0000,-4729.0000,1015.0000
124.0000,3.6670,5.7140,5.0000,-4706.0000,1008.0000
124.0830,3.6670,5.5600,5.0000,-4559.0000,1001.0000
124.1670,3.5830,5.7100,5.0000,-4717.0000,993.0000
124.2500,3.5830,5.7270,5.0000,-4741.0000,986.0000
124.3330,3.5830,5.7230,5.0000,-4744.0000,979.0000
124.4170,3.5830,5.7080,5.0000,-4737.0000,971.0000
124.5000,3.5830,5.4880,5.0000,-4524.0000,964.0000
124.5830,3.5830,4.8210,5.0000,-3866.0000,955.0000
124.6670,3.5830,5.1330,5.0000,-4186.0000,947.0000
124.5000,3.5000,5.6440,5.0000,-4682.0000,962.0000
124.5830,3.5000,5.5620,5.0000,-4608.0000,954.0000
124.6670,3.5000,5.4780,5.0000,-4533.0000,945.0000
123.6670,3.7500,5.9230,5.0000,-4885.0000,1038.0000
123.7500,3.7500,6.0250,5.0000,-4993.0000,1032.0000
123.7500,3.6670,5.9580,5.0000,-4931.0000,1027.0000
123.8330,3.6670,5.6670,5.0000,-4645.0000,1022.0000
123.9170,3.5830,5.8350,5.0000,-4823.0000,1012.0000
124.0000,3.5830,5.9590,5.0000,-4953.0000,1006.0000
124.0830,3.5830,5.7180,5.0000,-4718.0000,1000.0000
124.0830,3.5000,5.8100,5.0000,-4812.0000,998.0000
124.1670,3.5000,5.7820,5.0000,-4790.0000,992.0000
124.2500,3.5000,5.6890,5.0000,-4704.0000,985.0000
124.3330,3.5000,5.6290,5.0000,-4651.0000,978.0000
124.4170,3.5000,5.5820,5.0000,-4612.0000,970.0000
124.4170,3.4170,5.3220,5.0000,-4352.0000,970.0000
124.5000,3.4170,5.3780,5.0000,-4416.0000,962.0000
124.5830,3.4170,5.4700,5.0000,-4516.0000,954.0000
124.6670,3.4170,5.4300,5.0000,-4485.0000,945.0000
123.4170,3.8330,6.1040,5.0000,-5049.0000,1055.0000
123.5000,3.8330,6.0780,5.0000,-5024.0000,1054.0000
123.5000,3.7500,5.9990,5.0000,-4954.0000,1045.0000
123.5830,3.7500,5.9850,5.0000,-4943.0000,1042.0000
123.6670,3.6670,5.9010,5.0000,-4869.0000,1032.0000
123.7500,3.5830,6.1780,5.0000,-5154.0000,1024.0000
123.8330,3.5830,5.6910,5.0000,-4673.0000,1018.0000
123.9170,3.5000,5.9480,5.0000,-4937.0000,1011.0000
124.0000,3.5000,5.9190,5.0000,-4914.0000,1005.0000
124.0830,3.4170,5.7190,5.0000,-4721.0000,998.0000
124.1670,3.4170,5.7730,5.0000,-4782.0000,991.0000
124.2500,3.4170,5.5970,5.0000,-4613.0000,984.0000
124.3330,3.4170,5.0280,5.0000,-4051.0000,977.0000
124.3330,3.3330,5.0060,5.0000,-4029.0000,977.0000
124.4170,3.3330,5.2750,5.0000,-4305.0000,970.0000
124.5000,3.3330,5.0700,5.0000,-4108.0000,962.0000
124.5830,3.3330,5.0320,5.0000,-4078.0000,954.0000
124.6670,3.3330,5.3400,5.0000,-4395.0000,945.0000
123.2500,3.9170,6.1260,5.0000,-5064.0000,1062.0000
123.2500,3.8330,6.0870,5.0000,-5036.0000,1051.0000
123.3330,3.8330,6.1630,5.0000,-5109.0000,1054.0000
123.3330,3.7500,6.0420,5.0000,-4997.0000,1045.0000
123.4170,3.7500,6.0280,5.0000,-4982.0000,1046.0000
123.4170,3.6670,6.0090,5.0000,-4970.0000,1039.0000
123.5000,3.6670,6.0320,5.0000,-4994.0000,1038.0000
123.5830,3.6670,5.9860,5.0000,-4950.0000,1036.0000
123.5000,3.5830,5.9800,5.0000,-4947.0000,1033.0000
123.5830,3.5830,5.9810,5.0000,-4950.0000,1031.0000
123.6670,3.5830,6.0140,5.0000,-4986.0000,1028.0000
123.5830,3.5000,5.9890,5.0000,-4961.0000,1028.0000
123.6670,3.5000,5.8840,5.0000,-4859.0000,1025.0000
123.7500,3.5000,6.0600,5.0000,-5038.0000,1022.0000
123.8330,3.5000,5.8210,5.0000,-4805.0000,1016.0000
123.6670,3.4170,5.7780,5.0000,-4756.0000,1022.0000
123.7500,3.4170,5.8830,5.0000,-4864.0000,1019.0000
123.8330,3.4170,5.6550,5.0000,-4641.0000,1014.0000
123.9170,3.4170,5.5530,5.0000,-4544.0000,1009.0000
124.0000,3.4170,5.4970,5.0000,-4493.0000,1004.0000
123.8330,3.3330,5.5510,5.0000,-4538.0000,1013.0000
123.9170,3.3330,5.4650,5.0000,-4457.0000,1008.0000
124.0000,3.3330,5.5750,5.0000,-4572.0000,1003.0000
124.0830,3.3330,5.9330,5.0000,-4936.0000,997.0000
124.1670,3.3330,5.9620,5.0000,-4971.0000,991.0000
124.2500,3.3330,4.9690,5.0000,-3985.0000,984.0000
124.0000,3.2500,5.7660,5.0000,-4763.0000,1003.0000
124.0830,3.2500,5.9220,5.0000,-4925.0000,997.0000
124.1670,3.2500,5.7590,5.0000,-4768.0000,991.0000
124.2500,3.2500,5.1680,5.0000,-4184.0000,984.0000
124.3330,3.2500,5.3060,5.0000,-4329.0000,977.0000
124.4170,3.2500,5.2580,5.0000,-4288.0000,970.0000
124.5000,3.2500,4.6610,5.0000,-3699.0000,962.0000
124.5830,3.2500,4.7160,5.0000,-3762.0000,954.0000
124.6670,3.2500,5.2990,5.0000,-4354.0000,945.0000
124.1670,3.1670,5.4500,5.0000,-4458.0000,992.0000
124.2500,3.1670,5.2550,5.0000,-4270.0000,985.0000
124.3330,3.1670,5.3800,5.0000,-4402.0000,978.0000
124.4170,3.1670,5.3900,5.0000,-4419.0000,971.0000
124.5000,3.1670,5.1860,5.0000,-4223.0000,963.0000
124.5830,3.1670,5.2990,5.0000,-4344.0000,955.0000
124.6670,3.1670,5.3730,5.0000,-4427.0000,946.0000
122.9170,4.0830,6.0250,5.0000,-4991.0000,1034.0000
123.0000,4.0000,5.9390,5.0000,-4896.0000,1043.0000
123.0830,4.0000,5.8740,5.0000,-4819.0000,1055.0000
123.0000,3.9170,5.9030,5.0000,-4866.0000,1037.0000
123.0830,3.9170,5.8590,5.0000,-4813.0000,1046.0000
123.1670,3.9170,6.0150,5.0000,-4960.0000,1055.0000
123.0000,3.8330,6.0020,5.0000,-4971.0000,1031.0000
123.0830,3.8330,5.9450,5.0000,-4906.0000,1039.0000
123.1670,3.8330,6.0400,5.0000,-4995.0000,1045.0000
123.0830,3.7500,5.9280,5.0000,-4896.0000,1032.0000
123.1670,3.7500,6.0760,5.0000,-5039.0000,1037.0000
123.2500,3.7500,6.0250,5.0000,-4983.0000,1042.0000
123.0830,3.6670,5.9830,5.0000,-4958.0000,1025.0000
123.1670,3.6670,6.0660,5.0000,-5036.0000,1030.0000
123.2500,3.6670,6.0440,5.0000,-5009.0000,1035.0000
123.3330,3.6670,6.0210,5.0000,-4983.0000,1038.0000
123.0830,3.5830,6.0490,5.0000,-5029.0000,1020.0000
123.1670,3.5830,6.0120,5.0000,-4987.0000,1025.0000
123.2500,3.5830,6.0170,5.0000,-4988.0000,1029.0000
123.3330,3.5830,6.0140,5.0000,-4982.0000,1032.0000
123.4170,3.5830,5.9740,5.0000,-4941.0000,1033.0000
123.1670,3.5000,6.0180,5.0000,-4997.0000,1021.0000
123.2500,3.5000,6.0250,5.0000,-5000.0000,1025.0000
123.3330,3.5000,6.0530,5.0000,-5025.0000,1028.0000
123.4170,3.5000,5.9870,5.0000,-4958.0000,1029.0000
123.5000,3.5000,6.0190,5.0000,-4990.0000,1029.0000
123.2500,3.4170,6.0110,5.0000,-4988.0000,1023.0000
123.3330,3.4170,5.9920,5.0000,-4966.0000,1026.0000
123.4170,3.4170,5.9260,5.0000,-4899.0000,1027.0000
123.5000,3.4170,6.1980,5.0000,-5171.0000,1027.0000
123.5830,3.4170,6.0290,5.0000,-5004.0000,1025.0000
123.2500,3.3330,6.0170,5.0000,-4994.0000,1023.0000
123.3330,3.3330,6.0210,5.0000,-4996.0000,1025.0000
123.4170,3.3330,5.9370,5.0000,-4911.0000,1026.0000
123.5000,3.3330,6.1530,5.0000,-5127.0000,1026.0000
123.5830,3.3330,6.0530,5.0000,-5029.0000,1024.0000
123.6670,3.3330,5.7800,5.0000,-4759.0000,1021.0000
123.7500,3.3330,5.7190,5.0000,-4701.0000,1018.0000
123.3330,3.2500,6.1530,5.0000,-5127.0000,1026.0000
123.4170,3.2500,6.0620,5.0000,-5035.0000,1027.0000
123.5000,3.2500,6.0310,5.0000,-5005.0000,1026.0000
123.5830,3.2500,6.0650,5.0000,-5041.0000,1024.0000
123.6670,3.2500,5.8890,5.0000,-4867.0000,1022.0000
123.7500,3.2500,5.8810,5.0000,-4864.0000,1017.0000
123.8330,3.2500,5.4610,5.0000,-4448.0000,1013.0000
123.9170,3.2500,5.3060,5.0000,-4298.0000,1008.0000
123.4170,3.1670,5.5490,5.0000,-4521.0000,1028.0000
123.5000,3.1670,6.0280,5.0000,-5001.0000,1027.0000
123.5830,3.1670,5.9520,5.0000,-4927.0000,1025.0000
123.6670,3.1670,5.9320,5.0000,-4910.0000,1022.0000
123.7500,3.1670,5.7620,5.0000,-4744.0000,1018.0000
123.8330,3.1670,4.8250,5.0000,-3811.0000,1014.0000
123.9170,3.1670,4.9630,5.0000,-3954.0000,1009.0000
124.0000,3.1670,5.7520,5.0000,-4749.0000,1003.0000
124.0830,3.1670,5.5910,5.0000,-4593.0000,998.0000
123.5000,3.0830,5.8410,5.0000,-4812.0000,1029.0000
123.5830,3.0830,5.8590,5.0000,-4833.0000,1026.0000
123.6670,3.0830,5.8660,5.0000,-4843.0000,1023.0000
123.7500,3.0830,5.7590,5.0000,-4740.0000,1019.0000
123.8330,3.0830,5.4690,5.0000,-4455.0000,1014.0000
123.9170,3.0830,5.4270,5.0000,-4417.0000,1010.0000
124.0000,3.0830,5.6070,5.0000,-4603.0000,1004.0000
124.0830,3.0830,5.4300,5.0000,-4432.0000,998.0000
124.1670,3.0830,5.1690,5.0000,-4177.0000,992.0000
124.2500,3.0830,5.0140,5.0000,-4028.0000,986.0000
124.3330,3.0830,5.2640,5.0000,-4285.0000,979.0000
124.4170,3.0830,5.5490,5.0000,-4577.0000,972.0000
124.5000,3.0830,5.4420,5.0000,-4478.0000,964.0000
124.5830,3.0830,5.2570,5.0000,-4301.0000,956.0000
124.6670,3.0830,4.9970,5.0000,-4049.0000,948.0000
123.5830,3.0000,5.9540,5.0000,-4925.0000,1029.0000
123.6670,3.0000,5.9360,5.0000,-4911.0000,1025.0000
123.7500,3.0000,5.7490,5.0000,-4728.0000,1021.0000
123.8330,3.0000,5.8210,5.0000,-4805.0000,1016.0000
123.9170,3.0000,5.5740,5.0000,-4563.0000,1011.0000
124.0000,3.0000,5.4660,5.0000,-4459.0000,1007.0000
124.0830,3.0000,5.5720,5.0000,-4572.0000,1000.0000
124.1670,3.0000,5.2130,5.0000,-4219.0000,994.0000
124.2500,3.0000,4.8310,5.0000,-3844.0000,987.0000
124.3330,3.0000,5.2980,5.0000,-4318.0000,980.0000
124.4170,3.0000,5.4780,5.0000,-4505.0000,973.0000
124.5000,3.0000,5.4540,5.0000,-4488.0000,966.0000
124.5830,3.0000,5.3180,5.0000,-4360.0000,958.0000
124.6670,3.0000,5.0700,5.0000,-4120.0000,950.0000
123.6670,2.9170,5.8480,5.0000,-4821.0000,1027.0000
123.7500,2.9170,5.6030,5.0000,-4580.0000,1023.0000
123.8330,2.9170,5.7430,5.0000,-4725.0000,1018.0000
123.9170,2.9170,5.8630,5.0000,-4850.0000,1013.0000
124.0000,2.9170,5.5850,5.0000,-4578.0000,1007.0000
124.0830,2.9170,5.6680,5.0000,-4667.0000,1001.0000
124.1670,2.9170,5.2880,5.0000,-4293.0000,995.0000
124.2500,2.9170,4.8550,5.0000,-3866.0000,989.0000
124.3330,2.9170,5.3950,5.0000,-4413.0000,982.0000
124.4170,2.9170,5.5170,5.0000,-4542.0000,975.0000
124.5000,2.9170,5.4840,5.0000,-4516.0000,968.0000
124.5830,2.9170,5.3260,5.0000,-4366.0000,960.0000
124.6670,2.9170,5.1990,5.0000,-4247.0000,952.0000
123.8330,2.8330,5.6570,5.0000,-4637.0000,1020.0000
123.9170,2.8330,5.8950,5.0000,-4880.0000,1015.0000
124.0000,2.8330,5.6150,5.0000,-4606.0000,1009.0000
124.0830,2.8330,5.6240,5.0000,-4620.0000,1004.0000
124.1670,2.8330,5.3430,5.0000,-4345.0000,998.0000
124.2500,2.8330,5.0270,5.0000,-4036.0000,991.0000
124.3330,2.8330,5.2840,5.0000,-4300.0000,984.0000
124.4170,2.8330,5.3800,5.0000,-4402.0000,978.0000
124.5000,2.8330,5.3730,5.0000,-4403.0000,970.0000
124.5830,2.8330,5.3390,5.0000,-4376.0000,963.0000
124.6670,2.8330,5.3000,5.0000,-4344.0000,956.0000
124.0000,2.7500,5.7180,5.0000,-4706.0000,1012.0000
124.0830,2.7500,5.7550,5.0000,-4749.0000,1006.0000
124.1670,2.7500,5.6460,5.0000,-4646.0000,1000.0000
124.2500,2.7500,5.4060,5.0000,-4412.0000,994.0000
124.3330,2.7500,5.3880,5.0000,-4400.0000,988.0000
124.4170,2.7500,5.4110,5.0000,-4431.0000,980.0000
124.5000,2.7500,5.3400,5.0000,-4367.0000,973.0000
124.5830,2.7500,5.1920,5.0000,-4226.0000,966.0000
124.6670,2.7500,5.0520,5.0000,-4093.0000,959.0000
124.1670,2.6670,5.6280,5.0000,-4625.0000,1003.0000
124.2500,2.6670,5.5650,5.0000,-4569.0000,996.0000
124.3330,2.6670,5.5440,5.0000,-4554.0000,990.0000
124.4170,2.6670,5.4590,5.0000,-4476.0000,983.0000
124.5000,2.6670,5.3470,5.0000,-4371.0000,976.0000
124.5830,2.6670,5.0890,5.0000,-4119.0000,970.0000
124.6670,2.6670,3.9380,5.0000,-2976.0000,962.0000
122.9170,4.0000,5.9950,5.0000,-4964.0000,1031.0000
122.9170,3.9170,6.0290,5.0000,-5001.0000,1028.0000
122.9170,3.8330,6.0710,5.0000,-5047.0000,1024.0000
122.9170,3.7500,5.9980,5.0000,-4978.0000,1020.0000
123.0000,3.7500,6.0400,5.0000,-5015.0000,1025.0000
122.9170,3.6670,5.8650,5.0000,-4851.0000,1014.0000
123.0000,3.6670,6.0910,5.0000,-5072.0000,1019.0000
122.9170,3.5830,5.9600,5.0000,-4950.0000,1010.0000
123.0000,3.5830,6.1990,5.0000,-5185.0000,1014.0000
123.0000,3.5000,6.0430,5.0000,-5033.0000,1010.0000
123.0830,3.5000,6.0350,5.0000,-5020.0000,1015.0000
123.0000,3.4170,6.0120,5.0000,-5003.0000,1009.0000
123.0830,3.4170,6.0180,5.0000,-5005.0000,1013.0000
123.1670,3.4170,6.0320,5.0000,-5013.0000,1019.0000
123.0000,3.3330,6.0120,5.0000,-5001.0000,1011.0000
123.0830,3.3330,6.0220,5.0000,-5008.0000,1014.0000
123.1670,3.3330,6.0340,5.0000,-5015.0000,1019.0000
123.0830,3.2500,6.0310,5.0000,-5012.0000,1019.0000
123.1670,3.2500,6.0360,5.0000,-5013.0000,1023.0000
123.2500,3.2500,6.0010,5.0000,-4976.0000,1025.0000
123.0830,3.1670,5.9260,5.0000,-4900.0000,1026.0000
123.1670,3.1670,5.8810,5.0000,-4853.0000,1028.0000
123.2500,3.1670,5.6930,5.0000,-4664.0000,1029.0000
123.3330,3.1670,5.8990,5.0000,-4870.0000,1029.0000
123.0830,3.0830,6.0370,5.0000,-5003.0000,1034.0000
123.1670,3.0830,6.0050,5.0000,-4972.0000,1033.0000
123.2500,3.0830,5.8030,5.0000,-4770.0000,1033.0000
123.3330,3.0830,5.9360,5.0000,-4904.0000,1032.0000
123.4170,3.0830,6.1090,5.0000,-5078.0000,1031.0000
123.1670,3.0000,6.0890,5.0000,-5049.0000,1040.0000
123.2500,3.0000,6.0910,5.0000,-5053.0000,1038.0000
123.3330,3.0000,6.3050,5.0000,-5269.0000,1036.0000
123.4170,3.0000,6.6100,5.0000,-5576.0000,1034.0000
123.5000,3.0000,6.2290,5.0000,-5197.0000,1032.0000
123.2500,2.9170,6.1110,5.0000,-5067.0000,1044.0000
123.3330,2.9170,6.0780,5.0000,-5037.0000,1041.0000
123.4170,2.9170,6.1670,5.0000,-5129.0000,1038.0000
123.5000,2.9170,5.8300,5.0000,-4795.0000,1035.0000
123.5830,2.9170,5.9260,5.0000,-4895.0000,1031.0000
123.2500,2.8330,6.1450,5.0000,-5096.0000,1049.0000
123.3330,2.8330,5.9850,5.0000,-4939.0000,1046.0000
123.4170,2.8330,6.0390,5.0000,-4996.0000,1043.0000
123.5000,2.8330,5.7930,5.0000,-4754.0000,1039.0000
123.5830,2.8330,5.9600,5.0000,-4925.0000,1035.0000
123.6670,2.8330,5.9520,5.0000,-4922.0000,1030.0000
123.7500,2.8330,5.6960,5.0000,-4670.0000,1026.0000
123.3330,2.7500,5.9670,5.0000,-4915.0000,1052.0000
123.4170,2.7500,5.8070,5.0000,-4760.0000,1047.0000
123.5000,2.7500,5.7910,5.0000,-4748.0000,1043.0000
123.5830,2.7500,6.0590,5.0000,-5021.0000,1038.0000
123.6670,2.7500,5.8520,5.0000,-4818.0000,1034.0000
123.7500,2.7500,5.9250,5.0000,-4897.0000,1028.0000
123.8330,2.7500,5.8610,5.0000,-4838.0000,1023.0000
123.9170,2.7500,5.9330,5.0000,-4914.0000,1019.0000
123.4170,2.6670,5.8800,5.0000,-4828.0000,1052.0000
123.5000,2.6670,5.9140,5.0000,-4866.0000,1048.0000
123.5830,2.6670,6.0660,5.0000,-5024.0000,1042.0000
123.6670,2.6670,5.8050,5.0000,-4768.0000,1037.0000
123.7500,2.6670,5.9130,5.0000,-4881.0000,1032.0000
123.8330,2.6670,5.8300,5.0000,-4804.0000,1026.0000
123.9170,2.6670,5.7590,5.0000,-4738.0000,1021.0000
124.0000,2.6670,5.7280,5.0000,-4713.0000,1015.0000
124.0830,2.6670,5.6980,5.0000,-4689.0000,1009.0000
123.5000,2.5830,5.9320,5.0000,-4880.0000,1052.0000
123.5830,2.5830,6.0450,5.0000,-4998.0000,1047.0000
123.6670,2.5830,6.0560,5.0000,-5015.0000,1041.0000
123.7500,2.5830,5.9160,5.0000,-4881.0000,1035.0000
123.8330,2.5830,5.8580,5.0000,-4828.0000,1030.0000
123.9170,2.5830,5.8430,5.0000,-4819.0000,1024.0000
124.0000,2.5830,5.8590,5.0000,-4841.0000,1018.0000
124.0830,2.5830,5.6650,5.0000,-4653.0000,1012.0000
124.1670,2.5830,5.9010,5.0000,-4895.0000,1006.0000
124.2500,2.5830,5.5060,5.0000,-4506.0000,1000.0000
124.3330,2.5830,5.6980,5.0000,-4705.0000,993.0000
124.4170,2.5830,5.7360,5.0000,-4749.0000,987.0000
124.5000,2.5830,5.3650,5.0000,-4385.0000,980.0000
124.5830,2.5830,5.0370,5.0000,-4064.0000,973.0000
124.6670,2.5830,4.5730,5.0000,-3607.0000,966.0000
123.5830,2.5000,6.1020,5.0000,-5051.0000,1051.0000
123.6670,2.5000,6.0370,5.0000,-4992.0000,1045.0000
123.7500,2.5000,6.0020,5.0000,-4963.0000,1039.0000
123.8330,2.5000,6.1510,5.0000,-5118.0000,1033.0000
123.9170,2.5000,5.8510,5.0000,-4824.0000,1027.0000
124.0000,2.5000,5.8600,5.0000,-4839.0000,1021.0000
124.0830,2.5000,5.8310,5.0000,-4816.0000,1015.0000
124.1670,2.5000,5.8620,5.0000,-4853.0000,1009.0000
124.2500,2.5000,5.6340,5.0000,-4631.0000,1003.0000
124.3330,2.5000,5.7560,5.0000,-4759.0000,997.0000
124.4170,2.5000,5.7490,5.0000,-4759.0000,990.0000
124.5000,2.5000,5.3550,5.0000,-4371.0000,984.0000
124.5830,2.5000,5.2190,5.0000,-4242.0000,977.0000
124.6670,2.5000,4.3510,5.0000,-3381.0000,970.0000
123.6670,2.4170,6.0960,5.0000,-5047.0000,1049.0000
123.7500,2.4170,5.9730,5.0000,-4930.0000,1043.0000
123.8330,2.4170,6.0760,5.0000,-5039.0000,1037.0000
123.9170,2.4170,5.8520,5.0000,-4822.0000,1030.0000
124.0000,2.4170,5.7990,5.0000,-4775.0000,1024.0000
124.0830,2.4170,6.0900,5.0000,-5072.0000,1018.0000
124.1670,2.4170,5.6500,5.0000,-4638.0000,1012.0000
124.2500,2.4170,5.5830,5.0000,-4577.0000,1006.0000
124.3330,2.4170,5.6950,5.0000,-4694.0000,1001.0000
124.4170,2.4170,5.5930,5.0000,-4599.0000,994.0000
124.5000,2.4170,5.3270,5.0000,-4339.0000,988.0000
124.5830,2.4170,4.6250,5.0000,-3643.0000,982.0000
124.6670,2.4170,2.6240,5.0000,-1649.0000,975.0000
123.8330,2.3330,5.8690,5.0000,-4829.0000,1040.0000
123.9170,2.3330,6.0170,5.0000,-4983.0000,1034.0000
124.0000,2.3330,5.9120,5.0000,-4884.0000,1028.0000
124.0830,2.3330,5.8960,5.0000,-4874.0000,1022.0000
124.1670,2.3330,5.7450,5.0000,-4729.0000,1016.0000
124.2500,2.3330,5.7230,5.0000,-4713.0000,1010.0000
124.3330,2.3330,5.6410,5.0000,-4637.0000,1004.0000
124.4170,2.3330,5.5870,5.0000,-4589.0000,998.0000
124.5000,2.3330,5.5490,5.0000,-4557.0000,992.0000
124.5830,2.3330,5.0800,5.0000,-4094.0000,986.0000
124.6670,2.3330,4.3280,5.0000,-3348.0000,980.0000
124.0000,2.2500,5.9740,5.0000,-4942.0000,1032.0000
124.0830,2.2500,5.8490,5.0000,-4823.0000,1026.0000
124.1670,2.2500,5.7660,5.0000,-4746.0000,1020.0000
124.2500,2.2500,5.7920,5.0000,-4778.0000,1014.0000
124.3330,2.2500,5.6680,5.0000,-4660.0000,1008.0000
124.4170,2.2500,5.5750,5.0000,-4573.0000,1002.0000
124.5000,2.2500,5.5310,5.0000,-4535.0000,996.0000
124.5830,2.2500,5.4770,5.0000,-4487.0000,990.0000
124.6670,2.2500,5.1700,5.0000,-4186.0000,984.0000
124.1670,2.1670,5.8860,5.0000,-4862.0000,1024.0000
124.2500,2.1670,5.8480,5.0000,-4830.0000,1018.0000
124.3330,2.1670,5.7070,5.0000,-4695.0000,1012.0000
124.4170,2.1670,5.6190,5.0000,-4613.0000,1006.0000
124.5000,2.1670,5.4390,5.0000,-4438.0000,1001.0000
124.5830,2.1670,5.2920,5.0000,-4297.0000,995.0000
124.6670,2.1670,4.5240,5.0000,-3535.0000,989.0000
122.9170,3.5000,6.0030,5.0000,-4996.0000,1007.0000
122.9170,3.4170,6.0160,5.0000,-5007.0000,1009.0000
122.9170,3.3330,6.0380,5.0000,-5026.0000,1012.0000
122.9170,3.2500,6.0920,5.0000,-5073.0000,1019.0000
123.0000,3.2500,6.1500,5.0000,-5132.0000,1018.0000
122.9170,3.1670,5.9740,5.0000,-4947.0000,1027.0000
123.0000,3.1670,6.0560,5.0000,-5030.0000,1026.0000
122.9170,3.0830,6.0990,5.0000,-5063.0000,1036.0000
123.0000,3.0830,6.0080,5.0000,-4974.0000,1034.0000
123.0000,3.0000,6.0200,5.0000,-4978.0000,1042.0000
123.0830,3.0000,6.1320,5.0000,-5091.0000,1041.0000
123.0000,2.9170,6.1170,5.0000,-5067.0000,1050.0000
123.0830,2.9170,6.1210,5.0000,-5073.0000,1048.0000
123.1670,2.9170,6.1020,5.0000,-5056.0000,1046.0000
123.0000,2.8330,6.2060,5.0000,-5148.0000,1058.0000
123.0830,2.8330,5.9840,5.0000,-4929.0000,1055.0000
123.1670,2.8330,5.9730,5.0000,-4921.0000,1052.0000
123.0830,2.7500,6.0330,5.0000,-4970.0000,1063.0000
123.1670,2.7500,6.0120,5.0000,-4953.0000,1059.0000
123.2500,2.7500,6.0000,5.0000,-4944.0000,1056.0000
123.0830,2.6670,6.2810,5.0000,-5210.0000,1071.0000
123.1670,2.6670,6.2230,5.0000,-5156.0000,1067.0000
123.2500,2.6670,6.0800,5.0000,-5018.0000,1062.0000
123.3330,2.6670,6.1570,5.0000,-5100.0000,1057.0000
123.0830,2.5830,6.1750,5.0000,-5096.0000,1079.0000
123.1670,2.5830,6.2970,5.0000,-5223.0000,1074.0000
123.2500,2.5830,6.3090,5.0000,-5240.0000,1069.0000
123.3330,2.5830,6.2030,5.0000,-5140.0000,1063.0000
123.4170,2.5830,5.9110,5.0000,-4853.0000,1058.0000
123.1670,2.5000,6.4220,5.0000,-5340.0000,1082.0000
123.2500,2.5000,6.3440,5.0000,-5268.0000,1076.0000
123.3330,2.5000,6.2290,5.0000,-5160.0000,1069.0000
123.4170,2.5000,6.1860,5.0000,-5123.0000,1063.0000
123.5000,2.5000,6.1270,5.0000,-5070.0000,1057.0000
123.2500,2.4170,6.5170,5.0000,-5435.0000,1082.0000
123.3330,2.4170,6.2430,5.0000,-5168.0000,1075.0000
123.4170,2.4170,6.2290,5.0000,-5161.0000,1068.0000
123.5000,2.4170,6.0890,5.0000,-5027.0000,1062.0000
123.5830,2.4170,6.2460,5.0000,-5191.0000,1055.0000
123.2500,2.3330,6.4030,5.0000,-5314.0000,1089.0000
123.3330,2.3330,6.3030,5.0000,-5222.0000,1081.0000
123.4170,2.3330,6.2400,5.0000,-5166.0000,1074.0000
123.5000,2.3330,5.9630,5.0000,-4897.0000,1066.0000
123.5830,2.3330,6.4070,5.0000,-5348.0000,1059.0000
123.6670,2.3330,6.0840,5.0000,-5031.0000,1053.0000
123.7500,2.3330,5.5430,5.0000,-4497.0000,1046.0000
123.3330,2.2500,6.4120,5.0000,-5325.0000,1087.0000
123.4170,2.2500,6.3480,5.0000,-5269.0000,1079.0000
123.5000,2.2500,6.2760,5.0000,-5205.0000,1071.0000
123.5830,2.2500,6.3430,5.0000,-5279.0000,1064.0000
123.6670,2.2500,6.1820,5.0000,-5125.0000,1057.0000
123.7500,2.2500,6.0040,5.0000,-4954.0000,1050.0000
123.8330,2.2500,6.0260,5.0000,-4982.0000,1044.0000
123.9170,2.2500,5.9990,5.0000,-4961.0000,1038.0000
123.4170,2.1670,6.4560,5.0000,-5373.0000,1083.0000
123.5000,2.1670,6.3790,5.0000,-5304.0000,1075.0000
123.5830,2.1670,6.3030,5.0000,-5236.0000,1067.0000
123.6670,2.1670,6.3310,5.0000,-5271.0000,1060.0000
123.7500,2.1670,6.2290,5.0000,-5175.0000,1054.0000
123.8330,2.1670,6.1260,5.0000,-5079.0000,1047.0000
123.9170,2.1670,6.0730,5.0000,-5032.0000,1041.0000
124.0000,2.1670,6.0500,5.0000,-5015.0000,1035.0000
124.0830,2.1670,5.9250,5.0000,-4896.0000,1029.0000
123.5000,2.0830,6.4330,5.0000,-5355.0000,1078.0000
123.5830,2.0830,6.4180,5.0000,-5347.0000,1071.0000
123.6670,2.0830,6.3990,5.0000,-5335.0000,1064.0000
123.7500,2.0830,6.2940,5.0000,-5237.0000,1057.0000
123.8330,2.0830,6.2070,5.0000,-5156.0000,1051.0000
123.9170,2.0830,6.1030,5.0000,-5058.0000,1045.0000
124.0000,2.0830,6.2010,5.0000,-5162.0000,1039.0000
124.0830,2.0830,6.1410,5.0000,-5108.0000,1033.0000
124.1670,2.0830,5.8660,5.0000,-4838.0000,1028.0000
124.2500,2.0830,5.6980,5.0000,-4676.0000,1022.0000
124.3330,2.0830,5.7600,5.0000,-4744.0000,1016.0000
124.4170,2.0830,5.6680,5.0000,-4657.0000,1011.0000
124.5000,2.0830,5.5190,5.0000,-4514.0000,1005.0000
124.5830,2.0830,5.0870,5.0000,-4087.0000,1000.0000
124.6670,2.0830,2.6700,5.0000,-1676.0000,994.0000
123.5830,2.0000,6.6280,5.0000,-5554.0000,1074.0000
123.6670,2.0000,6.3080,5.0000,-5241.0000,1067.0000
123.7500,2.0000,6.4020,5.0000,-5342.0000,1060.0000
123.8330,2.0000,6.0980,5.0000,-5044.0000,1054.0000
123.9170,2.0000,5.9010,5.0000,-4853.0000,1048.0000
124.0000,2.0000,6.2260,5.0000,-5183.0000,1043.0000
124.0830,2.0000,6.3450,5.0000,-5308.0000,1037.0000
124.1670,2.0000,6.0600,5.0000,-5029.0000,1031.0000
124.2500,2.0000,5.6580,5.0000,-4632.0000,1026.0000
124.3330,2.0000,5.6200,5.0000,-4600.0000,1020.0000
124.4170,2.0000,5.4960,5.0000,-4481.0000,1015.0000
124.5000,2.0000,5.3950,5.0000,-4385.0000,1010.0000
124.5830,2.0000,4.8980,5.0000,-3894.0000,1004.0000
124.6670,2.0000,3.3430,5.0000,-2344.0000,999.0000
123.6670,1.9170,6.5820,5.0000,-5513.0000,1069.0000
123.7500,1.9170,6.6440,5.0000,-5581.0000,1063.0000
123.8330,1.9170,6.3280,5.0000,-5271.0000,1057.0000
123.9170,1.9170,6.2000,5.0000,-5148.0000,1052.0000
124.0000,1.9170,6.1860,5.0000,-5140.0000,1046.0000
124.0830,1.9170,6.0030,5.0000,-4962.0000,1041.0000
124.1670,1.9170,5.9520,5.0000,-4917.0000,1035.0000
124.2500,1.9170,5.8240,5.0000,-4794.0000,1030.0000
124.3330,1.9170,5.7390,5.0000,-4714.0000,1025.0000
124.4170,1.9170,5.6290,5.0000,-4610.0000,1019.0000
124.5000,1.9170,5.4010,5.0000,-4387.0000,1014.0000
124.5830,1.9170,4.7260,5.0000,-3716.0000,1010.0000
124.6670,1.9170,2.4550,5.0000,-1451.0000,1004.0000
123.8330,1.8330,6.4160,5.0000,-5356.0000,1060.0000
123.9170,1.8330,6.3100,5.0000,-5255.0000,1055.0000
124.0000,1.8330,6.1870,5.0000,-5137.0000,1050.0000
124.0830,1.8330,6.1680,5.0000,-5124.0000,1044.0000
124.1670,1.8330,6.0220,5.0000,-4983.0000,1039.0000
124.2500,1.8330,5.9480,5.0000,-4914.0000,1034.0000
124.3330,1.8330,5.7690,5.0000,-4740.0000,1029.0000
124.4170,1.8330,5.5570,5.0000,-4533.0000,1024.0000
124.5000,1.8330,5.2840,5.0000,-4265.0000,1019.0000
124.5830,1.8330,4.7400,5.0000,-3726.0000,1014.0000
124.6670,1.8330,2.6200,5.0000,-1611.0000,1009.0000
124.0000,1.7500,6.0680,5.0000,-5015.0000,1053.0000
124.0830,1.7500,6.3210,5.0000,-5273.0000,1048.0000
124.1670,1.7500,6.0580,5.0000,-5015.0000,1043.0000
124.2500,1.7500,5.9950,5.0000,-4957.0000,1038.0000
124.3330,1.7500,5.7730,5.0000,-4740.0000,1033.0000
124.4170,1.7500,5.6380,5.0000,-4610.0000,1028.0000
124.5000,1.7500,5.1910,5.0000,-4167.0000,1024.0000
124.5830,1.7500,4.2280,5.0000,-3209.0000,1019.0000
124.6670,1.7500,2.1050,5.0000,-1091.0000,1014.0000
124.1670,1.6670,6.0920,5.0000,-5045.0000,1047.0000
124.2500,1.6670,6.0160,5.0000,-4974.0000,1042.0000
124.3330,1.6670,5.2600,5.0000,-4222.0000,1038.0000
124.4170,1.6670,5.0840,5.0000,-4051.0000,1033.0000
124.5000,1.6670,4.6080,5.0000,-3580.0000,1028.0000
124.5830,1.6670,3.2170,5.0000,-2193.0000,1024.0000
124.6670,1.6670,1.3930,5.0000,-373.0000,1020.0000
