depth,dist
7.75,-12.29
7.72,-12.19
7.69,-12.09
7.66,-11.99
7.63,-11.89
7.60,-11.79
7.57,-11.69
7.54,-11.59
7.51,-11.49
7.48,-11.39
7.45,-11.29
7.43,-11.19
7.40,-11.09
7.37,-10.99
7.34,-10.89
7.31,-10.79
7.28,-10.69
7.25,-10.59
7.22,-10.49
7.19,-10.39
7.16,-10.29
7.13,-10.19
7.11,-10.09
7.08,-9.99
7.05,-9.89
7.02,-9.79
6.99,-9.69
6.96,-9.59
6.93,-9.49
6.90,-9.39
6.87,-9.29
6.84,-9.19
6.81,-9.09
6.78,-8.99
6.76,-8.89
6.73,-8.79
6.70,-8.69
6.67,-8.59
6.64,-8.49
6.61,-8.39
6.58,-8.29
6.55,-8.19
6.52,-8.09
6.49,-7.99
6.46,-7.89
6.44,-7.79
6.43,-7.69
6.44,-7.59
6.45,-7.49
6.46,-7.39
6.47,-7.29
6.48,-7.19
6.49,-7.09
6.50,-6.99
6.51,-6.89
6.52,-6.79
6.53,-6.69
6.54,-6.59
6.54,-6.49
6.55,-6.39
6.56,-6.29
6.57,-6.19
6.58,-6.09
6.59,-5.99
6.60,-5.89
6.61,-5.79
6.62,-5.69
6.63,-5.59
6.64,-5.49
6.65,-5.39
6.66,-5.29
6.67,-5.19
6.68,-5.09
6.69,-4.99
6.70,-4.89
6.71,-4.79
6.72,-4.69
6.73,-4.59
6.74,-4.49
6.75,-4.39
6.76,-4.29
6.77,-4.19
6.78,-4.09
6.79,-3.99
6.80,-3.89
6.81,-3.79
6.82,-3.69
6.83,-3.59
6.84,-3.49
6.85,-3.39
6.86,-3.29
6.87,-3.19
6.88,-3.09
6.89,-2.99
6.90,-2.89
6.91,-2.79
6.92,-2.69
6.93,-2.59
6.93,-2.49
6.94,-2.39
6.95,-2.29
6.96,-2.19
6.97,-2.09
6.98,-1.99
6.99,-1.89
7.00,-1.79
7.01,-1.69
7.02,-1.59
7.03,-1.49
7.04,-1.39
7.05,-1.29
7.06,-1.19
7.07,-1.09
7.08,-0.99
7.09,-0.89
7.10,-0.79
7.11,-0.69
7.12,-0.59
7.13,-0.49
7.14,-0.39
7.15,-0.29
7.16,-0.19
7.17,-0.09
7.18,0.01
7.19,0.11
7.20,0.21
7.21,0.31
7.22,0.41
7.23,0.51
7.24,0.61
7.25,0.71
7.26,0.81
7.27,0.91
7.28,1.01
7.29,1.11
7.30,1.21
7.31,1.31
7.32,1.41
7.32,1.51
7.33,1.61
7.34,1.71
7.35,1.81
7.36,1.91
7.37,2.01
7.38,2.11
7.39,2.21
7.40,2.31
7.41,2.41
7.42,2.51
7.43,2.61
7.44,2.71
7.45,2.81
7.46,2.91
7.47,3.01
7.48,3.11
7.49,3.21
7.50,3.31
7.51,3.41
7.52,3.51
7.53,3.61
7.54,3.71
7.55,3.81
7.56,3.91
7.57,4.01
7.58,4.11
7.59,4.21
7.60,4.31
7.61,4.41
7.62,4.51
7.63,4.61
7.64,4.71
7.65,4.81
7.66,4.91
7.67,5.01
7.68,5.11
7.69,5.21
7.70,5.31
7.71,5.41
7.71,5.51
7.72,5.61
7.73,5.71
7.74,5.81
7.75,5.91
7.76,6.01
7.77,6.11
7.78,6.21
7.79,6.31
7.80,6.41
7.81,6.51
7.82,6.61
7.83,6.71
7.84,6.81
7.85,6.91
7.86,7.01
7.87,7.11
7.88,7.21
7.89,7.31
7.90,7.41
7.91,7.51
7.92,7.61
7.93,7.71
7.94,7.81
7.95,7.91
7.96,8.01
7.97,8.11
7.98,8.21
7.99,8.31
8.00,8.41
8.01,8.51
8.02,8.61
8.03,8.71
8.04,8.81
8.05,8.91
8.06,9.01
8.07,9.11
8.08,9.21
8.09,9.31
8.10,9.41
8.10,9.51
8.11,9.61
8.12,9.71
8.13,9.81
8.14,9.91
8.15,10.01
8.16,10.11
8.17,10.21
8.18,10.31
8.19,10.41
8.20,10.51
8.21,10.61
8.22,10.71
8.23,10.81
8.24,10.91
8.25,11.01
8.26,11.11
8.27,11.21
8.28,11.31
8.29,11.41
8.30,11.51
8.31,11.61
8.32,11.71
8.33,11.81
8.34,11.91
8.35,12.01
8.36,12.11
8.37,12.21
8.38,12.31
8.39,12.41
8.40,12.51
8.41,12.61
8.42,12.71
8.43,12.81
8.44,12.91
8.45,13.01
8.46,13.11
8.47,13.21
8.48,13.31
8.49,13.41
8.49,13.51
8.50,13.61
8.51,13.71
8.52,13.81
8.53,13.91
8.54,14.01
8.55,14.11
8.56,14.21
8.57,14.31
8.58,14.41
8.59,14.51
8.60,14.61
8.61,14.71
8.62,14.81
8.63,14.91
8.64,15.01
8.65,15.11
8.66,15.21
8.67,15.31
8.68,15.41
8.69,15.51
8.70,15.61
8.71,15.71
8.72,15.81
8.73,15.91
8.74,16.01
8.75,16.11
8.76,16.21
8.77,16.31
8.78,16.41
8.79,16.51
8.80,16.61
8.81,16.71
8.82,16.81
8.83,16.91
8.84,17.01
8.85,17.11
8.86,17.21
8.87,17.31
8.88,17.41
8.88,17.51
8.89,17.61
8.90,17.71
8.91,17.81
8.92,17.91
8.93,18.01
8.94,18.11
8.95,18.21
8.96,18.31
8.97,18.41
8.98,18.51
8.99,18.61
9.00,18.71
9.01,18.81
9.02,18.91
9.03,19.01
9.04,19.11
9.05,19.21
9.06,19.31
9.07,19.41
9.08,19.51
9.09,19.61
9.10,19.71
9.11,19.81
9.12,19.91
9.13,20.01
9.14,20.11
9.15,20.21
9.16,20.31
9.17,20.41
9.18,20.51
9.19,20.61
9.20,20.71
9.21,20.81
9.22,20.91
9.23,21.01
9.24,21.11
9.25,21.21
9.27,21.31
9.28,21.41
9.29,21.51
9.31,21.61
9.32,21.71
9.33,21.81
9.35,21.91
9.36,22.01
9.37,22.11
9.39,22.21
9.40,22.31
9.41,22.41
9.43,22.51
9.44,22.61
9.45,22.71
9.47,22.81
9.48,22.91
9.49,23.01
9.51,23.11
9.52,23.21
9.53,23.31
9.55,23.41
9.56,23.51
9.57,23.61
9.59,23.71
9.60,23.81
9.61,23.91
9.63,24.01
9.64,24.11
9.65,24.21
9.67,24.31
9.68,24.41
9.69,24.51
9.71,24.61
9.72,24.71
9.73,24.81
9.75,24.91
9.76,25.01
9.77,25.11
9.79,25.21
9.80,25.31
9.81,25.41
9.83,25.51
9.84,25.61
9.85,25.71
9.87,25.81
9.88,25.91
9.89,26.01
9.91,26.11
9.92,26.21
9.93,26.31
9.95,26.41
9.96,26.51
9.97,26.61
9.99,26.71
10.00,26.81
10.01,26.91
10.03,27.01
10.04,27.11
10.05,27.21
10.07,27.31
10.08,27.41
10.09,27.51
10.11,27.61
10.12,27.71
10.13,27.81
10.15,27.91
10.16,28.01
10.17,28.11
10.19,28.21
10.20,28.31
10.21,28.41
10.23,28.51
10.24,28.61
10.25,28.71
10.27,28.81
10.28,28.91
10.29,29.01
10.31,29.11
10.32,29.21
10.33,29.31
10.35,29.41
10.36,29.51
10.37,29.61
10.39,29.71
10.40,29.81
10.41,29.91
10.43,30.01
10.44,30.11
10.45,30.21
10.47,30.31
10.48,30.41
10.49,30.51
10.51,30.61
10.52,30.71
10.53,30.81
10.55,30.91
10.56,31.01
10.57,31.11
10.59,31.21
10.60,31.31
10.61,31.41
10.63,31.51
10.64,31.61
10.66,31.71
10.67,31.81
10.68,31.91
10.70,32.01
10.71,32.11
10.72,32.21
10.74,32.31
10.75,32.41
10.76,32.51
10.78,32.61
10.79,32.71
10.80,32.81
10.82,32.91
10.83,33.01
10.85,33.11
10.86,33.21
10.87,33.31
10.89,33.41
10.90,33.51
10.91,33.61
10.93,33.71
10.94,33.81
10.95,33.91
10.97,34.01
10.98,34.11
10.99,34.21
11.01,34.31
11.02,34.41
11.03,34.51
11.05,34.61
11.06,34.71
11.08,34.81
11.09,34.91
11.10,35.01
11.12,35.11
11.13,35.21
11.14,35.31
11.16,35.41
11.17,35.51
11.18,35.61
11.20,35.71
11.21,35.81
11.22,35.91
11.24,36.01
11.25,36.11
11.27,36.21
11.28,36.31
11.29,36.41
11.31,36.51
11.32,36.61
11.33,36.71
11.35,36.81
11.36,36.91
11.37,37.01
11.39,37.11
11.40,37.21
11.41,37.31
11.43,37.41
11.44,37.51
11.46,37.61
11.47,37.71
11.48,37.81
11.50,37.91
11.51,38.01
11.52,38.11
11.54,38.21
11.55,38.31
11.56,38.41
11.58,38.51
11.59,38.61
11.60,38.71
11.62,38.81
11.63,38.91
11.65,39.01
11.66,39.11
11.67,39.21
11.69,39.31
11.70,39.41
11.71,39.51
11.73,39.61
11.74,39.71
11.75,39.81
11.77,39.91
11.78,40.01
11.79,40.11
11.81,40.21
11.82,40.31
11.83,40.41
11.84,40.51
11.85,40.61
11.86,40.71
11.87,40.81
11.88,40.91
11.89,41.01
11.90,41.11
11.91,41.21
11.92,41.31
11.93,41.41
11.94,41.51
11.95,41.61
11.96,41.71
11.97,41.81
11.98,41.91
11.99,42.01
12.00,42.11
12.02,42.21
12.03,42.31
12.04,42.41
12.05,42.51
12.06,42.61
12.07,42.71
12.08,42.81
12.09,42.91
12.10,43.01
12.11,43.11
12.12,43.21
12.13,43.31
12.14,43.41
12.15,43.51
12.16,43.61
12.17,43.71
12.18,43.81
12.19,43.91
12.20,44.01
12.21,44.11
12.22,44.21
12.23,44.31
12.24,44.41
12.25,44.51
12.26,44.61
12.27,44.71
12.28,44.81
12.29,44.91
12.30,45.01
12.31,45.11
12.32,45.21
12.33,45.31
12.34,45.41
12.35,45.51
12.36,45.61
12.37,45.71
12.38,45.81
12.39,45.91
12.40,46.01
12.41,46.11
12.42,46.21
12.43,46.31
12.44,46.41
12.45,46.51
12.46,46.61
12.47,46.71
12.48,46.81
12.49,46.91
12.50,47.01
12.51,47.11
12.52,47.21
12.54,47.31
12.55,47.41
12.56,47.51
12.57,47.61
12.58,47.71
12.59,47.81
12.60,47.91
12.61,48.01
12.62,48.11
12.63,48.21
12.64,48.31
12.65,48.41
12.66,48.51
12.67,48.61
12.68,48.71
12.69,48.81
12.70,48.91
12.71,49.01
12.72,49.11
12.73,49.21
12.74,49.31
12.75,49.41
12.76,49.51
12.77,49.61
12.78,49.71
12.79,49.81
12.80,49.91
12.81,50.01
12.82,50.11
12.83,50.21
12.83,50.31
12.83,50.41
12.83,50.51
12.83,50.61
12.83,50.71
12.83,50.81
12.83,50.91
12.83,51.01
12.83,51.11
12.84,51.21
12.84,51.31
12.84,51.41
12.84,51.51
12.84,51.61
12.84,51.71
12.84,51.81
12.84,51.91
12.84,52.01
12.84,52.11
12.85,52.21
12.85,52.31
12.85,52.41
12.85,52.51
12.85,52.61
12.85,52.71
12.85,52.81
12.85,52.91
12.85,53.01
12.86,53.11
12.86,53.21
12.86,53.31
12.86,53.41
12.86,53.51
12.86,53.61
12.86,53.71
12.86,53.81
12.86,53.91
12.86,54.01
12.87,54.11
12.87,54.21
12.87,54.31
12.87,54.41
12.87,54.51
12.87,54.61
12.87,54.71
12.87,54.81
12.87,54.91
12.87,55.01
12.88,55.11
12.88,55.21
12.88,55.31
12.88,55.41
12.88,55.51
12.88,55.61
12.88,55.71
12.88,55.81
12.88,55.91
12.89,56.01
12.89,56.11
12.89,56.21
12.89,56.31
12.89,56.41
12.89,56.51
12.89,56.61
12.89,56.71
12.89,56.81
12.89,56.91
12.90,57.01
12.90,57.11
12.90,57.21
12.90,57.31
12.90,57.41
12.90,57.51
12.90,57.61
12.90,57.71
12.90,57.81
12.90,57.91
12.91,58.01
12.91,58.11
12.91,58.21
12.91,58.31
12.91,58.41
12.91,58.51
12.91,58.61
12.91,58.71
12.91,58.81
12.91,58.91
12.92,59.01
12.92,59.11
12.92,59.21
12.92,59.31
12.92,59.41
12.92,59.51
12.92,59.61
12.92,59.71
12.92,59.81
12.93,59.91
12.93,60.01
12.93,60.11
12.93,60.21
12.93,60.31
12.93,60.41
12.93,60.51
12.93,60.61
12.93,60.71
12.93,60.81
12.94,60.91
12.94,61.01
12.94,61.11
12.94,61.21
12.94,61.31
12.94,61.41
12.94,61.51
12.94,61.61
12.94,61.71
12.94,61.81
12.95,61.91
12.95,62.01
12.95,62.11
12.95,62.21
12.95,62.31
12.95,62.41
12.95,62.51
12.95,62.61
12.95,62.71
12.96,62.81
12.96,62.91
12.96,63.01
12.96,63.11
12.96,63.21
12.96,63.31
12.96,63.41
12.96,63.51
12.96,63.61
12.96,63.71
12.97,63.81
12.97,63.91
12.97,64.01
12.97,64.11
12.97,64.21
12.97,64.31
12.97,64.41
12.97,64.51
12.97,64.61
12.97,64.71
12.98,64.81
12.98,64.91
12.98,65.01
12.98,65.11
12.98,65.21
12.98,65.31
12.98,65.41
12.98,65.51
12.98,65.61
12.98,65.71
12.99,65.81
12.99,65.91
12.99,66.01
12.99,66.11
12.99,66.21
12.99,66.31
12.99,66.41
12.99,66.51
12.99,66.61
13.00,66.71
13.00,66.81
13.00,66.91
13.00,67.01
13.00,67.11
13.00,67.21
13.00,67.31
13.00,67.41
13.00,67.51
13.00,67.61
13.01,67.71
13.01,67.81
13.01,67.91
13.01,68.01
13.01,68.11
13.01,68.21
13.01,68.31
13.01,68.41
13.01,68.51
13.01,68.61
13.02,68.71
13.02,68.81
13.02,68.91
13.02,69.01
13.02,69.11
13.02,69.21
13.02,69.31
13.02,69.41
13.02,69.51
13.03,69.61
13.03,69.71
13.03,69.81
13.03,69.91
13.03,70.01
13.03,70.11
13.04,70.21
13.04,70.31
13.04,70.41
13.05,70.51
13.05,70.61
13.06,70.71
13.06,70.81
13.06,70.91
13.07,71.01
13.07,71.11
13.07,71.21
13.08,71.31
13.08,71.41
13.09,71.51
13.09,71.61
13.09,71.71
13.10,71.81
13.10,71.91
13.10,72.01
13.11,72.11
13.11,72.21
13.11,72.31
13.12,72.41
13.12,72.51
13.13,72.61
13.13,72.71
13.13,72.81
13.14,72.91
13.14,73.01
13.14,73.11
13.15,73.21
13.15,73.31
13.16,73.41
13.16,73.51
13.16,73.61
13.17,73.71
13.17,73.81
13.17,73.91
13.18,74.01
13.18,74.11
13.19,74.21
13.19,74.31
13.19,74.41
13.20,74.51
13.20,74.61
13.20,74.71
13.21,74.81
13.21,74.91
13.21,75.01
13.22,75.11
13.22,75.21
13.23,75.31
13.23,75.41
13.23,75.51
13.24,75.61
13.24,75.71
13.24,75.81
13.25,75.91
13.25,76.01
13.26,76.11
13.26,76.21
13.26,76.31
13.27,76.41
13.27,76.51
13.27,76.61
13.28,76.71
13.28,76.81
13.28,76.91
13.29,77.01
13.29,77.11
13.30,77.21
13.30,77.31
13.30,77.41
13.31,77.51
13.31,77.61
13.31,77.71
13.32,77.81
13.32,77.91
13.33,78.01
13.33,78.11
13.33,78.21
13.34,78.31
13.34,78.41
13.34,78.51
13.35,78.61
13.35,78.71
13.36,78.81
13.36,78.91
13.36,79.01
13.37,79.11
13.37,79.21
13.37,79.31
13.38,79.41
13.38,79.51
13.38,79.61
13.39,79.71
13.39,79.81
13.40,79.91
13.40,80.01
13.40,80.11
13.41,80.21
13.41,80.31
13.41,80.41
13.41,80.51
13.42,80.61
13.42,80.71
13.42,80.81
13.43,80.91
13.43,81.01
13.43,81.11
13.44,81.21
13.44,81.31
13.44,81.41
13.45,81.51
13.45,81.61
13.45,81.71
13.46,81.81
13.46,81.91
13.46,82.01
13.47,82.11
13.47,82.21
13.47,82.31
13.47,82.41
13.48,82.51
13.48,82.61
13.48,82.71
13.49,82.81
13.49,82.91
13.49,83.01
13.50,83.11
13.50,83.21
13.50,83.31
13.51,83.41
13.51,83.51
13.51,83.61
13.52,83.71
13.52,83.81
13.52,83.91
13.53,84.01
13.53,84.11
13.53,84.21
13.53,84.31
13.54,84.41
13.54,84.51
13.54,84.61
13.55,84.71
13.55,84.81
13.55,84.91
13.56,85.01
13.56,85.11
13.56,85.21
13.57,85.31
13.57,85.41
13.57,85.51
13.58,85.61
13.58,85.71
13.58,85.81
13.59,85.91
13.59,86.01
13.59,86.11
13.59,86.21
13.60,86.31
13.60,86.41
13.60,86.51
13.61,86.61
13.61,86.71
13.61,86.81
13.62,86.91
13.62,87.01
13.62,87.11
13.63,87.21
13.63,87.31
13.63,87.41
13.64,87.51
13.64,87.61
13.64,87.71
13.65,87.81
13.65,87.91
13.65,88.01
13.65,88.11
13.66,88.21
13.66,88.31
13.66,88.41
13.67,88.51
13.67,88.61
13.67,88.71
13.68,88.81
13.68,88.91
13.68,89.01
13.69,89.11
13.69,89.21
13.69,89.31
13.70,89.41
13.70,89.51
13.70,89.61
13.71,89.71
13.71,89.81
13.71,89.91
13.71,90.01
13.71,90.11
13.71,90.21
13.71,90.31
13.71,90.41
13.71,90.51
13.71,90.61
13.71,90.71
13.71,90.81
13.71,90.91
13.71,91.01
13.71,91.11
13.71,91.21
13.71,91.31
13.71,91.41
13.71,91.51
13.71,91.61
13.71,91.71
13.71,91.81
13.71,91.91
13.71,92.01
13.71,92.11
13.71,92.21
13.71,92.31
13.71,92.41
13.71,92.51
13.71,92.61
13.71,92.71
13.71,92.81
13.71,92.91
13.71,93.01
13.71,93.11
13.71,93.21
13.71,93.31
13.71,93.41
13.71,93.51
13.71,93.61
13.71,93.71
13.71,93.81
13.71,93.91
13.71,94.01
13.71,94.11
13.71,94.21
13.71,94.31
13.71,94.41
13.71,94.51
13.71,94.61
13.71,94.71
13.71,94.81
13.71,94.91
13.71,95.01
13.71,95.11
13.71,95.21
13.71,95.31
13.71,95.41
13.71,95.51
13.71,95.61
13.71,95.71
13.71,95.81
13.71,95.91
13.71,96.01
13.71,96.11
13.71,96.21
13.71,96.31
13.71,96.41
13.71,96.51
13.71,96.61
13.71,96.71
13.71,96.81
13.71,96.91
13.71,97.01
13.71,97.11
13.71,97.21
13.71,97.31
13.71,97.41
13.71,97.51
13.71,97.61
13.71,97.71
13.71,97.81
13.71,97.91
13.71,98.01
13.71,98.11
13.71,98.21
13.71,98.31
13.71,98.41
13.71,98.51
13.71,98.61
13.71,98.71
13.71,98.81
13.71,98.91
13.71,99.01
13.71,99.11
13.71,99.21
13.71,99.31
13.71,99.41
13.71,99.51
13.71,99.61
13.71,99.71
13.71,99.81
13.71,99.91
13.71,100.01
13.72,100.11
13.72,100.21
13.73,100.31
13.73,100.41
13.74,100.51
13.74,100.61
13.75,100.71
13.75,100.81
13.76,100.91
13.76,101.01
13.77,101.11
13.77,101.21
13.78,101.31
13.78,101.41
13.79,101.51
13.79,101.61
13.80,101.71
13.80,101.81
13.80,101.91
13.81,102.01
13.81,102.11
13.82,102.21
13.82,102.31
13.83,102.41
13.83,102.51
13.84,102.61
13.84,102.71
13.85,102.81
13.85,102.91
13.86,103.01
13.86,103.11
13.87,103.21
13.87,103.31
13.88,103.41
13.88,103.51
13.89,103.61
13.89,103.71
13.89,103.81
13.90,103.91
13.90,104.01
13.91,104.11
13.91,104.21
13.92,104.31
13.92,104.41
13.93,104.51
13.93,104.61
13.94,104.71
13.94,104.81
13.95,104.91
13.95,105.01
13.96,105.11
13.96,105.21
13.97,105.31
13.97,105.41
13.98,105.51
13.98,105.61
13.98,105.71
13.99,105.81
13.99,105.91
14.00,106.01
14.00,106.11
14.01,106.21
14.01,106.31
14.02,106.41
14.02,106.51
14.03,106.61
14.03,106.71
14.04,106.81
14.04,106.91
14.05,107.01
14.05,107.11
14.06,107.21
14.06,107.31
14.07,107.41
14.07,107.51
14.08,107.61
14.08,107.71
14.08,107.81
14.09,107.91
14.09,108.01
14.10,108.11
14.10,108.21
14.11,108.31
14.11,108.41
14.12,108.51
14.12,108.61
14.13,108.71
14.13,108.81
14.14,108.91
14.14,109.01
14.15,109.11
14.15,109.21
14.16,109.31
14.16,109.41
14.17,109.51
14.17,109.61
14.17,109.71
14.18,109.81
14.19,109.91
14.19,110.01
14.20,110.11
14.20,110.21
14.21,110.31
14.21,110.41
14.22,110.51
14.23,110.61
14.23,110.71
14.24,110.81
14.24,110.91
14.25,111.01
14.26,111.11
14.26,111.21
14.27,111.31
14.27,111.41
14.28,111.51
14.28,111.61
14.29,111.71
14.30,111.81
14.30,111.91
14.31,112.01
14.31,112.11
14.32,112.21
14.32,112.31
14.33,112.41
14.34,112.51
14.34,112.61
14.35,112.71
14.35,112.81
14.36,112.91
14.37,113.01
14.37,113.11
14.38,113.21
14.38,113.31
14.39,113.41
14.39,113.51
14.40,113.61
14.41,113.71
14.41,113.81
14.42,113.91
14.42,114.01
14.43,114.11
14.44,114.21
14.44,114.31
14.45,114.41
14.45,114.51
14.46,114.61
14.46,114.71
14.47,114.81
14.48,114.91
14.48,115.01
14.49,115.11
14.49,115.21
14.50,115.31
14.51,115.41
14.51,115.51
14.52,115.61
14.52,115.71
14.53,115.81
14.53,115.91
14.54,116.01
14.55,116.11
14.55,116.21
14.56,116.31
14.56,116.41
14.57,116.51
14.57,116.61
14.58,116.71
14.59,116.81
14.59,116.91
14.60,117.01
14.60,117.11
14.61,117.21
14.62,117.31
14.62,117.41
14.63,117.51
14.63,117.61
14.64,117.71
14.64,117.81
14.65,117.91
14.66,118.01
14.66,118.11
14.67,118.21
14.67,118.31
14.68,118.41
14.69,118.51
14.69,118.61
14.70,118.71
14.70,118.81
14.71,118.91
14.71,119.01
14.72,119.11
14.73,119.21
14.73,119.31
14.74,119.41
14.74,119.51
14.75,119.61
14.75,119.71
14.76,119.81
14.76,119.91
14.76,120.01
14.76,120.11
14.77,120.21
14.77,120.31
14.77,120.41
14.77,120.51
14.77,120.61
14.77,120.71
14.78,120.81
14.78,120.91
14.78,121.01
14.78,121.11
14.78,121.21
14.78,121.31
14.79,121.41
14.79,121.51
14.79,121.61
14.79,121.71
14.79,121.81
14.79,121.91
14.79,122.01
14.80,122.11
14.80,122.21
14.80,122.31
14.80,122.41
14.80,122.51
14.80,122.61
14.81,122.71
14.81,122.81
14.81,122.91
14.81,123.01
14.81,123.11
14.81,123.21
14.81,123.31
14.82,123.41
14.82,123.51
14.82,123.61
14.82,123.71
14.82,123.81
14.82,123.91
14.83,124.01
14.83,124.11
14.83,124.21
14.83,124.31
14.83,124.41
14.83,124.51
14.83,124.61
14.84,124.71
14.84,124.81
14.84,124.91
14.84,125.01
14.84,125.11
14.84,125.21
14.85,125.31
14.85,125.41
14.85,125.51
14.85,125.61
14.85,125.71
14.85,125.81
14.86,125.91
14.86,126.01
14.86,126.11
14.86,126.21
14.86,126.31
14.86,126.41
14.86,126.51
14.87,126.61
14.87,126.71
14.87,126.81
14.87,126.91
14.87,127.01
14.87,127.11
14.88,127.21
14.88,127.31
14.88,127.41
14.88,127.51
14.88,127.61
14.88,127.71
14.88,127.81
14.89,127.91
14.89,128.01
14.89,128.11
14.89,128.21
14.89,128.31
14.89,128.41
14.90,128.51
14.90,128.61
14.90,128.71
14.90,128.81
14.90,128.91
14.90,129.01
14.90,129.11
14.91,129.21
14.91,129.31
14.91,129.41
14.91,129.51
14.91,129.61
14.91,129.71
14.92,129.81
14.93,129.91
14.94,130.01
14.95,130.11
14.97,130.21
14.98,130.31
14.99,130.41
15.00,130.51
15.01,130.61
15.02,130.71
15.03,130.81
15.04,130.91
15.06,131.01
15.07,131.11
15.08,131.21
15.09,131.31
15.10,131.41
15.11,131.51
15.12,131.61
15.13,131.71
15.14,131.81
15.16,131.91
15.17,132.01
15.18,132.11
15.19,132.21
15.20,132.31
15.21,132.41
15.22,132.51
15.23,132.61
15.24,132.71
15.26,132.81
15.27,132.91
15.28,133.01
15.29,133.11
15.30,133.21
15.31,133.31
15.32,133.41
15.33,133.51
15.35,133.61
15.36,133.71
15.37,133.81
15.38,133.91
15.39,134.01
15.40,134.11
15.41,134.21
15.42,134.31
15.43,134.41
15.45,134.51
15.46,134.61
15.47,134.71
15.48,134.81
15.49,134.91
15.50,135.01
15.51,135.11
15.52,135.21
15.53,135.31
15.55,135.41
15.56,135.51
15.57,135.61
15.58,135.71
15.59,135.81
15.60,135.91
15.61,136.01
15.62,136.11
15.64,136.21
15.65,136.31
15.66,136.41
15.67,136.51
15.68,136.61
15.69,136.71
15.70,136.81
15.71,136.91
15.72,137.01
15.74,137.11
15.75,137.21
15.76,137.31
15.77,137.41
15.78,137.51
15.79,137.61
15.80,137.71
15.81,137.81
15.82,137.91
15.84,138.01
15.85,138.11
15.86,138.21
15.87,138.31
15.88,138.41
15.89,138.51
15.90,138.61
15.91,138.71
15.93,138.81
15.94,138.91
15.95,139.01
15.96,139.11
15.97,139.21
15.98,139.31
15.99,139.41
16.00,139.51
16.01,139.61
16.03,139.71
16.04,139.81
16.05,139.91
16.06,140.01
16.07,140.11
16.08,140.21
16.09,140.31
16.10,140.41
16.11,140.51
16.13,140.61
16.14,140.71
16.15,140.81
16.16,140.91
16.17,141.01
16.18,141.11
16.19,141.21
16.20,141.31
16.22,141.41
16.23,141.51
16.24,141.61
16.25,141.71
16.26,141.81
16.27,141.91
16.28,142.01
16.29,142.11
16.30,142.21
16.32,142.31
16.33,142.41
16.34,142.51
16.35,142.61
16.36,142.71
16.37,142.81
16.38,142.91
16.39,143.01
16.40,143.11
16.42,143.21
16.43,143.31
16.44,143.41
16.45,143.51
16.46,143.61
16.47,143.71
16.48,143.81
16.49,143.91
16.51,144.01
16.52,144.11
16.53,144.21
16.54,144.31
16.55,144.41
16.56,144.51
16.57,144.61
16.58,144.71
16.59,144.81
16.61,144.91
16.62,145.01
16.63,145.11
16.64,145.21
16.65,145.31
16.66,145.41
16.67,145.51
16.68,145.61
16.69,145.71
16.71,145.81
16.72,145.91
16.73,146.01
16.74,146.11
16.75,146.21
16.76,146.31
16.77,146.41
16.78,146.51
16.80,146.61
16.81,146.71
16.82,146.81
16.83,146.91
16.84,147.01
16.85,147.11
16.86,147.21
16.87,147.31
16.88,147.41
16.90,147.51
16.91,147.61
16.92,147.71
16.93,147.81
16.94,147.91
16.95,148.01
16.96,148.11
16.97,148.21
16.99,148.31
17.00,148.41
17.01,148.51
17.02,148.61
17.03,148.71
17.04,148.81
17.05,148.91
17.06,149.01
17.07,149.11
17.09,149.21
17.10,149.31
17.11,149.41
17.12,149.51
17.13,149.61
17.14,149.71
17.15,149.81
17.16,149.91
17.17,150.01
17.19,150.11
17.20,150.21
17.21,150.31
17.22,150.41
17.23,150.51
17.24,150.61
17.25,150.71
17.26,150.81
17.28,150.91
17.29,151.01
17.30,151.11
17.31,151.21
17.32,151.31
17.33,151.41
17.34,151.51
17.35,151.61
17.36,151.71
17.38,151.81
17.39,151.91
17.40,152.01
17.41,152.11
17.42,152.21
17.43,152.31
17.44,152.41
17.45,152.51
17.46,152.61
17.48,152.71
17.49,152.81
17.50,152.91
17.51,153.01
17.52,153.11
17.53,153.21
17.54,153.31
17.55,153.41
17.57,153.51
17.58,153.61
17.59,153.71
17.60,153.81
17.61,153.91
17.62,154.01
17.63,154.11
17.64,154.21
17.65,154.31
17.67,154.41
17.68,154.51
17.69,154.61
17.70,154.71
17.71,154.81
17.72,154.91
17.73,155.01
17.74,155.11
17.75,155.21
17.77,155.31
17.78,155.41
17.79,155.51
17.80,155.61
17.81,155.71
17.82,155.81
17.83,155.91
17.84,156.01
17.86,156.11
17.87,156.21
17.88,156.31
17.89,156.41
17.90,156.51
17.91,156.61
17.92,156.71
17.93,156.81
17.94,156.91
17.96,157.01
17.97,157.11
17.98,157.21
17.99,157.31
18.00,157.41
18.01,157.51
18.02,157.61
18.03,157.71
18.04,157.81
18.06,157.91
18.07,158.01
18.08,158.11
18.09,158.21
18.10,158.31
18.11,158.41
18.12,158.51
18.13,158.61
18.15,158.71
18.16,158.81
18.17,158.91
18.18,159.01
18.19,159.11
18.20,159.21
18.21,159.31
18.22,159.41
18.23,159.51
18.25,159.61
18.26,159.71
18.27,159.81
18.28,159.91
18.29,160.01
18.30,160.11
18.31,160.21
18.32,160.31
18.33,160.41
18.35,160.51
18.36,160.61
18.37,160.71
18.38,160.81
18.39,160.91
18.40,161.01
18.41,161.11
18.42,161.21
18.44,161.31
18.45,161.41
18.46,161.51
18.47,161.61
18.48,161.71
18.49,161.81
18.50,161.91
18.51,162.01
18.52,162.11
18.54,162.21
18.55,162.31
18.56,162.41
18.57,162.51
18.58,162.61
18.59,162.71
18.60,162.81
18.61,162.91
18.63,163.01
18.64,163.11
18.65,163.21
18.66,163.31
18.67,163.41
18.68,163.51
18.69,163.61
18.70,163.71
18.71,163.81
18.73,163.91
18.74,164.01
18.75,164.11
18.76,164.21
18.77,164.31
18.78,164.41
18.79,164.51
18.80,164.61
18.81,164.71
18.83,164.81
18.84,164.91
18.85,165.01
18.86,165.11
18.87,165.21
18.88,165.31
18.89,165.41
18.90,165.51
18.92,165.61
18.93,165.71
18.94,165.81
18.95,165.91
18.96,166.01
18.97,166.11
18.98,166.21
18.99,166.31
19.00,166.41
19.02,166.51
19.03,166.61
19.04,166.71
19.05,166.81
19.06,166.91
19.07,167.01
19.08,167.11
19.09,167.21
19.10,167.31
19.12,167.41
19.13,167.51
19.14,167.61
19.15,167.71
19.16,167.81
19.17,167.91
19.18,168.01
19.19,168.11
19.21,168.21
19.22,168.31
19.23,168.41
19.24,168.51
19.25,168.61
19.26,168.71
19.27,168.81
19.28,168.91
19.29,169.01
19.31,169.11
19.32,169.21
19.33,169.31
19.34,169.41
19.35,169.51
19.36,169.61
19.37,169.71
19.38,169.81
19.39,169.91
19.41,170.01
19.42,170.11
19.43,170.21
19.44,170.31
19.45,170.41
19.46,170.51
19.47,170.61
19.48,170.71
19.50,170.81
19.51,170.91
19.52,171.01
19.53,171.11
19.54,171.21
19.55,171.31
19.56,171.41
19.57,171.51
19.59,171.61
19.61,171.71
19.64,171.81
19.66,171.91
19.69,172.01
19.71,172.11
19.74,172.21
19.76,172.31
19.79,172.41
19.81,172.51
19.84,172.61
19.86,172.71
19.89,172.81
19.91,172.91
19.93,173.01
19.96,173.11
19.98,173.21
20.01,173.31
20.03,173.41
20.06,173.51
20.08,173.61
20.11,173.71
20.13,173.81
20.16,173.91
20.18,174.01
20.21,174.11
20.23,174.21
20.25,174.31
20.28,174.41
20.30,174.51
20.33,174.61
20.35,174.71
20.38,174.81
20.40,174.91
20.43,175.01
20.45,175.11
20.48,175.21
20.50,175.31
20.53,175.41
20.55,175.51
20.57,175.61
20.60,175.71
20.62,175.81
20.65,175.91
20.67,176.01
20.70,176.11
20.72,176.21
20.75,176.31
20.77,176.41
20.80,176.51
20.82,176.61
20.85,176.71
20.87,176.81
20.89,176.91
20.92,177.01
20.94,177.11
20.97,177.21
20.99,177.31
21.02,177.41
21.04,177.51
21.07,177.61
21.09,177.71
21.12,177.81
21.14,177.91
21.16,178.01
21.19,178.11
21.21,178.21
21.24,178.31
21.26,178.41
21.29,178.51
21.31,178.61
21.34,178.71
21.36,178.81
21.39,178.91
21.41,179.01
21.44,179.11
21.46,179.21
21.48,179.31
21.51,179.41
21.53,179.51
21.56,179.61
21.58,179.71
21.61,179.81
21.63,179.91
21.66,180.01
21.68,180.11
21.71,180.21
21.73,180.31
21.76,180.41
21.78,180.51
21.80,180.61
21.83,180.71
21.85,180.81
21.88,180.91
21.90,181.01
21.93,181.11
21.95,181.21
21.98,181.31
22.00,181.41
22.03,181.51
22.05,181.61
22.08,181.71
22.10,181.81
22.12,181.91
22.15,182.01
22.17,182.11
22.20,182.21
22.22,182.31
22.25,182.41
22.27,182.51
22.30,182.61
22.32,182.71
22.35,182.81
22.37,182.91
22.40,183.01
22.42,183.11
22.44,183.21
22.47,183.31
22.49,183.41
22.52,183.51
22.54,183.61
22.57,183.71
22.59,183.81
22.62,183.91
22.64,184.01
22.67,184.11
22.69,184.21
22.72,184.31
22.74,184.41
22.76,184.51
22.79,184.61
22.81,184.71
22.84,184.81
22.86,184.91
22.89,185.01
22.91,185.11
22.94,185.21
22.96,185.31
22.99,185.41
23.01,185.51
23.04,185.61
23.06,185.71
23.08,185.81
23.11,185.91
23.13,186.01
23.16,186.11
23.18,186.21
23.21,186.31
23.23,186.41
23.26,186.51
23.28,186.61
23.29,186.71
23.30,186.81
23.31,186.91
23.32,187.01
23.33,187.11
23.34,187.21
23.35,187.31
23.36,187.41
23.37,187.51
23.38,187.61
23.39,187.71
23.40,187.81
23.41,187.91
23.42,188.01
23.44,188.11
23.45,188.21
23.46,188.31
23.47,188.41
23.48,188.51
23.49,188.61
23.50,188.71
23.51,188.81
23.52,188.91
23.53,189.01
23.54,189.11
23.55,189.21
23.56,189.31
23.57,189.41
23.58,189.51
23.59,189.61
23.60,189.71
23.62,189.81
23.63,189.91
23.64,190.01
23.65,190.11
23.66,190.21
23.67,190.31
23.68,190.41
23.69,190.51
23.70,190.61
23.71,190.71
23.72,190.81
23.73,190.91
23.74,191.01
23.75,191.11
23.76,191.21
23.77,191.31
23.78,191.41
23.79,191.51
23.81,191.61
23.82,191.71
23.83,191.81
23.84,191.91
23.85,192.01
23.86,192.11
23.87,192.21
23.88,192.31
23.89,192.41
23.90,192.51
23.91,192.61
23.92,192.71
23.93,192.81
23.94,192.91
23.95,193.01
23.96,193.11
23.97,193.21
23.99,193.31
24.00,193.41
24.01,193.51
24.02,193.61
24.03,193.71
24.04,193.81
24.05,193.91
24.06,194.01
24.07,194.11
24.08,194.21
24.09,194.31
24.10,194.41
24.11,194.51
24.12,194.61
24.13,194.71
24.14,194.81
24.15,194.91
24.16,195.01
24.18,195.11
24.19,195.21
24.20,195.31
24.21,195.41
24.22,195.51
24.23,195.61
24.24,195.71
24.25,195.81
24.26,195.91
24.27,196.01
24.28,196.11
24.29,196.21
24.30,196.31
24.31,196.41
24.32,196.51
24.33,196.61
24.34,196.71
24.36,196.81
24.37,196.91
24.38,197.01
24.39,197.11
24.40,197.21
24.41,197.31
24.42,197.41
24.43,197.51
24.44,197.61
24.45,197.71
24.46,197.81
24.47,197.91
24.48,198.01
24.49,198.11
24.50,198.21
24.51,198.31
24.52,198.41
24.53,198.51
24.55,198.61
24.56,198.71
24.57,198.81
24.58,198.91
24.59,199.01
24.60,199.11
24.61,199.21
24.62,199.31
24.63,199.41
24.64,199.51
24.65,199.61
24.66,199.71
24.67,199.81
24.68,199.91
24.69,200.01
24.70,200.11
24.71,200.21
24.73,200.31
24.74,200.41
24.75,200.51
24.76,200.61
24.77,200.71
24.78,200.81
24.79,200.91
24.80,201.01
24.81,201.11
24.82,201.21
24.83,201.31
24.84,201.41
24.85,201.51
24.86,201.61
24.87,201.71
24.88,201.81
24.89,201.91
24.90,202.01
24.92,202.11
24.93,202.21
24.94,202.31
24.95,202.41
24.96,202.51
24.97,202.61
24.98,202.71
24.99,202.81
25.00,202.91
25.01,203.01
25.02,203.11
25.03,203.21
25.04,203.31
25.05,203.41
25.06,203.51
25.07,203.61
25.08,203.71
25.09,203.81
25.11,203.91
25.12,204.01
25.13,204.11
25.14,204.21
25.15,204.31
25.16,204.41
25.17,204.51
25.18,204.61
25.19,204.71
25.20,204.81
25.21,204.91
25.22,205.01
25.23,205.11
25.24,205.21
25.25,205.31
25.26,205.41
25.27,205.51
25.29,205.61
25.30,205.71
25.31,205.81
25.32,205.91
25.33,206.01
25.34,206.11
25.35,206.21
25.36,206.31
25.37,206.41
25.38,206.51
25.39,206.61
25.40,206.71
25.41,206.81
25.42,206.91
25.43,207.01
25.44,207.11
25.45,207.21
25.46,207.31
25.48,207.41
25.49,207.51
25.51,207.61
25.54,207.71
25.56,207.81
25.58,207.91
25.61,208.01
25.63,208.11
25.65,208.21
25.68,208.31
25.70,208.41
25.72,208.51
25.75,208.61
25.77,208.71
25.79,208.81
25.82,208.91
25.84,209.01
25.86,209.11
25.89,209.21
25.91,209.31
25.93,209.41
25.96,209.51
25.98,209.61
26.00,209.71
26.03,209.81
26.05,209.91
26.07,210.01
26.10,210.11
26.12,210.21
26.15,210.31
26.17,210.41
26.19,210.51
26.22,210.61
26.24,210.71
26.26,210.81
26.29,210.91
26.31,211.01
26.33,211.11
26.36,211.21
26.38,211.31
26.40,211.41
26.43,211.51
26.45,211.61
26.47,211.71
26.50,211.81
26.52,211.91
26.54,212.01
26.57,212.11
26.59,212.21
26.61,212.31
26.64,212.41
26.66,212.51
26.68,212.61
26.71,212.71
26.73,212.81
26.75,212.91
26.78,213.01
26.80,213.11
26.82,213.21
26.85,213.31
26.87,213.41
26.89,213.51
26.92,213.61
26.94,213.71
26.96,213.81
26.99,213.91
27.01,214.01
27.03,214.11
27.06,214.21
27.08,214.31
27.10,214.41
27.13,214.51
27.15,214.61
27.17,214.71
27.20,214.81
27.22,214.91
27.24,215.01
27.27,215.11
27.29,215.21
27.31,215.31
27.34,215.41
27.36,215.51
27.39,215.61
27.41,215.71
27.43,215.81
27.46,215.91
27.48,216.01
27.50,216.11
27.53,216.21
27.55,216.31
27.57,216.41
27.60,216.51
27.62,216.61
27.64,216.71
27.67,216.81
27.69,216.91
27.71,217.01
27.72,217.11
27.74,217.21
27.75,217.31
27.77,217.41
27.78,217.51
27.80,217.61
27.81,217.71
27.83,217.81
27.84,217.91
27.86,218.01
27.87,218.11
27.89,218.21
27.90,218.31
27.92,218.41
27.93,218.51
27.94,218.61
27.96,218.71
27.97,218.81
27.99,218.91
28.00,219.01
28.02,219.11
28.03,219.21
28.05,219.31
28.06,219.41
28.08,219.51
28.09,219.61
28.11,219.71
28.12,219.81
28.14,219.91
28.15,220.01
28.16,220.11
28.18,220.21
28.19,220.31
28.21,220.41
28.22,220.51
28.24,220.61
28.25,220.71
28.27,220.81
28.28,220.91
28.30,221.01
28.31,221.11
28.33,221.21
28.34,221.31
28.36,221.41
28.37,221.51
28.38,221.61
28.40,221.71
28.41,221.81
28.43,221.91
28.44,222.01
28.46,222.11
28.47,222.21
28.49,222.31
28.50,222.41
28.52,222.51
28.53,222.61
28.55,222.71
28.56,222.81
28.57,222.91
28.59,223.01
28.60,223.11
28.62,223.21
28.63,223.31
28.65,223.41
28.66,223.51
28.68,223.61
28.69,223.71
28.71,223.81
28.72,223.91
28.74,224.01
28.75,224.11
28.77,224.21
28.78,224.31
28.79,224.41
28.81,224.51
28.82,224.61
28.84,224.71
28.85,224.81
28.87,224.91
28.88,225.01
28.90,225.11
28.91,225.21
28.93,225.31
28.94,225.41
28.96,225.51
28.97,225.61
28.99,225.71
29.00,225.81
29.01,225.91
29.03,226.01
29.04,226.11
29.06,226.21
29.07,226.31
29.09,226.41
29.10,226.51
29.12,226.61
29.13,226.71
29.15,226.81
29.16,226.91
29.18,227.01
29.19,227.11
29.21,227.21
29.22,227.31
29.23,227.41
29.25,227.51
29.26,227.61
29.28,227.71
29.29,227.81
29.31,227.91
29.32,228.01
29.34,228.11
29.35,228.21
29.37,228.31
29.38,228.41
29.40,228.51
29.41,228.61
29.43,228.71
29.44,228.81
29.45,228.91
29.47,229.01
29.48,229.11
29.50,229.21
29.51,229.31
29.53,229.41
29.54,229.51
29.56,229.61
29.57,229.71
29.59,229.81
29.60,229.91
29.62,230.01
29.63,230.11
29.65,230.21
29.66,230.31
29.67,230.41
29.69,230.51
29.70,230.61
29.72,230.71
29.73,230.81
29.75,230.91
29.76,231.01
29.78,231.11
29.79,231.21
29.81,231.31
29.82,231.41
29.84,231.51
29.85,231.61
29.86,231.71
29.88,231.81
29.89,231.91
29.91,232.01
29.92,232.11
29.94,232.21
29.95,232.31
29.97,232.41
29.98,232.51
30.00,232.61
30.01,232.71
30.03,232.81
30.04,232.91
30.06,233.01
30.07,233.11
30.08,233.21
30.10,233.31
30.11,233.41
30.13,233.51
30.14,233.61
30.16,233.71
30.17,233.81
30.19,233.91
30.20,234.01
30.22,234.11
30.23,234.21
30.25,234.31
30.26,234.41
30.28,234.51
30.29,234.61
30.30,234.71
30.32,234.81
30.33,234.91
30.35,235.01
30.36,235.11
30.38,235.21
30.39,235.31
30.41,235.41
30.42,235.51
30.44,235.61
30.45,235.71
30.47,235.81
30.48,235.91
30.50,236.01
30.51,236.11
30.52,236.21
30.54,236.31
30.55,236.41
30.57,236.51
30.58,236.61
30.60,236.71
30.61,236.81
30.63,236.91
30.64,237.01
30.66,237.11
30.67,237.21
30.67,237.31
30.68,237.41
30.68,237.51
30.68,237.61
30.69,237.71
30.69,237.81
30.69,237.91
30.70,238.01
30.70,238.11
30.70,238.21
30.71,238.31
30.71,238.41
30.71,238.51
30.72,238.61
30.72,238.71
30.72,238.81
30.73,238.91
30.73,239.01
30.73,239.11
30.74,239.21
30.74,239.31
30.74,239.41
30.75,239.51
30.75,239.61
30.76,239.71
30.76,239.81
30.76,239.91
30.77,240.01
30.77,240.11
30.77,240.21
30.78,240.31
30.78,240.41
30.78,240.51
30.79,240.61
30.79,240.71
30.79,240.81
30.80,240.91
30.80,241.01
30.80,241.11
30.81,241.21
30.81,241.31
30.81,241.41
30.82,241.51
30.82,241.61
30.82,241.71
30.83,241.81
30.83,241.91
30.83,242.01
30.84,242.11
30.84,242.21
30.84,242.31
30.85,242.41
30.85,242.51
30.86,242.61
30.86,242.71
30.86,242.81
30.87,242.91
30.87,243.01
30.87,243.11
30.88,243.21
30.88,243.31
30.88,243.41
30.89,243.51
30.89,243.61
30.89,243.71
30.90,243.81
30.90,243.91
30.90,244.01
30.91,244.11
30.91,244.21
30.91,244.31
30.92,244.41
30.92,244.51
30.92,244.61
30.93,244.71
30.93,244.81
30.93,244.91
30.94,245.01
30.94,245.11
30.94,245.21
30.95,245.31
30.95,245.41
30.95,245.51
30.96,245.61
30.96,245.71
30.97,245.81
30.97,245.91
30.97,246.01
30.98,246.11
30.98,246.21
30.98,246.31
30.99,246.41
30.99,246.51
30.99,246.61
31.00,246.71
31.00,246.81
31.00,246.91
31.01,247.01
31.01,247.11
31.01,247.21
31.02,247.31
31.02,247.41
31.02,247.51
31.03,247.61
31.03,247.71
31.03,247.81
31.04,247.91
31.04,248.01
31.04,248.11
31.05,248.21
31.05,248.31
31.05,248.41
31.06,248.51
31.06,248.61
31.07,248.71
31.07,248.81
31.07,248.91
31.08,249.01
31.08,249.11
31.08,249.21
31.09,249.31
31.09,249.41
31.09,249.51
31.10,249.61
31.10,249.71
31.10,249.81
31.11,249.91
31.11,250.01
31.11,250.11
31.12,250.21
31.12,250.31
31.12,250.41
31.13,250.51
31.13,250.61
31.13,250.71
31.14,250.81
31.14,250.91
31.14,251.01
31.15,251.11
31.15,251.21
31.15,251.31
31.16,251.41
31.16,251.51
31.17,251.61
31.17,251.71
31.17,251.81
31.18,251.91
31.18,252.01
31.18,252.11
31.19,252.21
31.19,252.31
31.19,252.41
31.20,252.51
31.20,252.61
31.20,252.71
31.21,252.81
31.21,252.91
31.21,253.01
31.22,253.11
31.22,253.21
31.22,253.31
31.23,253.41
31.23,253.51
31.23,253.61
31.24,253.71
31.24,253.81
31.24,253.91
31.25,254.01
31.25,254.11
31.25,254.21
31.26,254.31
31.26,254.41
31.26,254.51
31.27,254.61
31.27,254.71
31.28,254.81
31.28,254.91
31.28,255.01
31.29,255.11
31.29,255.21
31.29,255.31
31.30,255.41
31.30,255.51
31.30,255.61
31.31,255.71
31.31,255.81
31.31,255.91
31.32,256.01
31.32,256.11
31.32,256.21
31.33,256.31
31.33,256.41
31.33,256.51
31.34,256.61
31.34,256.71
31.34,256.81
31.35,256.91
31.35,257.01
31.35,257.11
31.36,257.21
31.36,257.31
31.36,257.41
31.37,257.51
31.37,257.61
31.38,257.71
31.38,257.81
31.38,257.91
31.39,258.01
31.39,258.11
31.39,258.21
31.40,258.31
31.40,258.41
31.40,258.51
31.40,258.61
31.40,258.71
31.40,258.81
31.40,258.91
31.40,259.01
31.40,259.11
31.40,259.21
31.40,259.31
31.40,259.41
31.40,259.51
31.40,259.61
31.40,259.71
31.40,259.81
31.40,259.91
31.40,260.01
31.40,260.11
31.40,260.21
31.40,260.31
31.40,260.41
31.40,260.51
31.40,260.61
31.40,260.71
31.40,260.81
31.40,260.91
31.40,261.01
31.40,261.11
31.40,261.21
31.40,261.31
31.40,261.41
31.40,261.51
31.40,261.61
31.40,261.71
31.40,261.81
31.40,261.91
31.40,262.01
31.40,262.11
31.40,262.21
31.40,262.31
31.40,262.41
31.40,262.51
31.40,262.61
31.40,262.71
31.40,262.81
31.40,262.91
31.40,263.01
31.40,263.11
31.40,263.21
31.40,263.31
31.40,263.41
31.40,263.51
31.40,263.61
31.40,263.71
31.40,263.81
31.40,263.91
31.40,264.01
31.40,264.11
31.40,264.21
31.40,264.31
31.40,264.41
31.40,264.51
31.40,264.61
31.40,264.71
31.40,264.81
31.40,264.91
31.40,265.01
31.40,265.11
31.40,265.21
31.40,265.31
31.40,265.41
31.40,265.51
31.40,265.61
31.40,265.71
31.40,265.81
31.40,265.91
31.40,266.01
31.40,266.11
31.40,266.21
31.40,266.31
31.40,266.41
31.40,266.51
31.40,266.61
31.40,266.71
31.40,266.81
31.40,266.91
31.40,267.01
31.40,267.11
31.40,267.21
31.40,267.31
31.40,267.41
31.40,267.51
31.41,267.61
31.41,267.71
31.41,267.81
31.41,267.91
31.42,268.01
31.42,268.11
31.42,268.21
31.43,268.31
31.43,268.41
31.43,268.51
31.44,268.61
31.44,268.71
31.44,268.81
31.45,268.91
31.45,269.01
31.45,269.11
31.46,269.21
31.46,269.31
31.46,269.41
31.47,269.51
31.47,269.61
31.47,269.71
31.48,269.81
31.48,269.91
31.48,270.01
31.48,270.11
31.49,270.21
31.49,270.31
31.49,270.41
31.50,270.51
31.50,270.61
31.50,270.71
31.51,270.81
31.51,270.91
31.51,271.01
31.52,271.11
31.52,271.21
31.52,271.31
31.53,271.41
31.53,271.51
31.53,271.61
31.54,271.71
31.54,271.81
31.54,271.91
31.54,272.01
31.55,272.11
31.55,272.21
31.55,272.31
31.56,272.41
31.56,272.51
31.56,272.61
31.57,272.71
31.57,272.81
31.57,272.91
31.58,273.01
31.58,273.11
31.58,273.21
31.59,273.31
31.59,273.41
31.59,273.51
31.60,273.61
31.60,273.71
31.60,273.81
31.60,273.91
31.61,274.01
31.61,274.11
31.61,274.21
31.62,274.31
31.62,274.41
31.62,274.51
31.63,274.61
31.63,274.71
31.63,274.81
31.64,274.91
31.64,275.01
31.64,275.11
31.65,275.21
31.65,275.31
31.65,275.41
31.66,275.51
31.66,275.61
31.66,275.71
31.67,275.81
31.67,275.91
31.67,276.01
31.67,276.11
31.68,276.21
31.68,276.31
31.68,276.41
31.69,276.51
31.69,276.61
31.69,276.71
31.70,276.81
31.70,276.91
31.70,277.01
31.71,277.11
31.71,277.21
31.71,277.31
31.72,277.41
31.72,277.51
31.72,277.61
31.73,277.71
31.73,277.81
31.73,277.91
31.73,278.01
31.74,278.11
31.74,278.21
31.74,278.31
31.75,278.41
31.75,278.51
31.75,278.61
31.76,278.71
31.76,278.81
31.76,278.91
31.77,279.01
31.77,279.11
31.77,279.21
31.78,279.31
31.78,279.41
31.78,279.51
31.79,279.61
31.79,279.71
31.79,279.81
31.79,279.91
31.80,280.01
31.80,280.11
31.80,280.21
31.81,280.31
31.81,280.41
31.81,280.51
31.82,280.61
31.82,280.71
31.82,280.81
31.83,280.91
31.83,281.01
31.83,281.11
31.84,281.21
31.84,281.31
31.84,281.41
31.85,281.51
31.85,281.61
31.85,281.71
31.86,281.81
31.86,281.91
31.86,282.01
31.86,282.11
31.87,282.21
31.87,282.31
31.87,282.41
31.88,282.51
31.88,282.61
31.88,282.71
31.89,282.81
31.89,282.91
31.89,283.01
31.90,283.11
31.90,283.21
31.90,283.31
31.91,283.41
31.91,283.51
31.91,283.61
31.92,283.71
31.92,283.81
31.92,283.91
31.92,284.01
31.93,284.11
31.93,284.21
31.93,284.31
31.94,284.41
31.94,284.51
31.94,284.61
31.95,284.71
31.95,284.81
31.95,284.91
31.96,285.01
31.96,285.11
31.96,285.21
31.97,285.31
31.97,285.41
31.97,285.51
31.98,285.61
31.98,285.71
31.98,285.81
31.99,285.91
31.99,286.01
31.99,286.11
31.99,286.21
32.00,286.31
32.00,286.41
32.00,286.51
32.01,286.61
32.01,286.71
32.01,286.81
32.02,286.91
32.02,287.01
32.02,287.11
32.03,287.21
32.03,287.31
32.03,287.41
32.04,287.51
32.04,287.61
32.04,287.71
32.05,287.81
32.05,287.91
32.05,288.01
32.05,288.11
32.06,288.21
32.06,288.31
32.06,288.41
32.07,288.51
32.07,288.61
32.07,288.71
32.08,288.81
32.08,288.91
32.08,289.01
32.09,289.11
32.09,289.21
32.09,289.31
32.10,289.41
32.10,289.51
32.10,289.61
32.11,289.71
32.11,289.81
32.11,289.91
32.11,290.01
32.12,290.11
32.12,290.21
32.12,290.31
32.13,290.41
32.13,290.51
32.13,290.61
32.14,290.71
32.15,290.81
32.18,290.91
32.20,291.01
32.22,291.11
32.25,291.21
32.27,291.31
32.30,291.41
32.32,291.51
32.35,291.61
32.37,291.71
32.39,291.81
32.42,291.91
32.44,292.01
32.47,292.11
32.49,292.21
32.52,292.31
32.54,292.41
32.56,292.51
32.59,292.61
32.61,292.71
32.64,292.81
32.66,292.91
32.69,293.01
32.71,293.11
32.73,293.21
32.76,293.31
32.78,293.41
32.81,293.51
32.83,293.61
32.85,293.71
32.88,293.81
32.90,293.91
32.93,294.01
32.95,294.11
32.98,294.21
33.00,294.31
33.02,294.41
33.05,294.51
33.07,294.61
33.10,294.71
33.12,294.81
33.15,294.91
33.17,295.01
33.19,295.11
33.22,295.21
33.24,295.31
33.27,295.41
33.29,295.51
33.32,295.61
33.34,295.71
33.36,295.81
33.39,295.91
33.41,296.01
33.44,296.11
33.46,296.21
33.49,296.31
33.51,296.41
33.53,296.51
33.56,296.61
33.58,296.71
33.61,296.81
33.63,296.91
33.65,297.01
33.68,297.11
33.70,297.21
33.73,297.31
33.75,297.41
33.78,297.51
33.80,297.61
33.82,297.71
33.85,297.81
33.87,297.91
33.90,298.01
33.92,298.11
33.95,298.21
33.97,298.31
33.99,298.41
34.02,298.51
34.04,298.61
34.07,298.71
34.09,298.81
34.12,298.91
34.14,299.01
34.16,299.11
34.19,299.21
34.21,299.31
34.24,299.41
34.26,299.51
34.29,299.61
34.31,299.71
34.33,299.81
34.35,299.91
34.36,300.01
34.36,300.11
34.36,300.21
34.36,300.31
34.36,300.41
34.36,300.51
34.36,300.61
34.36,300.71
34.36,300.81
34.36,300.91
34.36,301.01
34.36,301.11
34.36,301.21
34.36,301.31
34.36,301.41
34.36,301.51
34.36,301.61
34.36,301.71
34.36,301.81
34.36,301.91
34.36,302.01
34.36,302.11
34.36,302.21
34.36,302.31
34.36,302.41
34.36,302.51
34.36,302.61
34.36,302.71
34.36,302.81
34.36,302.91
34.36,303.01
34.36,303.11
34.36,303.21
34.36,303.31
34.36,303.41
34.36,303.51
34.36,303.61
34.36,303.71
34.36,303.81
34.36,303.91
34.36,304.01
34.36,304.11
34.36,304.21
34.36,304.31
34.36,304.41
34.36,304.51
34.36,304.61
34.36,304.71
34.36,304.81
34.36,304.91
34.36,305.01
34.36,305.11
34.36,305.21
34.36,305.31
34.36,305.41
34.36,305.51
34.36,305.61
34.36,305.71
34.36,305.81
34.36,305.91
34.36,306.01
34.36,306.11
34.36,306.21
34.36,306.31
34.36,306.41
34.36,306.51
34.36,306.61
34.36,306.71
34.36,306.81
34.36,306.91
34.36,307.01
34.36,307.11
34.36,307.21
34.36,307.31
34.36,307.41
34.36,307.51
34.36,307.61
34.36,307.71
34.36,307.81
34.36,307.91
34.36,308.01
34.36,308.11
34.36,308.21
34.36,308.31
34.36,308.41
34.36,308.51
34.36,308.61
34.36,308.71
34.36,308.81
34.36,308.91
34.36,309.01
34.36,309.11
34.36,309.21
34.36,309.31
34.36,309.41
34.36,309.51
34.36,309.61
34.36,309.71
34.36,309.81
34.36,309.91
34.36,310.01
34.36,310.11
34.36,310.21
34.36,310.31
34.36,310.41
34.36,310.51
34.36,310.61
34.36,310.71
34.36,310.81
34.36,310.91
34.36,311.01
34.36,311.11
34.36,311.21
34.36,311.31
34.36,311.41
34.36,311.51
34.36,311.61
34.36,311.71
34.36,311.81
34.36,311.91
34.36,312.01
34.36,312.11
34.36,312.21
34.36,312.31
34.36,312.41
34.36,312.51
34.36,312.61
34.36,312.71
34.36,312.81
34.36,312.91
34.36,313.01
34.36,313.11
34.36,313.21
34.36,313.31
34.36,313.41
34.36,313.51
34.36,313.61
34.36,313.71
34.36,313.81
34.36,313.91
34.36,314.01
34.36,314.11
34.36,314.21
34.36,314.31
34.36,314.41
34.36,314.51
34.36,314.61
34.36,314.71
34.36,314.81
34.36,314.91
34.36,315.01
34.36,315.11
34.36,315.21
34.36,315.31
34.36,315.41
34.36,315.51
34.36,315.61
34.36,315.71
34.36,315.81
34.36,315.91
34.36,316.01
34.36,316.11
34.36,316.21
34.36,316.31
34.38,316.41
34.40,316.51
34.41,316.61
34.43,316.71
34.44,316.81
34.46,316.91
34.48,317.01
34.49,317.11
34.51,317.21
34.53,317.31
34.54,317.41
34.56,317.51
34.58,317.61
34.59,317.71
34.61,317.81
34.62,317.91
34.64,318.01
34.66,318.11
34.67,318.21
34.69,318.31
34.71,318.41
34.72,318.51
34.74,318.61
34.75,318.71
34.77,318.81
34.79,318.91
34.80,319.01
34.82,319.11
34.84,319.21
34.85,319.31
34.87,319.41
34.88,319.51
34.90,319.61
34.92,319.71
34.93,319.81
34.95,319.91
34.97,320.01
34.98,320.11
35.00,320.21
35.02,320.31
35.03,320.41
35.05,320.51
35.06,320.61
35.08,320.71
35.10,320.81
35.11,320.91
35.13,321.01
35.15,321.11
35.16,321.21
35.18,321.31
35.19,321.41
35.21,321.51
35.23,321.61
35.24,321.71
35.26,321.81
35.28,321.91
35.29,322.01
35.31,322.11
35.32,322.21
35.34,322.31
35.36,322.41
35.37,322.51
35.39,322.61
35.41,322.71
35.42,322.81
35.44,322.91
35.46,323.01
35.47,323.11
35.49,323.21
35.50,323.31
35.52,323.41
35.54,323.51
35.55,323.61
35.57,323.71
35.59,323.81
35.60,323.91
35.62,324.01
35.63,324.11
35.65,324.21
35.67,324.31
35.68,324.41
35.70,324.51
35.72,324.61
35.73,324.71
35.75,324.81
35.77,324.91
35.78,325.01
35.80,325.11
35.81,325.21
35.83,325.31
35.85,325.41
35.86,325.51
35.88,325.61
35.90,325.71
35.91,325.81
35.93,325.91
35.94,326.01
35.96,326.11
35.98,326.21
35.99,326.31
36.01,326.41
36.03,326.51
36.04,326.61
36.06,326.71
36.07,326.81
36.09,326.91
36.11,327.01
36.12,327.11
36.14,327.21
36.16,327.31
36.17,327.41
36.19,327.51
36.21,327.61
36.22,327.71
36.24,327.81
36.25,327.91
36.27,328.01
36.29,328.11
36.30,328.21
36.32,328.31
36.34,328.41
36.35,328.51
36.37,328.61
36.38,328.71
36.40,328.81
36.42,328.91
36.43,329.01
36.45,329.11
36.47,329.21
36.48,329.31
36.50,329.41
36.52,329.51
36.53,329.61
36.55,329.71
36.56,329.81
36.57,329.91
36.58,330.01
36.59,330.11
36.59,330.21
36.60,330.31
36.60,330.41
36.61,330.51
36.61,330.61
36.62,330.71
36.62,330.81
36.63,330.91
36.63,331.01
36.64,331.11
36.64,331.21
36.65,331.31
36.65,331.41
36.66,331.51
36.66,331.61
36.67,331.71
36.67,331.81
36.68,331.91
36.68,332.01
36.69,332.11
36.69,332.21
36.70,332.31
36.70,332.41
36.71,332.51
36.71,332.61
36.72,332.71
36.72,332.81
36.73,332.91
36.73,333.01
36.74,333.11
36.74,333.21
36.75,333.31
36.75,333.41
36.76,333.51
36.76,333.61
36.77,333.71
36.77,333.81
36.78,333.91
36.78,334.01
36.79,334.11
36.79,334.21
36.79,334.31
36.80,334.41
36.80,334.51
36.81,334.61
36.81,334.71
36.82,334.81
36.82,334.91
36.83,335.01
36.83,335.11
36.84,335.21
36.84,335.31
36.85,335.41
36.85,335.51
36.86,335.61
36.86,335.71
36.87,335.81
36.87,335.91
36.88,336.01
36.88,336.11
36.89,336.21
36.89,336.31
36.90,336.41
36.90,336.51
36.91,336.61
36.91,336.71
36.92,336.81
36.92,336.91
36.93,337.01
36.93,337.11
36.94,337.21
36.94,337.31
36.95,337.41
36.95,337.51
36.96,337.61
36.96,337.71
36.97,337.81
36.97,337.91
36.98,338.01
36.98,338.11
36.99,338.21
36.99,338.31
37.00,338.41
37.00,338.51
37.01,338.61
37.01,338.71
37.02,338.81
37.02,338.91
37.03,339.01
37.03,339.11
37.04,339.21
37.04,339.31
37.05,339.41
37.05,339.51
37.06,339.61
37.06,339.71
37.07,339.81
37.07,339.91
37.08,340.01
37.08,340.11
37.09,340.21
37.09,340.31
37.10,340.41
37.10,340.51
37.11,340.61
37.11,340.71
37.12,340.81
37.12,340.91
37.13,341.01
37.13,341.11
37.13,341.21
37.14,341.31
37.14,341.41
37.15,341.51
37.15,341.61
37.16,341.71
37.16,341.81
37.17,341.91
37.17,342.01
37.18,342.11
37.18,342.21
37.19,342.31
37.19,342.41
37.20,342.51
37.20,342.61
37.21,342.71
37.21,342.81
37.22,342.91
37.22,343.01
37.23,343.11
37.23,343.21
37.24,343.31
37.24,343.41
37.25,343.51
37.25,343.61
37.26,343.71
37.26,343.81
37.27,343.91
37.27,344.01
37.28,344.11
37.28,344.21
37.29,344.31
37.29,344.41
37.30,344.51
37.30,344.61
37.31,344.71
37.31,344.81
37.32,344.91
37.33,345.01
37.35,345.11
37.36,345.21
37.38,345.31
37.39,345.41
37.41,345.51
37.42,345.61
37.44,345.71
37.45,345.81
37.47,345.91
37.48,346.01
37.50,346.11
37.51,346.21
37.53,346.31
37.54,346.41
37.56,346.51
37.57,346.61
37.59,346.71
37.60,346.81
37.62,346.91
37.63,347.01
37.65,347.11
37.66,347.21
37.68,347.31
37.69,347.41
37.71,347.51
37.72,347.61
37.74,347.71
37.75,347.81
37.77,347.91
37.78,348.01
37.80,348.11
37.81,348.21
37.83,348.31
37.84,348.41
37.86,348.51
37.87,348.61
37.89,348.71
37.90,348.81
37.92,348.91
37.93,349.01
37.95,349.11
37.96,349.21
37.98,349.31
37.99,349.41
38.01,349.51
38.02,349.61
38.04,349.71
38.05,349.81
38.07,349.91
38.08,350.01
38.10,350.11
38.11,350.21
38.13,350.31
38.14,350.41
38.16,350.51
38.17,350.61
38.19,350.71
38.20,350.81
38.22,350.91
38.23,351.01
38.25,351.11
38.26,351.21
38.28,351.31
38.29,351.41
38.31,351.51
38.32,351.61
38.34,351.71
38.35,351.81
38.37,351.91
38.38,352.01
38.40,352.11
38.41,352.21
38.43,352.31
38.44,352.41
38.46,352.51
38.47,352.61
38.49,352.71
38.50,352.81
38.52,352.91
38.53,353.01
38.55,353.11
38.56,353.21
38.58,353.31
38.59,353.41
38.61,353.51
38.62,353.61
38.64,353.71
38.65,353.81
38.67,353.91
38.68,354.01
38.70,354.11
38.71,354.21
38.73,354.31
38.74,354.41
38.76,354.51
38.77,354.61
38.79,354.71
38.80,354.81
38.82,354.91
38.83,355.01
38.85,355.11
38.86,355.21
38.88,355.31
38.89,355.41
38.91,355.51
38.92,355.61
38.94,355.71
38.95,355.81
38.97,355.91
38.98,356.01
39.00,356.11
39.01,356.21
39.03,356.31
39.04,356.41
39.06,356.51
39.07,356.61
39.09,356.71
39.10,356.81
39.12,356.91
39.13,357.01
39.15,357.11
39.16,357.21
39.18,357.31
39.19,357.41
39.21,357.51
39.22,357.61
39.24,357.71
39.25,357.81
39.27,357.91
39.28,358.01
39.30,358.11
39.31,358.21
39.33,358.31
39.34,358.41
39.36,358.51
39.37,358.61
39.39,358.71
39.40,358.81
39.42,358.91
39.43,359.01
39.45,359.11
39.46,359.21
39.48,359.31
39.49,359.41
39.51,359.51
39.52,359.61
39.54,359.71
39.55,359.81
39.57,359.91
39.58,360.01
39.60,360.11
39.61,360.21
39.63,360.31
39.64,360.41
39.66,360.51
39.67,360.61
39.69,360.71
39.70,360.81
39.72,360.91
39.73,361.01
39.75,361.11
39.76,361.21
39.78,361.31
39.79,361.41
39.81,361.51
39.82,361.61
39.84,361.71
39.85,361.81
39.87,361.91
39.88,362.01
39.90,362.11
39.91,362.21
39.93,362.31
39.94,362.41
39.96,362.51
39.97,362.61
39.99,362.71
40.00,362.81
40.02,362.91
40.03,363.01
40.05,363.11
40.06,363.21
40.08,363.31
40.09,363.41
40.11,363.51
40.12,363.61
40.14,363.71
40.15,363.81
40.17,363.91
40.18,364.01
40.20,364.11
40.21,364.21
40.23,364.31
40.24,364.41
40.26,364.51
40.27,364.61
40.29,364.71
40.30,364.81
40.32,364.91
40.33,365.01
40.35,365.11
40.36,365.21
40.38,365.31
40.39,365.41
40.41,365.51
40.42,365.61
40.44,365.71
40.45,365.81
40.47,365.91
40.48,366.01
40.50,366.11
40.51,366.21
40.53,366.31
40.54,366.41
40.56,366.51
40.57,366.61
40.59,366.71
40.60,366.81
40.62,366.91
40.63,367.01
40.65,367.11
40.66,367.21
40.68,367.31
40.69,367.41
40.71,367.51
40.72,367.61
40.74,367.71
40.75,367.81
40.77,367.91
40.78,368.01
40.80,368.11
40.81,368.21
40.83,368.31
40.84,368.41
40.86,368.51
40.87,368.61
40.89,368.71
40.90,368.81
40.92,368.91
40.93,369.01
40.95,369.11
40.96,369.21
40.98,369.31
40.99,369.41
41.01,369.51
41.02,369.61
41.04,369.71
41.05,369.81
41.07,369.91
41.08,370.01
41.10,370.11
41.11,370.21
41.13,370.31
41.14,370.41
41.16,370.51
41.17,370.61
41.19,370.71
41.20,370.81
41.22,370.91
41.23,371.01
41.25,371.11
41.26,371.21
41.28,371.31
41.29,371.41
41.31,371.51
41.32,371.61
41.34,371.71
41.35,371.81
41.37,371.91
41.38,372.01
41.40,372.11
41.41,372.21
41.43,372.31
41.44,372.41
41.46,372.51
41.47,372.61
41.49,372.71
41.50,372.81
41.52,372.91
41.53,373.01
41.55,373.11
41.56,373.21
41.58,373.31
41.59,373.41
41.61,373.51
41.62,373.61
41.64,373.71
41.65,373.81
41.67,373.91
41.68,374.01
41.70,374.11
41.71,374.21
41.73,374.31
41.75,374.41
41.78,374.51
41.83,374.61
41.88,374.71
41.93,374.81
41.98,374.91
42.03,375.01
42.07,375.11
42.12,375.21
42.17,375.31
42.22,375.41
42.27,375.51
42.32,375.61
42.37,375.71
42.41,375.81
42.46,375.91
42.51,376.01
42.56,376.11
42.61,376.21
42.66,376.31
42.71,376.41
42.75,376.51
42.80,376.61
42.85,376.71
42.90,376.81
42.95,376.91
43.00,377.01
43.05,377.11
43.09,377.21
43.14,377.31
43.19,377.41
43.24,377.51
43.29,377.61
43.34,377.71
43.39,377.81
43.43,377.91
43.48,378.01
43.53,378.11
43.58,378.21
43.63,378.31
43.68,378.41
43.73,378.51
43.77,378.61
43.82,378.71
43.87,378.81
43.92,378.91
43.97,379.01
44.02,379.11
44.07,379.21
44.11,379.31
44.16,379.41
44.21,379.51
44.26,379.61
44.31,379.71
44.36,379.81
44.41,379.91
44.45,380.01
44.50,380.11
44.55,380.21
44.60,380.31
44.65,380.41
44.70,380.51
44.74,380.61
44.79,380.71
44.84,380.81
44.89,380.91
44.94,381.01
44.99,381.11
45.04,381.21
45.08,381.31
45.13,381.41
45.18,381.51
45.23,381.61
45.28,381.71
45.33,381.81
45.38,381.91
45.42,382.01
45.47,382.11
45.52,382.21
45.57,382.31
45.62,382.41
45.67,382.51
45.72,382.61
45.76,382.71
45.81,382.81
45.86,382.91
45.91,383.01
45.96,383.11
46.01,383.21
46.06,383.31
46.10,383.41
46.15,383.51
46.20,383.61
46.25,383.71
46.30,383.81
46.35,383.91
46.40,384.01
46.44,384.11
46.49,384.21
46.54,384.31
46.59,384.41
46.64,384.51
46.69,384.61
46.74,384.71
46.78,384.81
46.83,384.91
46.88,385.01
46.93,385.11
46.98,385.21
47.03,385.31
47.07,385.41
47.12,385.51
47.17,385.61
47.22,385.71
47.27,385.81
47.32,385.91
47.37,386.01
47.41,386.11
47.46,386.21
47.51,386.31
47.56,386.41
47.61,386.51
47.66,386.61
47.71,386.71
47.75,386.81
47.80,386.91
47.85,387.01
47.90,387.11
47.95,387.21
48.00,387.31
48.05,387.41
48.09,387.51
48.14,387.61
48.19,387.71
48.24,387.81
48.29,387.91
48.34,388.01
48.39,388.11
48.42,388.21
48.44,388.31
48.46,388.41
48.48,388.51
48.50,388.61
48.52,388.71
48.54,388.81
48.56,388.91
48.58,389.01
48.60,389.11
48.62,389.21
48.64,389.31
48.66,389.41
48.68,389.51
48.70,389.61
48.72,389.71
48.74,389.81
48.76,389.91
48.78,390.01
48.80,390.11
48.82,390.21
48.84,390.31
48.86,390.41
48.88,390.51
48.90,390.61
48.92,390.71
48.94,390.81
48.96,390.91
48.98,391.01
49.00,391.11
49.02,391.21
49.04,391.31
49.06,391.41
49.08,391.51
49.10,391.61
49.12,391.71
49.15,391.81
49.17,391.91
49.19,392.01
49.21,392.11
49.23,392.21
49.25,392.31
49.27,392.41
49.29,392.51
49.31,392.61
49.33,392.71
49.35,392.81
49.37,392.91
49.39,393.01
49.41,393.11
49.43,393.21
49.45,393.31
49.47,393.41
49.49,393.51
49.51,393.61
49.53,393.71
49.55,393.81
49.57,393.91
49.59,394.01
49.61,394.11
49.63,394.21
49.65,394.31
49.67,394.41
49.69,394.51
49.71,394.61
49.73,394.71
49.75,394.81
49.77,394.91
49.79,395.01
49.81,395.11
49.83,395.21
49.85,395.31
49.87,395.41
49.89,395.51
49.91,395.61
49.94,395.71
49.96,395.81
49.98,395.91
50.00,396.01
50.02,396.11
50.04,396.21
50.06,396.31
50.08,396.41
50.10,396.51
50.12,396.61
50.14,396.71
50.16,396.81
50.18,396.91
50.20,397.01
50.22,397.11
50.24,397.21
50.26,397.31
50.28,397.41
50.30,397.51
50.32,397.61
50.34,397.71
50.36,397.81
50.38,397.91
50.40,398.01
50.42,398.11
50.44,398.21
50.46,398.31
50.48,398.41
50.50,398.51
50.52,398.61
50.54,398.71
50.56,398.81
50.58,398.91
50.60,399.01
50.62,399.11
50.64,399.21
50.66,399.31
50.68,399.41
50.70,399.51
50.73,399.61
50.75,399.71
50.77,399.81
50.79,399.91
50.81,400.01
50.83,400.11
50.85,400.21
50.87,400.31
50.89,400.41
50.91,400.51
50.93,400.61
50.95,400.71
50.97,400.81
50.99,400.91
51.01,401.01
51.03,401.11
51.05,401.21
51.07,401.31
51.09,401.41
51.11,401.51
51.13,401.61
51.15,401.71
51.17,401.81
51.19,401.91
51.21,402.01
51.23,402.11
51.25,402.21
51.27,402.31
51.29,402.41
51.31,402.51
51.33,402.61
51.35,402.71
51.37,402.81
51.39,402.91
51.41,403.01
51.43,403.11
51.45,403.21
51.47,403.31
51.49,403.41
51.52,403.51
51.54,403.61
51.56,403.71
51.58,403.81
51.60,403.91
51.62,404.01
51.64,404.11
51.66,404.21
51.68,404.31
51.70,404.41
51.72,404.51
51.74,404.61
51.76,404.71
51.78,404.81
51.80,404.91
51.82,405.01
51.84,405.11
51.86,405.21
51.88,405.31
51.90,405.41
51.92,405.51
51.94,405.61
51.96,405.71
51.98,405.81
52.00,405.91
52.02,406.01
52.04,406.11
52.06,406.21
52.08,406.31
52.10,406.41
52.12,406.51
52.14,406.61
52.16,406.71
52.18,406.81
52.20,406.91
52.22,407.01
52.24,407.11
52.26,407.21
52.28,407.31
52.31,407.41
52.33,407.51
52.35,407.61
52.37,407.71
52.39,407.81
52.41,407.91
52.43,408.01
52.45,408.11
52.47,408.21
52.49,408.31
52.51,408.41
52.53,408.51
52.55,408.61
52.57,408.71
52.59,408.81
52.61,408.91
52.63,409.01
52.65,409.11
52.67,409.21
52.69,409.31
52.71,409.41
52.73,409.51
52.75,409.61
52.77,409.71
52.79,409.81
52.81,409.91
52.83,410.01
52.87,410.11
52.91,410.21
52.96,410.31
53.00,410.41
53.04,410.51
53.08,410.61
53.12,410.71
53.16,410.81
53.20,410.91
53.24,411.01
53.28,411.11
53.32,411.21
53.36,411.31
53.40,411.41
53.45,411.51
53.49,411.61
53.53,411.71
53.57,411.81
53.61,411.91
53.65,412.01
53.69,412.11
53.73,412.21
53.77,412.31
53.81,412.41
53.85,412.51
53.89,412.61
53.94,412.71
53.98,412.81
54.02,412.91
54.06,413.01
54.10,413.11
54.14,413.21
54.18,413.31
54.22,413.41
54.26,413.51
54.30,413.61
54.34,413.71
54.38,413.81
54.43,413.91
54.47,414.01
54.51,414.11
54.55,414.21
54.59,414.31
54.63,414.41
54.67,414.51
54.71,414.61
54.75,414.71
54.79,414.81
54.83,414.91
54.87,415.01
54.92,415.11
54.96,415.21
55.00,415.31
55.04,415.41
55.08,415.51
55.12,415.61
55.16,415.71
55.20,415.81
55.24,415.91
55.28,416.01
55.32,416.11
55.36,416.21
55.40,416.31
55.45,416.41
55.49,416.51
55.53,416.61
55.57,416.71
55.61,416.81
55.65,416.91
55.69,417.01
55.73,417.11
55.77,417.21
55.81,417.31
55.85,417.41
55.89,417.51
55.94,417.61
55.98,417.71
56.02,417.81
56.06,417.91
56.10,418.01
56.14,418.11
56.18,418.21
56.22,418.31
56.26,418.41
56.30,418.51
56.34,418.61
56.38,418.71
56.43,418.81
56.47,418.91
56.51,419.01
56.55,419.11
56.59,419.21
56.63,419.31
56.67,419.41
56.71,419.51
56.75,419.61
56.79,419.71
56.83,419.81
56.87,419.91
56.92,420.01
56.96,420.11
57.00,420.21
57.04,420.31
57.08,420.41
57.12,420.51
57.16,420.61
57.20,420.71
57.24,420.81
57.28,420.91
57.32,421.01
57.36,421.11
57.41,421.21
57.45,421.31
57.49,421.41
57.53,421.51
57.57,421.61
57.61,421.71
57.65,421.81
57.69,421.91
57.73,422.01
57.77,422.11
57.81,422.21
57.85,422.31
57.89,422.41
57.94,422.51
57.98,422.61
58.03,422.71
58.12,422.81
58.21,422.91
58.29,423.01
58.38,423.11
58.47,423.21
58.55,423.31
58.64,423.41
58.73,423.51
58.82,423.61
58.90,423.71
58.99,423.81
59.08,423.91
59.16,424.01
59.25,424.11
59.34,424.21
59.43,424.31
59.51,424.41
59.60,424.51
59.69,424.61
59.77,424.71
59.86,424.81
59.95,424.91
60.04,425.01
60.12,425.11
60.21,425.21
60.30,425.31
60.38,425.41
60.47,425.51
60.56,425.61
60.65,425.71
60.73,425.81
60.82,425.91
60.91,426.01
60.99,426.11
61.08,426.21
61.17,426.31
61.26,426.41
61.34,426.51
61.43,426.61
61.52,426.71
61.61,426.81
61.69,426.91
61.78,427.01
61.87,427.11
61.95,427.21
62.04,427.31
62.13,427.41
62.22,427.51
62.30,427.61
62.39,427.71
62.48,427.81
62.56,427.91
62.65,428.01
62.74,428.11
62.83,428.21
62.91,428.31
63.00,428.41
63.09,428.51
63.17,428.61
63.26,428.71
63.35,428.81
63.44,428.91
63.52,429.01
63.61,429.11
63.70,429.21
63.78,429.31
63.87,429.41
63.96,429.51
64.05,429.61
64.13,429.71
64.22,429.81
64.31,429.91
64.39,430.01
64.48,430.11
64.57,430.21
64.64,430.31
64.69,430.41
64.72,430.51
64.75,430.61
64.78,430.71
64.80,430.81
64.83,430.91
64.86,431.01
64.89,431.11
64.92,431.21
64.95,431.31
64.98,431.41
65.01,431.51
65.04,431.61
65.07,431.71
65.10,431.81
65.13,431.91
65.16,432.01
65.19,432.11
65.22,432.21
65.25,432.31
65.28,432.41
65.31,432.51
65.34,432.61
65.37,432.71
65.40,432.81
65.43,432.91
65.46,433.01
65.49,433.11
65.52,433.21
65.55,433.31
65.58,433.41
65.61,433.51
65.64,433.61
65.67,433.71
65.70,433.81
65.73,433.91
65.76,434.01
65.79,434.11
65.82,434.21
65.85,434.31
65.88,434.41
65.91,434.51
65.94,434.61
65.97,434.71
66.00,434.81
66.03,434.91
66.06,435.01
66.09,435.11
66.12,435.21
66.15,435.31
66.18,435.41
66.21,435.51
66.24,435.61
66.27,435.71
66.30,435.81
66.33,435.91
66.36,436.01
66.39,436.11
66.42,436.21
66.45,436.31
66.47,436.41
66.50,436.51
66.53,436.61
66.56,436.71
66.59,436.81
66.62,436.91
66.65,437.01
66.68,437.11
66.71,437.21
66.74,437.31
66.77,437.41
66.80,437.51
66.83,437.61
66.86,437.71
66.89,437.81
66.92,437.91
66.95,438.01
66.98,438.11
67.01,438.21
67.04,438.31
67.07,438.41
67.10,438.51
67.13,438.61
67.16,438.71
67.19,438.81
67.22,438.91
67.25,439.01
67.28,439.11
67.31,439.21
67.34,439.31
67.37,439.41
67.40,439.51
67.43,439.61
67.46,439.71
67.49,439.81
67.52,439.91
67.55,440.01
67.58,440.11
67.61,440.21
67.64,440.31
67.67,440.41
67.70,440.51
67.73,440.61
67.76,440.71
67.79,440.81
67.82,440.91
67.85,441.01
67.88,441.11
67.91,441.21
67.94,441.31
67.97,441.41
68.00,441.51
68.03,441.61
68.06,441.71
68.09,441.81
68.12,441.91
68.14,442.01
68.17,442.11
68.20,442.21
68.23,442.31
68.26,442.41
68.29,442.51
68.32,442.61
68.35,442.71
68.38,442.81
68.41,442.91
68.44,443.01
68.47,443.11
68.50,443.21
68.53,443.31
68.56,443.41
68.59,443.51
68.62,443.61
68.65,443.71
68.68,443.81
68.71,443.91
68.74,444.01
68.77,444.11
68.80,444.21
68.83,444.31
68.86,444.41
68.89,444.51
68.92,444.61
68.95,444.71
68.98,444.81
69.01,444.91
69.04,445.01
69.07,445.11
69.10,445.21
69.13,445.31
69.16,445.41
69.19,445.51
69.22,445.61
69.25,445.71
69.28,445.81
69.31,445.91
69.34,446.01
69.37,446.11
69.40,446.21
69.43,446.31
69.46,446.41
69.49,446.51
69.52,446.61
69.55,446.71
69.58,446.81
69.61,446.91
69.64,447.01
69.67,447.11
69.70,447.21
69.73,447.31
69.76,447.41
69.79,447.51
69.81,447.61
69.84,447.71
69.87,447.81
69.90,447.91
69.93,448.01
69.96,448.11
69.99,448.21
70.02,448.31
70.05,448.41
70.08,448.51
70.11,448.61
70.14,448.71
70.17,448.81
70.20,448.91
70.23,449.01
70.26,449.11
70.29,449.21
70.32,449.31
70.35,449.41
70.38,449.51
70.41,449.61
70.44,449.71
70.47,449.81
70.50,449.91
70.53,450.01
70.56,450.11
70.60,450.21
70.63,450.31
70.66,450.41
70.70,450.51
70.73,450.61
70.76,450.71
70.80,450.81
70.83,450.91
70.86,451.01
70.90,451.11
70.93,451.21
70.97,451.31
71.00,451.41
71.03,451.51
71.07,451.61
71.10,451.71
71.13,451.81
71.17,451.91
71.20,452.01
71.23,452.11
71.27,452.21
71.30,452.31
71.34,452.41
71.37,452.51
71.40,452.61
71.44,452.71
71.47,452.81
71.50,452.91
71.54,453.01
71.57,453.11
71.60,453.21
71.64,453.31
71.67,453.41
71.71,453.51
71.74,453.61
71.77,453.71
71.81,453.81
71.84,453.91
71.87,454.01
71.91,454.11
71.94,454.21
71.97,454.31
72.01,454.41
72.04,454.51
72.08,454.61
72.11,454.71
72.14,454.81
72.18,454.91
72.21,455.01
72.24,455.11
72.28,455.21
72.31,455.31
72.34,455.41
72.38,455.51
72.41,455.61
72.45,455.71
72.48,455.81
72.51,455.91
72.55,456.01
72.58,456.11
72.61,456.21
72.65,456.31
72.68,456.41
72.71,456.51
72.75,456.61
72.78,456.71
72.82,456.81
72.85,456.91
72.88,457.01
72.92,457.11
72.95,457.21
72.98,457.31
73.02,457.41
73.05,457.51
73.08,457.61
73.12,457.71
73.15,457.81
73.19,457.91
73.22,458.01
73.25,458.11
73.29,458.21
73.32,458.31
73.35,458.41
73.39,458.51
73.42,458.61
73.46,458.71
73.49,458.81
73.52,458.91
73.56,459.01
73.59,459.11
73.62,459.21
73.66,459.31
73.69,459.41
73.72,459.51
73.76,459.61
73.79,459.71
73.83,459.81
73.86,459.91
73.89,460.01
73.93,460.11
73.96,460.21
73.99,460.31
74.03,460.41
74.06,460.51
74.09,460.61
74.13,460.71
74.16,460.81
74.20,460.91
74.23,461.01
74.26,461.11
74.30,461.21
74.33,461.31
74.36,461.41
74.40,461.51
74.43,461.61
74.46,461.71
74.50,461.81
74.53,461.91
74.57,462.01
74.60,462.11
74.63,462.21
74.67,462.31
74.70,462.41
74.73,462.51
74.77,462.61
74.80,462.71
74.83,462.81
74.87,462.91
74.90,463.01
74.94,463.11
74.97,463.21
75.01,463.31
75.06,463.41
75.11,463.51
75.16,463.61
75.22,463.71
75.27,463.81
75.32,463.91
75.38,464.01
75.43,464.11
75.48,464.21
75.54,464.31
75.59,464.41
75.64,464.51
75.70,464.61
75.75,464.71
75.80,464.81
75.86,464.91
75.91,465.01
75.96,465.11
76.02,465.21
76.07,465.31
76.12,465.41
76.18,465.51
76.23,465.61
76.28,465.71
76.34,465.81
76.39,465.91
76.44,466.01
76.50,466.11
76.55,466.21
76.60,466.31
76.66,466.41
76.71,466.51
76.76,466.61
76.82,466.71
76.87,466.81
76.92,466.91
76.97,467.01
77.03,467.11
77.08,467.21
77.13,467.31
77.19,467.41
77.24,467.51
77.29,467.61
77.35,467.71
77.40,467.81
77.45,467.91
77.51,468.01
77.56,468.11
77.61,468.21
77.67,468.31
77.72,468.41
77.77,468.51
77.83,468.61
77.88,468.71
77.93,468.81
77.99,468.91
78.04,469.01
78.09,469.11
78.15,469.21
78.20,469.31
78.25,469.41
78.31,469.51
78.36,469.61
78.41,469.71
78.47,469.81
78.52,469.91
78.57,470.01
78.63,470.11
78.68,470.21
78.73,470.31
78.79,470.41
78.84,470.51
78.89,470.61
78.95,470.71
79.00,470.81
79.05,470.91
79.11,471.01
79.16,471.11
79.21,471.21
79.27,471.31
79.32,471.41
79.37,471.51
79.43,471.61
79.48,471.71
79.53,471.81
79.59,471.91
79.64,472.01
79.69,472.11
79.75,472.21
79.80,472.31
79.85,472.41
79.91,472.51
79.96,472.61
80.01,472.71
80.07,472.81
80.12,472.91
80.17,473.01
80.23,473.11
80.28,473.21
80.33,473.31
80.39,473.41
80.44,473.51
80.49,473.61
80.55,473.71
80.60,473.81
80.65,473.91
80.71,474.01
80.76,474.11
80.81,474.21
80.87,474.31
80.92,474.41
80.97,474.51
81.03,474.61
81.08,474.71
81.13,474.81
81.19,474.91
81.24,475.01
81.29,475.11
81.35,475.21
81.40,475.31
81.45,475.41
81.51,475.51
81.56,475.61
81.61,475.71
81.67,475.81
81.72,475.91
81.77,476.01
81.83,476.11
81.88,476.21
81.93,476.31
81.99,476.41
82.04,476.51
82.09,476.61
82.14,476.71
82.20,476.81
82.25,476.91
82.30,477.01
82.36,477.11
82.41,477.21
82.45,477.31
82.50,477.41
82.54,477.51
82.58,477.61
82.62,477.71
82.67,477.81
82.71,477.91
82.75,478.01
82.79,478.11
82.84,478.21
82.88,478.31
82.92,478.41
82.96,478.51
83.01,478.61
83.05,478.71
83.09,478.81
83.14,478.91
83.18,479.01
83.22,479.11
83.26,479.21
83.31,479.31
83.35,479.41
83.39,479.51
83.43,479.61
83.48,479.71
83.52,479.81
83.56,479.91
83.60,480.01
83.65,480.11
83.69,480.21
83.73,480.31
83.77,480.41
83.82,480.51
83.86,480.61
83.90,480.71
83.94,480.81
83.99,480.91
84.03,481.01
84.07,481.11
84.12,481.21
84.16,481.31
84.20,481.41
84.24,481.51
84.29,481.61
84.33,481.71
84.37,481.81
84.41,481.91
84.46,482.01
84.50,482.11
84.54,482.21
84.58,482.31
84.63,482.41
84.67,482.51
84.71,482.61
84.75,482.71
84.80,482.81
84.84,482.91
84.88,483.01
84.92,483.11
84.97,483.21
85.01,483.31
85.05,483.41
85.09,483.51
85.14,483.61
85.18,483.71
85.22,483.81
85.27,483.91
85.31,484.01
85.35,484.11
85.39,484.21
85.44,484.31
85.48,484.41
85.52,484.51
85.56,484.61
85.61,484.71
85.65,484.81
85.69,484.91
85.73,485.01
85.78,485.11
85.82,485.21
85.86,485.31
85.90,485.41
85.95,485.51
85.99,485.61
86.03,485.71
86.07,485.81
86.12,485.91
86.16,486.01
86.20,486.11
86.25,486.21
86.29,486.31
86.33,486.41
86.37,486.51
86.42,486.61
86.46,486.71
86.50,486.81
86.54,486.91
86.59,487.01
86.63,487.11
86.67,487.21
86.71,487.31
86.76,487.41
86.80,487.51
86.84,487.61
86.88,487.71
86.93,487.81
86.97,487.91
87.01,488.01
87.05,488.11
87.10,488.21
87.14,488.31
87.18,488.41
87.22,488.51
87.27,488.61
87.31,488.71
87.35,488.81
87.40,488.91
87.44,489.01
87.48,489.11
87.52,489.21
87.57,489.31
87.61,489.41
87.65,489.51
87.69,489.61
87.74,489.71
87.78,489.81
87.82,489.91
87.86,490.01
87.91,490.11
87.95,490.21
87.99,490.31
88.03,490.41
88.08,490.51
88.12,490.61
88.16,490.71
88.20,490.81
88.25,490.91
88.29,491.01
88.33,491.11
88.38,491.21
88.42,491.31
88.46,491.41
88.50,491.51
88.55,491.61
88.59,491.71
88.63,491.81
88.67,491.91
88.72,492.01
88.76,492.11
88.80,492.21
88.84,492.31
88.89,492.41
88.93,492.51
88.97,492.61
89.01,492.71
89.08,492.81
89.18,492.91
89.28,493.01
89.39,493.11
89.49,493.21
89.60,493.31
89.70,493.41
89.80,493.51
89.91,493.61
90.01,493.71
90.12,493.81
90.22,493.91
90.33,494.01
90.43,494.11
90.54,494.21
90.64,494.31
90.75,494.41
90.85,494.51
90.96,494.61
91.06,494.71
91.16,494.81
91.27,494.91
91.37,495.01
91.48,495.11
91.58,495.21
91.69,495.31
91.79,495.41
91.90,495.51
92.00,495.61
92.11,495.71
92.21,495.81
92.32,495.91
92.42,496.01
92.53,496.11
92.63,496.21
92.73,496.31
92.84,496.41
92.94,496.51
93.05,496.61
93.15,496.71
93.26,496.81
93.36,496.91
93.47,497.01
93.57,497.11
93.68,497.21
93.78,497.31
93.89,497.41
93.99,497.51
94.09,497.61
94.20,497.71
94.30,497.81
94.41,497.91
94.51,498.01
94.62,498.11
94.72,498.21
94.83,498.31
94.93,498.41
95.04,498.51
95.14,498.61
95.25,498.71
95.35,498.81
95.46,498.91
95.56,499.01
95.65,499.11
95.71,499.21
95.74,499.31
95.77,499.41
95.80,499.51
95.83,499.61
95.86,499.71
95.89,499.81
95.92,499.91
95.95,500.01
95.98,500.11
96.01,500.21
96.04,500.31
96.07,500.41
96.10,500.51
96.13,500.61
96.16,500.71
96.19,500.81
96.22,500.91
96.25,501.01
96.28,501.11
96.31,501.21
96.34,501.31
96.37,501.41
96.40,501.51
96.43,501.61
96.46,501.71
96.49,501.81
96.52,501.91
96.55,502.01
96.58,502.11
96.61,502.21
96.64,502.31
96.67,502.41
96.70,502.51
96.73,502.61
96.76,502.71
96.79,502.81
96.82,502.91
96.85,503.01
96.88,503.11
96.91,503.21
96.94,503.31
96.97,503.41
97.00,503.51
97.03,503.61
97.06,503.71
97.09,503.81
97.12,503.91
97.15,504.01
97.18,504.11
97.21,504.21
97.24,504.31
97.27,504.41
97.30,504.51
97.33,504.61
97.36,504.71
97.39,504.81
97.42,504.91
97.45,505.01
97.48,505.11
97.51,505.21
97.54,505.31
97.57,505.41
97.60,505.51
97.63,505.61
97.66,505.71
97.69,505.81
97.72,505.91
97.75,506.01
97.78,506.11
97.81,506.21
97.84,506.31
97.87,506.41
97.90,506.51
97.93,506.61
97.96,506.71
97.99,506.81
98.02,506.91
98.05,507.01
98.08,507.11
98.11,507.21
98.14,507.31
98.17,507.41
98.20,507.51
98.23,507.61
98.26,507.71
98.29,507.81
98.32,507.91
98.35,508.01
98.38,508.11
98.41,508.21
98.44,508.31
98.47,508.41
98.50,508.51
98.53,508.61
98.56,508.71
98.59,508.81
98.62,508.91
98.65,509.01
98.68,509.11
98.71,509.21
98.74,509.31
98.77,509.41
98.80,509.51
98.83,509.61
98.86,509.71
98.89,509.81
98.92,509.91
98.95,510.01
98.98,510.11
99.01,510.21
99.04,510.31
99.07,510.41
99.10,510.51
99.13,510.61
99.16,510.71
99.19,510.81
99.22,510.91
99.25,511.01
99.28,511.11
99.31,511.21
99.34,511.31
99.37,511.41
99.40,511.51
99.43,511.61
99.46,511.71
99.49,511.81
99.52,511.91
99.55,512.01
99.58,512.11
99.61,512.21
99.64,512.31
99.67,512.41
99.70,512.51
99.73,512.61
99.76,512.71
99.79,512.81
99.82,512.91
99.85,513.01
99.88,513.11
99.91,513.21
99.94,513.31
99.97,513.41
100.00,513.51
100.03,513.61
100.06,513.71
100.09,513.81
100.12,513.91
100.15,514.01
100.18,514.11
100.21,514.21
100.24,514.31
100.27,514.41
100.30,514.51
100.33,514.61
100.36,514.71
100.39,514.81
100.42,514.91
100.45,515.01
100.48,515.11
100.51,515.21
100.54,515.31
100.57,515.41
100.60,515.51
100.63,515.61
100.66,515.71
100.69,515.81
100.72,515.91
100.75,516.01
100.78,516.11
100.81,516.21
100.84,516.31
100.87,516.41
100.90,516.51
100.93,516.61
100.96,516.71
100.99,516.81
101.02,516.91
101.05,517.01
101.08,517.11
101.11,517.21
101.14,517.31
101.17,517.41
101.20,517.51
101.23,517.61
101.26,517.71
101.29,517.81
101.32,517.91
101.35,518.01
101.38,518.11
101.41,518.21
101.44,518.31
101.47,518.41
101.50,518.51
101.53,518.61
101.56,518.71
101.59,518.81
101.62,518.91
101.65,519.01
101.68,519.11
101.71,519.21
101.74,519.31
101.77,519.41
101.80,519.51
101.83,519.61
101.86,519.71
101.89,519.81
101.92,519.91
101.95,520.01
101.98,520.11
102.01,520.21
102.04,520.31
102.07,520.41
102.10,520.51
102.13,520.61
102.16,520.71
102.19,520.81
102.22,520.91
102.25,521.01
102.28,521.11
102.31,521.21
102.35,521.31
102.39,521.41
102.43,521.51
102.48,521.61
102.53,521.71
102.58,521.81
102.63,521.91
102.68,522.01
102.73,522.11
102.78,522.21
102.83,522.31
102.88,522.41
102.92,522.51
102.97,522.61
103.02,522.71
103.07,522.81
103.12,522.91
103.17,523.01
103.22,523.11
103.27,523.21
103.32,523.31
103.37,523.41
103.41,523.51
103.46,523.61
103.51,523.71
103.56,523.81
103.61,523.91
103.66,524.01
103.71,524.11
103.76,524.21
103.81,524.31
103.85,524.41
103.90,524.51
103.95,524.61
104.00,524.71
104.05,524.81
104.10,524.91
104.15,525.01
104.20,525.11
104.25,525.21
104.30,525.31
104.34,525.41
104.39,525.51
104.44,525.61
104.49,525.71
104.54,525.81
104.59,525.91
104.64,526.01
104.69,526.11
104.74,526.21
104.79,526.31
104.83,526.41
104.88,526.51
104.93,526.61
104.98,526.71
105.03,526.81
105.08,526.91
105.13,527.01
105.18,527.11
105.23,527.21
105.27,527.31
105.32,527.41
105.37,527.51
105.42,527.61
105.47,527.71
105.52,527.81
105.57,527.91
105.62,528.01
105.67,528.11
105.72,528.21
105.76,528.31
105.81,528.41
105.86,528.51
105.91,528.61
105.96,528.71
106.01,528.81
106.06,528.91
106.11,529.01
106.16,529.11
106.20,529.21
106.25,529.31
106.30,529.41
106.35,529.51
106.40,529.61
106.45,529.71
106.50,529.81
106.55,529.91
106.60,530.01
106.65,530.11
106.69,530.21
106.74,530.31
106.79,530.41
106.84,530.51
106.89,530.61
106.94,530.71
106.99,530.81
107.04,530.91
107.09,531.01
107.14,531.11
107.18,531.21
107.23,531.31
107.28,531.41
107.33,531.51
107.38,531.61
107.43,531.71
107.48,531.81
107.53,531.91
107.58,532.01
107.62,532.11
107.67,532.21
107.72,532.31
107.77,532.41
107.82,532.51
107.87,532.61
107.92,532.71
107.97,532.81
108.02,532.91
108.07,533.01
108.11,533.11
108.16,533.21
108.21,533.31
108.26,533.41
108.31,533.51
108.36,533.61
108.41,533.71
108.46,533.81
108.51,533.91
108.56,534.01
108.60,534.11
108.65,534.21
108.70,534.31
108.75,534.41
108.80,534.51
108.85,534.61
108.90,534.71
108.95,534.81
108.99,534.91
109.03,535.01
109.06,535.11
109.10,535.21
109.13,535.31
109.16,535.41
109.20,535.51
109.23,535.61
109.26,535.71
109.30,535.81
109.33,535.91
109.36,536.01
109.40,536.11
109.43,536.21
109.47,536.31
109.50,536.41
109.53,536.51
109.57,536.61
109.60,536.71
109.63,536.81
109.67,536.91
109.70,537.01
109.74,537.11
109.77,537.21
109.80,537.31
109.84,537.41
109.87,537.51
109.90,537.61
109.94,537.71
109.97,537.81
110.01,537.91
110.04,538.01
110.07,538.11
110.11,538.21
110.14,538.31
110.17,538.41
110.21,538.51
110.24,538.61
110.28,538.71
110.31,538.81
110.34,538.91
110.38,539.01
110.41,539.11
110.44,539.21
110.48,539.31
110.51,539.41
110.55,539.51
110.58,539.61
110.61,539.71
110.65,539.81
110.68,539.91
110.71,540.01
110.75,540.11
110.78,540.21
110.82,540.31
110.85,540.41
110.88,540.51
110.92,540.61
110.95,540.71
110.98,540.81
111.02,540.91
111.05,541.01
111.09,541.11
111.12,541.21
111.15,541.31
111.19,541.41
111.22,541.51
111.25,541.61
111.29,541.71
111.32,541.81
111.35,541.91
111.39,542.01
111.42,542.11
111.46,542.21
111.49,542.31
111.52,542.41
111.56,542.51
111.59,542.61
111.62,542.71
111.66,542.81
111.69,542.91
111.73,543.01
111.76,543.11
111.79,543.21
111.83,543.31
111.86,543.41
111.89,543.51
111.93,543.61
111.96,543.71
112.00,543.81
112.03,543.91
112.06,544.01
112.10,544.11
112.13,544.21
112.16,544.31
112.20,544.41
112.23,544.51
112.27,544.61
112.30,544.71
112.33,544.81
112.37,544.91
112.40,545.01
112.43,545.11
112.47,545.21
112.50,545.31
112.54,545.41
112.57,545.51
112.60,545.61
112.64,545.71
