avlat,avlon,depth,dist
18.40,260.62,15.09,78.00
18.40,260.62,15.13,78.10
18.40,260.62,15.17,78.20
18.40,260.62,15.21,78.30
18.40,260.62,15.25,78.40
18.40,260.62,15.28,78.50
18.40,260.62,15.32,78.60
18.40,260.62,15.36,78.70
18.40,260.62,15.40,78.80
18.40,260.62,15.44,78.90
18.40,260.62,15.48,79.00
18.40,260.62,15.52,79.10
18.40,260.62,15.56,79.20
18.40,260.62,15.59,79.30
18.40,260.62,15.63,79.40
18.40,260.62,15.67,79.50
18.40,260.62,15.71,79.60
18.40,260.62,15.75,79.70
18.40,260.62,15.79,79.80
18.40,260.62,15.83,79.90
18.40,260.62,15.87,80.00
18.40,260.62,15.90,80.10
18.40,260.62,15.94,80.20
18.40,260.62,15.98,80.30
18.40,260.62,16.02,80.40
18.40,260.62,16.06,80.50
18.40,260.62,16.10,80.60
18.40,260.62,16.14,80.70
18.40,260.62,16.17,80.80
18.40,260.62,16.21,80.90
18.40,260.62,16.25,81.00
18.40,260.62,16.29,81.10
18.40,260.62,16.33,81.20
18.40,260.62,16.37,81.30
18.40,260.62,16.41,81.40
18.40,260.62,16.45,81.50
18.40,260.62,16.48,81.60
18.40,260.62,16.52,81.70
18.40,260.62,16.56,81.80
18.40,260.62,16.60,81.90
18.40,260.62,16.64,82.00
18.40,260.62,16.68,82.10
18.40,260.62,16.72,82.20
18.40,260.62,16.76,82.30
18.40,260.62,16.79,82.40
18.40,260.62,16.83,82.50
18.40,260.62,16.87,82.60
18.40,260.62,16.91,82.70
18.40,260.62,16.95,82.80
18.40,260.62,16.99,82.90
18.40,260.62,17.02,83.00
18.40,260.62,17.04,83.10
18.40,260.62,17.07,83.20
18.40,260.62,17.10,83.30
18.40,260.62,17.12,83.40
18.40,260.62,17.15,83.50
18.40,260.62,17.18,83.60
18.40,260.62,17.20,83.70
18.40,260.62,17.23,83.80
18.40,260.62,17.26,83.90
18.40,260.62,17.28,84.00
18.40,260.62,17.31,84.10
18.40,260.62,17.34,84.20
18.40,260.62,17.36,84.30
18.40,260.62,17.39,84.40
18.40,260.62,17.42,84.50
18.40,260.62,17.44,84.60
18.40,260.62,17.47,84.70
18.40,260.62,17.50,84.80
18.40,260.62,17.52,84.90
18.40,260.62,17.55,85.00
18.40,260.62,17.58,85.10
18.40,260.62,17.60,85.20
18.40,260.62,17.63,85.30
18.40,260.62,17.66,85.40
18.40,260.62,17.68,85.50
18.40,260.62,17.71,85.60
18.40,260.62,17.74,85.70
18.40,260.62,17.76,85.80
18.40,260.62,17.79,85.90
18.40,260.62,17.82,86.00
18.40,260.62,17.84,86.10
18.40,260.62,17.87,86.20
18.40,260.62,17.90,86.30
18.40,260.62,17.92,86.40
18.40,260.62,17.95,86.50
18.40,260.62,17.98,86.60
18.40,260.62,18.00,86.70
18.40,260.62,18.03,86.80
18.40,260.62,18.06,86.90
18.40,260.62,18.09,87.00
18.40,260.62,18.12,87.10
18.40,260.62,18.15,87.20
18.40,260.62,18.18,87.30
18.40,260.62,18.21,87.40
18.40,260.62,18.24,87.50
18.40,260.62,18.27,87.60
18.40,260.62,18.30,87.70
18.40,260.62,18.33,87.80
18.40,260.62,18.36,87.90
18.40,260.62,18.39,88.00
18.40,260.62,18.41,88.10
18.40,260.62,18.44,88.20
18.40,260.62,18.47,88.30
18.40,260.62,18.50,88.40
18.40,260.62,18.53,88.50
18.40,260.62,18.56,88.60
18.40,260.62,18.59,88.70
18.40,260.62,18.62,88.80
18.40,260.62,18.65,88.90
18.40,260.62,18.68,89.00
18.40,260.62,18.71,89.10
18.40,260.62,18.74,89.20
18.40,260.62,18.77,89.30
18.40,260.62,18.79,89.40
18.40,260.62,18.82,89.50
18.40,260.62,18.85,89.60
18.40,260.62,18.88,89.70
18.40,260.62,18.91,89.80
18.40,260.62,18.94,89.90
18.40,260.62,18.97,90.00
18.40,260.62,19.00,90.10
18.40,260.62,19.02,90.20
18.40,260.62,19.04,90.30
18.40,260.62,19.06,90.40
18.40,260.62,19.08,90.50
18.40,260.62,19.10,90.60
18.40,260.62,19.12,90.70
18.40,260.62,19.14,90.80
18.40,260.62,19.16,90.90
18.40,260.62,19.17,91.00
18.40,260.62,19.19,91.10
18.40,260.62,19.21,91.20
18.40,260.62,19.23,91.30
18.40,260.62,19.25,91.40
18.40,260.62,19.27,91.50
18.40,260.62,19.29,91.60
18.40,260.62,19.31,91.70
18.40,260.62,19.33,91.80
18.40,260.62,19.35,91.90
18.40,260.62,19.37,92.00
18.40,260.62,19.39,92.10
18.40,260.62,19.41,92.20
18.40,260.62,19.43,92.30
18.40,260.62,19.45,92.40
18.40,260.62,19.47,92.50
18.40,260.62,19.49,92.60
18.40,260.62,19.51,92.70
18.40,260.62,19.53,92.80
18.40,260.62,19.54,92.90
18.40,260.62,19.56,93.00
18.40,260.62,19.58,93.10
18.40,260.62,19.60,93.20
18.40,260.62,19.62,93.30
18.40,260.62,19.64,93.40
18.40,260.62,19.66,93.50
18.40,260.62,19.68,93.60
18.40,260.62,19.70,93.70
18.40,260.62,19.72,93.80
18.40,260.62,19.74,93.90
18.40,260.62,19.76,94.00
18.40,260.62,19.78,94.10
18.40,260.62,19.80,94.20
18.40,260.62,19.82,94.30
18.40,260.62,19.84,94.40
18.40,260.62,19.86,94.50
18.40,260.62,19.88,94.60
18.40,260.62,19.90,94.70
18.40,260.62,19.91,94.80
18.40,260.62,19.93,94.90
18.40,260.62,19.95,95.00
18.40,260.62,19.97,95.10
18.40,260.62,19.99,95.20
18.40,260.62,20.02,95.30
18.40,260.62,20.06,95.40
18.40,260.62,20.09,95.50
18.40,260.62,20.13,95.60
18.40,260.62,20.17,95.70
18.40,260.62,20.20,95.80
18.40,260.62,20.24,95.90
18.40,260.62,20.27,96.00
18.40,260.62,20.31,96.10
18.40,260.62,20.34,96.20
18.40,260.62,20.38,96.30
18.40,260.62,20.42,96.40
18.40,260.62,20.45,96.50
18.40,260.62,20.49,96.60
18.40,260.62,20.52,96.70
18.40,260.62,20.56,96.80
18.40,260.62,20.59,96.90
18.40,260.62,20.63,97.00
18.40,260.62,20.67,97.10
18.40,260.62,20.70,97.20
18.40,260.62,20.74,97.30
18.40,260.62,20.77,97.40
18.40,260.62,20.81,97.50
18.40,260.62,20.84,97.60
18.40,260.62,20.88,97.70
18.40,260.62,20.92,97.80
18.40,260.62,20.95,97.90
18.40,260.62,20.99,98.00
18.40,260.62,21.02,98.10
18.40,260.62,21.06,98.20
18.40,260.62,21.09,98.30
18.40,260.62,21.13,98.40
18.40,260.62,21.17,98.50
18.40,260.62,21.20,98.60
18.40,260.62,21.24,98.70
18.40,260.62,21.27,98.80
18.40,260.62,21.31,98.90
18.40,260.62,21.34,99.00
18.40,260.62,21.38,99.10
18.40,260.62,21.42,99.20
18.40,260.62,21.45,99.30
18.40,260.62,21.49,99.40
18.40,260.62,21.52,99.50
18.40,260.62,21.56,99.60
18.40,260.62,21.60,99.70
18.40,260.62,21.63,99.80
18.40,260.62,21.67,99.90
18.40,260.62,21.70,100.00
18.40,260.62,21.74,100.10
18.40,260.62,21.77,100.20
18.40,260.62,21.81,100.30
18.40,260.62,21.85,100.40
18.40,260.62,21.88,100.50
18.40,260.62,21.92,100.60
18.40,260.62,21.95,100.70
18.40,260.62,21.99,100.80
18.40,260.62,22.04,100.90
18.40,260.62,22.10,101.00
18.40,260.62,22.15,101.10
18.40,260.62,22.21,101.20
18.40,260.62,22.27,101.30
18.40,260.62,22.33,101.40
18.40,260.62,22.38,101.50
18.40,260.62,22.44,101.60
18.40,260.62,22.50,101.70
18.40,260.62,22.56,101.80
18.40,260.62,22.61,101.90
18.40,260.62,22.67,102.00
18.40,260.62,22.73,102.10
18.40,260.62,22.78,102.20
18.40,260.62,22.84,102.30
18.40,260.62,22.90,102.40
18.40,260.62,22.96,102.50
18.40,260.62,23.01,102.60
18.40,260.62,23.07,102.70
18.40,260.62,23.13,102.80
18.40,260.62,23.19,102.90
18.40,260.62,23.24,103.00
18.40,260.62,23.30,103.10
18.40,260.62,23.36,103.20
18.40,260.62,23.42,103.30
18.40,260.62,23.47,103.40
18.40,260.62,23.53,103.50
18.40,260.62,23.59,103.60
18.40,260.62,23.65,103.70
18.40,260.62,23.70,103.80
18.40,260.62,23.76,103.90
18.40,260.62,23.82,104.00
18.40,260.62,23.87,104.10
18.40,260.62,23.93,104.20
18.40,260.62,23.99,104.30
18.40,260.62,24.03,104.40
18.40,260.62,24.07,104.50
18.40,260.62,24.11,104.60
18.40,260.62,24.15,104.70
18.40,260.62,24.19,104.80
18.40,260.62,24.23,104.90
18.40,260.62,24.27,105.00
18.40,260.62,24.31,105.10
18.40,260.62,24.35,105.20
18.40,260.62,24.39,105.30
18.40,260.62,24.43,105.40
18.40,260.62,24.47,105.50
18.40,260.62,24.51,105.60
18.40,260.62,24.55,105.70
18.40,260.62,24.59,105.80
18.40,260.62,24.63,105.90
18.40,260.62,24.67,106.00
18.40,260.62,24.71,106.10
18.40,260.62,24.75,106.20
18.40,260.62,24.79,106.30
18.40,260.62,24.83,106.40
18.40,260.62,24.87,106.50
18.40,260.62,24.91,106.60
18.40,260.62,24.95,106.70
18.40,260.62,24.99,106.80
18.40,260.62,25.03,106.90
18.40,260.62,25.07,107.00
18.40,260.62,25.11,107.10
18.40,260.62,25.15,107.20
18.40,260.62,25.18,107.30
18.40,260.62,25.22,107.40
18.40,260.62,25.26,107.50
18.40,260.62,25.30,107.60
18.40,260.62,25.34,107.70
18.40,260.62,25.38,107.80
18.40,260.62,25.42,107.90
18.40,260.62,25.46,108.00
18.40,260.62,25.50,108.10
18.40,260.62,25.54,108.20
18.40,260.62,25.58,108.30
18.40,260.62,25.62,108.40
18.40,260.62,25.66,108.50
18.40,260.62,25.70,108.60
18.40,260.62,25.74,108.70
18.40,260.62,25.78,108.80
18.40,260.62,25.82,108.90
18.40,260.62,25.86,109.00
18.40,260.62,25.90,109.10
18.40,260.62,25.94,109.20
18.40,260.62,25.98,109.30
18.40,260.62,26.02,109.40
18.40,260.62,26.05,109.50
18.40,260.62,26.08,109.60
18.40,260.62,26.11,109.70
18.40,260.62,26.14,109.80
18.40,260.62,26.18,109.90
18.40,260.62,26.21,110.00
18.40,260.62,26.24,110.10
18.40,260.62,26.27,110.20
18.40,260.62,26.31,110.30
18.40,260.62,26.34,110.40
18.40,260.62,26.37,110.50
18.40,260.62,26.40,110.60
18.40,260.62,26.43,110.70
18.40,260.62,26.47,110.80
18.40,260.62,26.50,110.90
18.40,260.62,26.53,111.00
18.40,260.62,26.56,111.10
18.40,260.62,26.60,111.20
18.40,260.62,26.63,111.30
18.40,260.62,26.66,111.40
18.40,260.62,26.69,111.50
18.40,260.62,26.72,111.60
18.40,260.62,26.76,111.70
18.40,260.62,26.79,111.80
18.40,260.62,26.82,111.90
18.40,260.62,26.85,112.00
18.40,260.62,26.89,112.10
18.40,260.62,26.92,112.20
18.40,260.62,26.95,112.30
18.40,260.62,26.98,112.40
18.40,260.62,27.02,112.50
18.40,260.62,27.07,112.60
18.40,260.62,27.12,112.70
18.40,260.62,27.16,112.80
18.40,260.62,27.21,112.90
18.40,260.62,27.26,113.00
18.40,260.62,27.31,113.10
18.40,260.62,27.35,113.20
18.40,260.62,27.40,113.30
18.40,260.62,27.45,113.40
18.40,260.62,27.50,113.50
18.40,260.62,27.54,113.60
18.40,260.62,27.59,113.70
18.40,260.62,27.64,113.80
18.40,260.62,27.69,113.90
18.40,260.62,27.73,114.00
18.40,260.62,27.78,114.10
18.40,260.62,27.83,114.20
18.40,260.62,27.88,114.30
18.40,260.62,27.92,114.40
18.40,260.62,27.97,114.50
18.40,260.62,28.02,114.60
18.40,260.62,28.07,114.70
18.40,260.62,28.11,114.80
18.40,260.62,28.16,114.90
18.40,260.62,28.21,115.00
18.40,260.62,28.26,115.10
18.40,260.62,28.30,115.20
18.40,260.62,28.35,115.30
18.40,260.62,28.40,115.40
18.40,260.62,28.45,115.50
18.40,260.62,28.49,115.60
18.40,260.62,28.54,115.70
18.40,260.62,28.59,115.80
18.40,260.62,28.64,115.90
18.40,260.62,28.69,116.00
18.40,260.62,28.73,116.10
18.40,260.62,28.78,116.20
18.40,260.62,28.83,116.30
18.40,260.62,28.88,116.40
18.40,260.62,28.92,116.50
18.40,260.62,28.97,116.60
18.40,260.62,29.02,116.70
18.40,260.62,29.06,116.80
18.40,260.62,29.10,116.90
18.40,260.62,29.14,117.00
18.40,260.62,29.19,117.10
18.40,260.62,29.23,117.20
18.40,260.62,29.27,117.30
18.40,260.62,29.32,117.40
18.40,260.62,29.36,117.50
18.40,260.62,29.40,117.60
18.40,260.62,29.44,117.70
18.40,260.62,29.49,117.80
18.40,260.62,29.53,117.90
18.40,260.62,29.57,118.00
18.40,260.62,29.61,118.10
18.40,260.62,29.66,118.20
18.40,260.62,29.70,118.30
18.40,260.62,29.74,118.40
18.40,260.62,29.79,118.50
18.40,260.62,29.83,118.60
18.40,260.62,29.87,118.70
18.40,260.62,29.91,118.80
18.40,260.62,29.96,118.90
18.40,260.62,30.00,119.00
18.40,260.62,30.04,119.10
18.40,260.62,30.08,119.20
18.40,260.62,30.13,119.30
18.40,260.62,30.17,119.40
18.40,260.62,30.21,119.50
18.40,260.62,30.26,119.60
18.40,260.62,30.30,119.70
18.40,260.62,30.34,119.80
18.40,260.62,30.38,119.90
18.40,260.62,30.43,120.00
18.40,260.62,30.47,120.10
18.40,260.62,30.51,120.20
18.40,260.62,30.55,120.30
18.40,260.62,30.60,120.40
18.40,260.62,30.64,120.50
18.40,260.62,30.68,120.60
18.40,260.62,30.73,120.70
18.40,260.62,30.77,120.80
18.40,260.62,30.81,120.90
18.40,260.62,30.85,121.00
18.40,260.62,30.90,121.10
18.40,260.62,30.94,121.20
18.40,260.62,30.98,121.30
18.40,260.62,31.01,121.40
18.40,260.62,31.04,121.50
18.40,260.62,31.06,121.60
18.40,260.62,31.09,121.70
18.40,260.62,31.11,121.80
18.40,260.62,31.13,121.90
18.40,260.62,31.16,122.00
18.40,260.62,31.18,122.10
18.40,260.62,31.21,122.20
18.40,260.62,31.23,122.30
18.40,260.62,31.25,122.40
18.40,260.62,31.28,122.50
18.40,260.62,31.30,122.60
18.40,260.62,31.33,122.70
18.40,260.62,31.35,122.80
18.40,260.62,31.37,122.90
18.40,260.62,31.40,123.00
18.40,260.62,31.42,123.10
18.40,260.62,31.44,123.20
18.40,260.62,31.47,123.30
18.40,260.62,31.49,123.40
18.40,260.62,31.52,123.50
18.40,260.62,31.54,123.60
18.40,260.62,31.56,123.70
18.40,260.62,31.59,123.80
18.40,260.62,31.61,123.90
18.40,260.62,31.64,124.00
18.40,260.62,31.66,124.10
18.40,260.62,31.68,124.20
18.40,260.62,31.71,124.30
18.40,260.62,31.73,124.40
18.40,260.62,31.76,124.50
18.40,260.62,31.78,124.60
18.40,260.62,31.80,124.70
18.40,260.62,31.83,124.80
18.40,260.62,31.85,124.90
18.40,260.62,31.88,125.00
18.40,260.62,31.90,125.10
18.40,260.62,31.92,125.20
18.40,260.62,31.95,125.30
18.40,260.62,31.97,125.40
18.40,260.62,32.00,125.50
18.40,260.62,32.04,125.60
18.40,260.62,32.09,125.70
18.40,260.62,32.14,125.80
18.40,260.62,32.20,125.90
18.40,260.62,32.25,126.00
18.40,260.62,32.30,126.10
18.40,260.62,32.35,126.20
18.40,260.62,32.40,126.30
18.40,260.62,32.45,126.40
18.40,260.62,32.51,126.50
18.40,260.62,32.56,126.60
18.40,260.62,32.61,126.70
18.40,260.62,32.66,126.80
18.40,260.62,32.71,126.90
18.40,260.62,32.76,127.00
18.40,260.62,32.82,127.10
18.40,260.62,32.87,127.20
18.40,260.62,32.92,127.30
18.40,260.62,32.97,127.40
18.40,260.62,33.02,127.50
18.40,260.62,33.07,127.60
18.40,260.62,33.13,127.70
18.40,260.62,33.18,127.80
18.40,260.62,33.23,127.90
18.40,260.62,33.28,128.00
18.40,260.62,33.33,128.10
18.40,260.62,33.38,128.20
18.40,260.62,33.44,128.30
18.40,260.62,33.49,128.40
18.40,260.62,33.54,128.50
18.40,260.62,33.59,128.60
18.40,260.62,33.64,128.70
18.40,260.62,33.69,128.80
18.40,260.62,33.75,128.90
18.40,260.62,33.80,129.00
18.40,260.62,33.85,129.10
18.40,260.62,33.90,129.20
18.40,260.62,33.95,129.30
18.40,260.62,34.00,129.40
18.40,260.62,34.05,129.50
18.40,260.62,34.11,129.60
18.40,260.62,34.16,129.70
18.40,260.62,34.21,129.80
18.40,260.62,34.26,129.90
18.40,260.62,34.31,130.00
18.40,260.62,34.36,130.10
18.40,260.62,34.42,130.20
18.40,260.62,34.47,130.30
18.40,260.62,34.52,130.40
18.40,260.62,34.57,130.50
18.40,260.62,34.62,130.60
18.40,260.62,34.67,130.70
18.40,260.62,34.73,130.80
18.40,260.62,34.78,130.90
18.40,260.62,34.83,131.00
18.40,260.62,34.88,131.10
18.40,260.62,34.93,131.20
18.40,260.62,34.98,131.30
18.40,260.62,35.04,131.40
18.40,260.62,35.09,131.50
18.40,260.62,35.14,131.60
18.40,260.62,35.19,131.70
18.40,260.62,35.24,131.80
18.40,260.62,35.29,131.90
18.40,260.62,35.35,132.00
18.40,260.62,35.40,132.10
18.40,260.62,35.45,132.20
18.40,260.62,35.50,132.30
18.40,260.62,35.55,132.40
18.40,260.62,35.60,132.50
18.40,260.62,35.66,132.60
18.40,260.62,35.71,132.70
18.40,260.62,35.76,132.80
18.40,260.62,35.81,132.90
18.40,260.62,35.86,133.00
18.40,260.62,35.91,133.10
18.40,260.62,35.96,133.20
18.40,260.62,36.02,133.30
18.40,260.62,36.06,133.40
18.40,260.62,36.11,133.50
18.40,260.62,36.16,133.60
18.40,260.62,36.21,133.70
18.40,260.62,36.25,133.80
18.40,260.62,36.30,133.90
18.40,260.62,36.35,134.00
18.40,260.62,36.39,134.10
18.40,260.62,36.44,134.20
18.40,260.62,36.49,134.30
18.40,260.62,36.54,134.40
18.40,260.62,36.58,134.50
18.40,260.62,36.63,134.60
18.40,260.62,36.68,134.70
18.40,260.62,36.73,134.80
18.40,260.62,36.77,134.90
18.40,260.62,36.82,135.00
18.40,260.62,36.87,135.10
18.40,260.62,36.92,135.20
18.40,260.62,36.96,135.30
18.40,260.62,37.01,135.40
18.40,260.62,37.06,135.50
18.40,260.62,37.11,135.60
18.40,260.62,37.15,135.70
18.40,260.62,37.20,135.80
18.40,260.62,37.25,135.90
18.40,260.62,37.30,136.00
18.40,260.62,37.34,136.10
18.40,260.62,37.39,136.20
18.40,260.62,37.44,136.30
18.40,260.62,37.49,136.40
18.40,260.62,37.53,136.50
18.40,260.62,37.58,136.60
18.40,260.62,37.63,136.70
18.40,260.62,37.68,136.80
18.40,260.62,37.72,136.90
18.40,260.62,37.77,137.00
18.40,260.62,37.82,137.10
18.40,260.62,37.87,137.20
18.40,260.62,37.91,137.30
18.40,260.62,37.96,137.40
18.40,260.62,38.01,137.50
18.40,260.62,38.04,137.60
18.40,260.62,38.07,137.70
18.40,260.62,38.10,137.80
18.40,260.62,38.13,137.90
18.40,260.62,38.16,138.00
18.40,260.62,38.19,138.10
18.40,260.62,38.22,138.20
18.40,260.62,38.25,138.30
18.40,260.62,38.28,138.40
18.40,260.62,38.31,138.50
18.40,260.62,38.33,138.60
18.40,260.62,38.36,138.70
18.40,260.62,38.39,138.80
18.40,260.62,38.42,138.90
18.40,260.62,38.45,139.00
18.40,260.62,38.48,139.10
18.40,260.62,38.51,139.20
18.40,260.62,38.54,139.30
18.40,260.62,38.57,139.40
18.40,260.62,38.60,139.50
18.40,260.62,38.63,139.60
18.40,260.62,38.66,139.70
18.40,260.62,38.69,139.80
18.40,260.62,38.72,139.90
18.40,260.62,38.75,140.00
18.40,260.62,38.78,140.10
18.40,260.62,38.81,140.20
18.40,260.62,38.84,140.30
18.40,260.62,38.87,140.40
18.40,260.62,38.90,140.50
18.40,260.62,38.93,140.60
18.40,260.62,38.96,140.70
18.40,260.62,38.99,140.80
18.40,260.62,39.00,140.90
18.40,260.62,39.00,141.00
18.40,260.62,39.00,141.10
18.40,260.62,39.00,141.20
18.40,260.62,39.00,141.30
18.40,260.62,39.00,141.40
18.40,260.62,39.00,141.50
18.40,260.62,39.00,141.60
18.40,260.62,39.00,141.70
18.40,260.62,39.00,141.80
18.40,260.62,39.00,141.90
18.40,260.62,39.00,142.00
18.40,260.62,39.00,142.10
18.40,260.62,39.00,142.20
18.40,260.62,39.00,142.30
18.40,260.62,39.00,142.40
18.40,260.62,39.00,142.50
18.40,260.62,39.00,142.60
18.40,260.62,39.00,142.70
18.40,260.62,39.00,142.80
18.40,260.62,39.00,142.90
18.40,260.62,39.00,143.00
18.40,260.62,39.00,143.10
18.40,260.62,39.00,143.20
18.40,260.62,39.00,143.30
18.40,260.62,39.00,143.40
18.40,260.62,39.00,143.50
18.40,260.62,39.00,143.60
18.40,260.62,39.00,143.70
18.40,260.62,39.00,143.80
18.40,260.62,39.00,143.90
18.40,260.62,39.00,144.00
18.40,260.62,39.00,144.10
18.40,260.62,39.00,144.20
18.40,260.62,39.00,144.30
18.40,260.62,39.00,144.40
18.40,260.62,39.00,144.50
18.40,260.62,39.00,144.60
18.40,260.62,39.00,144.70
18.40,260.62,39.00,144.80
18.40,260.62,39.00,144.90
18.40,260.62,39.00,145.00
18.40,260.62,39.01,145.10
18.40,260.62,39.04,145.20
18.40,260.62,39.06,145.30
18.40,260.62,39.09,145.40
18.40,260.62,39.12,145.50
18.40,260.62,39.15,145.60
18.40,260.62,39.18,145.70
18.40,260.62,39.21,145.80
18.40,260.62,39.23,145.90
18.40,260.62,39.26,146.00
18.40,260.62,39.29,146.10
18.40,260.62,39.32,146.20
18.40,260.62,39.35,146.30
18.40,260.62,39.37,146.40
18.40,260.62,39.40,146.50
18.40,260.62,39.43,146.60
18.40,260.62,39.46,146.70
18.40,260.62,39.49,146.80
18.40,260.62,39.51,146.90
18.40,260.62,39.54,147.00
18.40,260.62,39.57,147.10
18.40,260.62,39.60,147.20
18.40,260.62,39.63,147.30
18.40,260.62,39.65,147.40
18.40,260.62,39.68,147.50
18.40,260.62,39.71,147.60
18.40,260.62,39.74,147.70
18.40,260.62,39.77,147.80
18.40,260.62,39.79,147.90
18.40,260.62,39.82,148.00
18.40,260.62,39.85,148.10
18.40,260.62,39.88,148.20
18.40,260.62,39.91,148.30
18.40,260.62,39.93,148.40
18.40,260.62,39.96,148.50
18.40,260.62,39.99,148.60
18.40,260.62,40.01,148.70
18.40,260.62,40.02,148.80
18.40,260.62,40.04,148.90
18.40,260.62,40.05,149.00
18.40,260.62,40.07,149.10
18.40,260.62,40.08,149.20
18.40,260.62,40.10,149.30
18.40,260.62,40.11,149.40
18.40,260.62,40.13,149.50
18.40,260.62,40.14,149.60
18.40,260.62,40.16,149.70
18.40,260.62,40.17,149.80
18.40,260.62,40.19,149.90
18.40,260.62,40.20,150.00
18.40,260.62,40.22,150.10
18.40,260.62,40.23,150.20
18.40,260.62,40.25,150.30
18.40,260.62,40.26,150.40
18.40,260.62,40.28,150.50
18.40,260.62,40.29,150.60
18.40,260.62,40.31,150.70
18.40,260.62,40.32,150.80
18.40,260.62,40.34,150.90
18.40,260.62,40.35,151.00
18.40,260.62,40.37,151.10
18.40,260.62,40.38,151.20
18.40,260.62,40.40,151.30
18.40,260.62,40.41,151.40
18.40,260.62,40.43,151.50
18.40,260.62,40.44,151.60
18.40,260.62,40.46,151.70
18.40,260.62,40.47,151.80
18.40,260.62,40.49,151.90
18.40,260.62,40.50,152.00
18.40,260.62,40.52,152.10
18.40,260.62,40.53,152.20
18.40,260.62,40.55,152.30
18.40,260.62,40.56,152.40
18.40,260.62,40.58,152.50
18.40,260.62,40.59,152.60
18.40,260.62,40.61,152.70
18.40,260.62,40.62,152.80
18.40,260.62,40.64,152.90
18.40,260.62,40.65,153.00
18.40,260.62,40.67,153.10
18.40,260.62,40.68,153.20
18.40,260.62,40.70,153.30
18.40,260.62,40.71,153.40
18.40,260.62,40.73,153.50
18.40,260.62,40.74,153.60
18.40,260.62,40.76,153.70
18.40,260.62,40.77,153.80
18.40,260.62,40.79,153.90
18.40,260.62,40.80,154.00
18.40,260.62,40.81,154.10
18.40,260.62,40.83,154.20
18.40,260.62,40.84,154.30
18.40,260.62,40.86,154.40
18.40,260.62,40.87,154.50
18.40,260.62,40.89,154.60
18.40,260.62,40.90,154.70
18.40,260.62,40.92,154.80
18.40,260.62,40.93,154.90
18.40,260.62,40.95,155.00
18.40,260.62,40.96,155.10
18.40,260.62,40.98,155.20
18.40,260.62,40.99,155.30
18.40,260.62,41.00,155.40
18.40,260.62,41.00,155.50
18.40,260.62,41.00,155.60
18.40,260.62,41.00,155.70
18.40,260.62,41.00,155.80
18.40,260.62,41.00,155.90
18.40,260.62,41.00,156.00
18.40,260.62,41.00,156.10
18.40,260.62,41.00,156.20
18.40,260.62,41.00,156.30
18.40,260.62,41.00,156.40
18.40,260.62,41.00,156.50
18.40,260.62,41.00,156.60
18.40,260.62,41.00,156.70
18.40,260.62,41.00,156.80
18.40,260.62,41.00,156.90
18.40,260.62,41.00,157.00
18.40,260.62,41.00,157.10
18.40,260.62,41.00,157.20
18.40,260.62,41.00,157.30
18.40,260.62,41.00,157.40
18.40,260.62,41.00,157.50
18.40,260.62,41.00,157.60
18.40,260.62,41.00,157.70
18.40,260.62,41.00,157.80
18.40,260.62,41.00,157.90
18.40,260.62,41.00,158.00
18.40,260.62,41.00,158.10
18.40,260.62,41.00,158.20
18.40,260.62,41.00,158.30
18.40,260.62,41.00,158.40
18.40,260.62,41.00,158.50
18.40,260.62,41.00,158.60
18.40,260.62,41.00,158.70
18.40,260.62,41.00,158.80
18.40,260.62,41.00,158.90
18.40,260.62,41.00,159.00
18.40,260.62,41.00,159.10
18.40,260.62,41.00,159.20
18.40,260.62,41.00,159.30
18.40,260.62,41.00,159.40
18.40,260.62,41.00,159.50
18.40,260.62,41.00,159.60
18.40,260.62,41.00,159.70
18.40,260.62,41.00,159.80
18.40,260.62,41.00,159.90
18.40,260.62,41.00,160.00
18.40,260.62,41.00,160.10
18.40,260.62,41.00,160.20
18.40,260.62,41.00,160.30
18.40,260.62,41.00,160.40
18.40,260.62,41.00,160.50
18.40,260.62,41.00,160.60
18.40,260.62,41.02,160.70
18.40,260.62,41.04,160.80
18.40,260.62,41.06,160.90
18.40,260.62,41.09,161.00
18.40,260.62,41.11,161.10
18.40,260.62,41.13,161.20
18.40,260.62,41.15,161.30
18.40,260.62,41.17,161.40
18.40,260.62,41.20,161.50
18.40,260.62,41.22,161.60
18.40,260.62,41.24,161.70
18.40,260.62,41.26,161.80
18.40,260.62,41.29,161.90
18.40,260.62,41.31,162.00
18.40,260.62,41.33,162.10
18.40,260.62,41.35,162.20
18.40,260.62,41.38,162.30
18.40,260.62,41.40,162.40
18.40,260.62,41.42,162.50
18.40,260.62,41.44,162.60
18.40,260.62,41.46,162.70
18.40,260.62,41.49,162.80
18.40,260.62,41.51,162.90
18.40,260.62,41.53,163.00
18.40,260.62,41.55,163.10
18.40,260.62,41.58,163.20
18.40,260.62,41.60,163.30
18.40,260.62,41.62,163.40
18.40,260.62,41.64,163.50
18.40,260.62,41.67,163.60
18.40,260.62,41.69,163.70
18.40,260.62,41.71,163.80
18.40,260.62,41.73,163.90
18.40,260.62,41.75,164.00
18.40,260.62,41.78,164.10
18.40,260.62,41.80,164.20
18.40,260.62,41.82,164.30
18.40,260.62,41.84,164.40
18.40,260.62,41.87,164.50
18.40,260.62,41.89,164.60
18.40,260.62,41.91,164.70
18.40,260.62,41.93,164.80
18.40,260.62,41.95,164.90
18.40,260.62,41.98,165.00
18.40,260.62,42.00,165.10
18.40,260.62,42.00,165.20
18.40,260.62,42.00,165.30
18.40,260.62,42.00,165.40
18.40,260.62,42.00,165.50
18.40,260.62,42.00,165.60
18.40,260.62,42.00,165.70
18.40,260.62,42.00,165.80
18.40,260.62,42.00,165.90
18.40,260.62,42.00,166.00
18.40,260.62,42.00,166.10
18.40,260.62,42.00,166.20
18.40,260.62,42.00,166.30
18.40,260.62,42.00,166.40
18.40,260.62,42.00,166.50
18.40,260.62,42.00,166.60
18.40,260.62,42.00,166.70
18.40,260.62,42.00,166.80
18.40,260.62,42.00,166.90
18.40,260.62,42.00,167.00
18.40,260.62,42.00,167.10
18.40,260.62,42.00,167.20
18.40,260.62,42.00,167.30
18.40,260.62,42.00,167.40
18.40,260.62,42.00,167.50
18.40,260.62,42.00,167.60
18.40,260.62,42.00,167.70
18.40,260.62,42.00,167.80
18.40,260.62,42.00,167.90
18.40,260.62,42.00,168.00
18.40,260.62,42.00,168.10
18.40,260.62,42.00,168.20
18.40,260.62,42.00,168.30
18.40,260.62,42.00,168.40
18.40,260.62,42.00,168.50
18.40,260.62,42.00,168.60
18.40,260.62,42.00,168.70
18.40,260.62,42.00,168.80
18.40,260.62,42.00,168.90
18.40,260.62,42.00,169.00
18.40,260.62,42.00,169.10
18.40,260.62,42.00,169.20
18.40,260.62,42.00,169.30
18.40,260.62,42.00,169.40
18.40,260.62,42.00,169.50
18.40,260.62,42.00,169.60
18.40,260.62,42.00,169.70
18.40,260.62,42.00,169.80
18.40,260.62,42.00,169.90
18.40,260.62,42.00,170.00
18.40,260.62,42.00,170.10
18.40,260.62,42.00,170.20
18.40,260.62,42.00,170.30
18.40,260.62,42.00,170.40
18.40,260.62,42.00,170.50
18.40,260.62,42.00,170.60
18.40,260.62,42.00,170.70
18.40,260.62,42.00,170.80
18.40,260.62,42.00,170.90
18.40,260.62,42.00,171.00
18.40,260.62,42.00,171.10
18.40,260.62,42.00,171.20
18.40,260.62,42.00,171.30
18.40,260.62,42.00,171.40
18.40,260.62,42.00,171.50
18.40,260.62,42.00,171.60
18.40,260.62,42.00,171.70
18.40,260.62,42.00,171.80
18.40,260.62,42.00,171.90
18.40,260.62,42.00,172.00
18.40,260.62,42.00,172.10
18.40,260.62,42.00,172.20
18.40,260.62,42.00,172.30
18.40,260.62,42.00,172.40
18.40,260.62,42.00,172.50
18.40,260.62,42.00,172.60
18.40,260.62,42.00,172.70
18.40,260.62,42.00,172.80
18.40,260.62,42.00,172.90
18.40,260.62,42.00,173.00
18.40,260.62,42.00,173.10
18.40,260.62,42.00,173.20
18.40,260.62,42.00,173.30
18.40,260.62,42.00,173.40
18.40,260.62,42.00,173.50
18.40,260.62,42.00,173.60
18.40,260.62,42.00,173.70
18.40,260.62,42.00,173.80
18.40,260.62,42.00,173.90
18.40,260.62,42.00,174.00
18.40,260.62,42.00,174.10
18.40,260.62,42.00,174.20
18.40,260.62,42.00,174.30
18.40,260.62,42.00,174.40
18.40,260.62,42.00,174.50
18.40,260.62,42.00,174.60
18.40,260.62,42.00,174.70
18.40,260.62,42.00,174.80
18.40,260.62,42.00,174.90
18.40,260.62,42.00,175.00
18.40,260.62,42.00,175.10
18.40,260.62,42.00,175.20
18.40,260.62,42.00,175.30
18.40,260.62,42.00,175.40
18.40,260.62,42.00,175.50
18.40,260.62,42.00,175.60
18.40,260.62,42.00,175.70
18.40,260.62,42.00,175.80
18.40,260.62,42.00,175.90
18.40,260.62,42.00,176.00
18.40,260.62,42.00,176.10
18.40,260.62,42.00,176.20
18.40,260.62,42.00,176.30
18.40,260.62,42.00,176.40
18.40,260.62,42.00,176.50
18.40,260.62,42.00,176.60
18.40,260.62,42.00,176.70
18.40,260.62,42.00,176.80
18.40,260.62,42.00,176.90
18.40,260.62,42.00,177.00
18.40,260.62,42.00,177.10
18.40,260.62,42.00,177.20
18.40,260.62,42.00,177.30
18.40,260.62,42.00,177.40
18.40,260.62,42.00,177.50
18.40,260.62,42.00,177.60
18.40,260.62,42.00,177.70
18.40,260.62,42.00,177.80
18.40,260.62,42.00,177.90
18.40,260.62,42.00,178.00
18.40,260.62,42.00,178.10
18.40,260.62,42.00,178.20
18.40,260.62,42.00,178.30
18.40,260.62,42.00,178.40
18.40,260.62,42.00,178.50
18.40,260.62,42.00,178.60
18.40,260.62,42.00,178.70
18.40,260.62,42.00,178.80
18.40,260.62,42.00,178.90
18.40,260.62,42.00,179.00
18.40,260.62,42.00,179.10
18.40,260.62,42.00,179.20
18.40,260.62,42.00,179.30
18.40,260.62,42.00,179.40
18.40,260.62,42.00,179.50
18.40,260.62,42.00,179.60
18.40,260.62,42.00,179.70
18.40,260.62,42.00,179.80
18.40,260.62,42.00,179.90
18.40,260.62,42.00,180.00
18.40,260.62,42.00,180.10
18.40,260.62,42.00,180.20
18.40,260.62,42.00,180.30
18.40,260.62,42.00,180.40
18.40,260.62,42.00,180.50
18.40,260.62,42.00,180.60
18.40,260.62,42.00,180.70
18.40,260.62,42.00,180.80
18.40,260.62,42.00,180.90
18.40,260.62,42.00,181.00
18.40,260.62,42.00,181.10
18.40,260.62,42.00,181.20
18.40,260.62,42.00,181.30
18.40,260.62,42.00,181.40
18.40,260.62,42.00,181.50
18.40,260.62,42.00,181.60
18.40,260.62,42.00,181.70
18.40,260.62,42.00,181.80
18.40,260.62,42.00,181.90
18.40,260.62,42.00,182.00
18.40,260.62,42.00,182.10
18.40,260.62,42.00,182.20
18.40,260.62,42.00,182.30
18.40,260.62,42.00,182.40
18.40,260.62,42.00,182.50
18.40,260.62,42.00,182.60
18.40,260.62,42.00,182.70
18.40,260.62,42.00,182.80
18.40,260.62,42.00,182.90
18.40,260.62,42.00,183.00
18.40,260.62,42.00,183.10
18.40,260.62,42.00,183.20
18.40,260.62,42.00,183.30
18.40,260.62,42.00,183.40
18.40,260.62,42.00,183.50
18.40,260.62,42.00,183.60
18.40,260.62,42.00,183.70
18.40,260.62,42.00,183.80
18.40,260.62,42.00,183.90
18.40,260.62,42.00,184.00
18.40,260.62,42.00,184.10
18.40,260.62,42.00,184.20
18.40,260.62,42.00,184.30
18.40,260.62,42.00,184.40
18.40,260.62,42.00,184.50
18.40,260.62,42.00,184.60
18.40,260.62,42.00,184.70
18.40,260.62,42.00,184.80
18.40,260.62,42.00,184.90
18.40,260.62,42.00,185.00
18.40,260.62,42.00,185.10
18.40,260.62,42.00,185.20
18.40,260.62,42.00,185.30
18.40,260.62,42.00,185.40
18.40,260.62,42.00,185.50
18.40,260.62,42.00,185.60
18.40,260.62,42.00,185.70
18.40,260.62,42.00,185.80
18.40,260.62,42.00,185.90
18.40,260.62,42.00,186.00
18.40,260.62,42.00,186.10
18.40,260.62,42.00,186.20
18.40,260.62,42.00,186.30
18.40,260.62,42.00,186.40
18.40,260.62,42.00,186.50
18.40,260.62,42.00,186.60
18.40,260.62,42.00,186.70
18.40,260.62,42.00,186.80
18.40,260.62,42.00,186.90
18.40,260.62,42.00,187.00
18.40,260.62,42.00,187.10
18.40,260.62,42.00,187.20
18.40,260.62,42.00,187.30
18.40,260.62,42.00,187.40
18.40,260.62,42.00,187.50
18.40,260.62,42.00,187.60
18.40,260.62,42.00,187.70
18.40,260.62,42.00,187.80
18.40,260.62,42.00,187.90
18.40,260.62,42.00,188.00
18.40,260.62,42.00,188.10
18.40,260.62,42.00,188.20
18.40,260.62,42.00,188.30
18.40,260.62,42.00,188.40
18.40,260.62,42.00,188.50
18.40,260.62,42.00,188.60
18.40,260.62,42.00,188.70
18.40,260.62,42.00,188.80
18.40,260.62,42.00,188.90
18.40,260.62,42.00,189.00
18.40,260.62,42.00,189.10
18.40,260.62,42.00,189.20
18.40,260.62,42.00,189.30
18.40,260.62,42.00,189.40
18.40,260.62,42.00,189.50
18.40,260.62,42.00,189.60
18.40,260.62,42.00,189.70
18.40,260.62,42.00,189.80
18.40,260.62,42.00,189.90
18.40,260.62,42.00,190.00
18.40,260.62,42.00,190.10
18.40,260.62,42.00,190.20
18.40,260.62,42.00,190.30
18.40,260.62,42.00,190.40
18.40,260.62,42.00,190.50
18.40,260.62,42.00,190.60
18.40,260.62,42.00,190.70
18.40,260.62,42.00,190.80
18.40,260.62,42.00,190.90
18.40,260.62,42.00,191.00
18.40,260.62,42.00,191.10
18.40,260.62,42.00,191.20
18.40,260.62,42.00,191.30
18.40,260.62,42.00,191.40
18.40,260.62,42.00,191.50
18.40,260.62,42.00,191.60
18.40,260.62,42.00,191.70
18.40,260.62,42.00,191.80
18.40,260.62,42.00,191.90
18.40,260.62,42.00,192.00
18.40,260.62,42.00,192.10
18.40,260.62,42.00,192.20
18.40,260.62,42.00,192.30
18.40,260.62,42.00,192.40
18.40,260.62,42.00,192.50
18.40,260.62,42.00,192.60
18.40,260.62,42.00,192.70
18.40,260.62,42.00,192.80
18.40,260.62,42.00,192.90
18.40,260.62,42.00,193.00
18.40,260.62,42.00,193.10
18.40,260.62,42.00,193.20
18.40,260.62,42.00,193.30
18.40,260.62,42.00,193.40
18.40,260.62,42.00,193.50
18.40,260.62,42.00,193.60
18.40,260.62,42.00,193.70
18.40,260.62,42.00,193.80
18.40,260.62,42.00,193.90
18.40,260.62,42.00,194.00
18.40,260.62,42.00,194.10
18.40,260.62,42.00,194.20
18.40,260.62,42.00,194.30
18.40,260.62,42.00,194.40
18.40,260.62,42.00,194.50
18.40,260.62,42.00,194.60
18.40,260.62,42.00,194.70
18.40,260.62,42.00,194.80
18.40,260.62,42.00,194.90
18.40,260.62,42.00,195.00
18.40,260.62,42.00,195.10
18.40,260.62,42.00,195.20
18.40,260.62,42.00,195.30
18.40,260.62,42.00,195.40
18.40,260.62,42.00,195.50
18.40,260.62,42.00,195.60
18.40,260.62,42.00,195.70
18.40,260.62,42.00,195.80
18.40,260.62,42.00,195.90
18.40,260.62,42.00,196.00
18.40,260.62,42.00,196.10
18.40,260.62,42.00,196.20
18.40,260.62,42.00,196.30
18.40,260.62,42.00,196.40
18.40,260.62,42.00,196.50
18.40,260.62,42.00,196.60
18.40,260.62,42.00,196.70
18.40,260.62,42.00,196.80
18.40,260.62,42.00,196.90
18.40,260.62,42.00,197.00
18.40,260.62,42.00,197.10
18.40,260.62,42.00,197.20
18.40,260.62,42.00,197.30
18.40,260.62,42.00,197.40
18.40,260.62,42.00,197.50
18.40,260.62,42.00,197.60
18.40,260.62,42.00,197.70
18.40,260.62,42.00,197.80
18.40,260.62,42.00,197.90
18.40,260.62,42.00,198.00
18.40,260.62,42.00,198.10
18.40,260.62,42.00,198.20
18.40,260.62,42.00,198.30
18.40,260.62,42.00,198.40
18.40,260.62,42.00,198.50
18.40,260.62,42.00,198.60
18.40,260.62,42.00,198.70
18.40,260.62,42.00,198.80
18.40,260.62,42.00,198.90
18.40,260.62,42.00,199.00
18.40,260.62,42.00,199.10
18.40,260.62,42.00,199.20
18.40,260.62,42.00,199.30
18.40,260.62,42.00,199.40
18.40,260.62,42.00,199.50
18.40,260.62,42.00,199.60
18.40,260.62,42.00,199.70
18.40,260.62,42.00,199.80
18.40,260.62,42.00,199.90
18.40,260.62,42.00,200.00
18.40,260.62,42.00,200.10
18.40,260.62,42.00,200.20
18.40,260.62,42.00,200.30
18.40,260.62,42.00,200.40
18.40,260.62,42.00,200.50
18.40,260.62,42.00,200.60
18.40,260.62,42.00,200.70
18.40,260.62,42.00,200.80
18.40,260.62,42.00,200.90
18.40,260.62,42.00,201.00
18.40,260.62,42.00,201.10
18.40,260.62,42.00,201.20
18.40,260.62,42.00,201.30
18.40,260.62,42.00,201.40
18.40,260.62,42.00,201.50
18.40,260.62,42.00,201.60
18.40,260.62,42.00,201.70
18.40,260.62,42.00,201.80
18.40,260.62,42.00,201.90
18.40,260.62,42.00,202.00
18.40,260.62,42.00,202.10
18.40,260.62,42.00,202.20
18.40,260.62,42.00,202.30
18.40,260.62,42.00,202.40
18.40,260.62,42.00,202.50
18.40,260.62,42.00,202.60
18.40,260.62,42.00,202.70
18.40,260.62,42.00,202.80
18.40,260.62,42.00,202.90
18.40,260.62,42.00,203.00
18.40,260.62,42.00,203.10
18.40,260.62,42.00,203.20
18.40,260.62,42.00,203.30
18.40,260.62,42.00,203.40
18.40,260.62,42.00,203.50
18.40,260.62,42.00,203.60
18.40,260.62,42.00,203.70
18.40,260.62,42.00,203.80
18.40,260.62,42.00,203.90
18.40,260.62,42.00,204.00
18.40,260.62,42.00,204.10
18.40,260.62,42.00,204.20
18.40,260.62,42.00,204.30
18.40,260.62,42.00,204.40
18.40,260.62,42.00,204.50
18.40,260.62,42.00,204.60
18.40,260.62,42.00,204.70
18.40,260.62,42.00,204.80
18.40,260.62,42.00,204.90
18.40,260.62,42.00,205.00
18.40,260.62,42.00,205.10
18.40,260.62,42.00,205.20
18.40,260.62,42.00,205.30
18.40,260.62,42.00,205.40
18.40,260.62,42.00,205.50
18.40,260.62,42.00,205.60
18.40,260.62,42.00,205.70
18.40,260.62,42.00,205.80
18.40,260.62,42.00,205.90
18.40,260.62,42.00,206.00
18.40,260.62,42.00,206.10
18.40,260.62,42.00,206.20
18.40,260.62,42.00,206.30
18.40,260.62,42.00,206.40
18.40,260.62,42.00,206.50
18.40,260.62,42.00,206.60
18.40,260.62,42.00,206.70
18.40,260.62,42.00,206.80
18.40,260.62,42.00,206.90
18.40,260.62,42.00,207.00
18.40,260.62,42.00,207.10
18.40,260.62,42.00,207.20
18.40,260.62,42.00,207.30
18.40,260.62,42.00,207.40
18.40,260.62,42.00,207.50
18.40,260.62,42.00,207.60
18.40,260.62,42.00,207.70
18.40,260.62,42.00,207.80
18.40,260.62,42.00,207.90
18.40,260.62,42.00,208.00
18.40,260.62,42.00,208.10
18.40,260.62,42.00,208.20
18.40,260.62,42.00,208.30
18.40,260.62,42.00,208.40
18.40,260.62,42.00,208.50
18.40,260.62,42.00,208.60
18.40,260.62,42.00,208.70
18.40,260.62,42.00,208.80
18.40,260.62,42.00,208.90
18.40,260.62,42.00,209.00
18.40,260.62,42.00,209.10
18.40,260.62,42.00,209.20
18.40,260.62,42.00,209.30
18.40,260.62,42.00,209.40
18.40,260.62,42.00,209.50
18.40,260.62,42.00,209.60
18.40,260.62,42.00,209.70
18.40,260.62,42.00,209.80
18.40,260.62,42.00,209.90
18.40,260.62,42.00,210.00
18.40,260.62,42.00,210.10
18.40,260.62,42.00,210.20
18.40,260.62,42.00,210.30
18.40,260.62,42.00,210.40
18.40,260.62,42.00,210.50
18.40,260.62,42.00,210.60
18.40,260.62,42.00,210.70
18.40,260.62,42.00,210.80
18.40,260.62,42.00,210.90
18.40,260.62,42.00,211.00
18.40,260.62,42.00,211.10
18.40,260.62,42.00,211.20
18.40,260.62,42.00,211.30
18.40,260.62,42.00,211.40
18.40,260.62,42.00,211.50
18.40,260.62,42.00,211.60
18.40,260.62,42.00,211.70
18.40,260.62,42.00,211.80
18.40,260.62,42.00,211.90
18.40,260.62,42.00,212.00
18.40,260.62,42.00,212.10
18.40,260.62,42.00,212.20
18.40,260.62,42.00,212.30
18.40,260.62,42.00,212.40
18.40,260.62,42.00,212.50
18.40,260.62,42.00,212.60
18.40,260.62,42.00,212.70
18.40,260.62,42.00,212.80
18.40,260.62,42.00,212.90
18.40,260.62,42.00,213.00
18.40,260.62,42.00,213.10
18.40,260.62,42.00,213.20
18.40,260.62,42.00,213.30
18.40,260.62,42.00,213.40
18.40,260.62,42.00,213.50
18.40,260.62,42.00,213.60
18.40,260.62,42.00,213.70
18.40,260.62,42.00,213.80
18.40,260.62,42.00,213.90
18.40,260.62,42.00,214.00
18.40,260.62,42.00,214.10
18.40,260.62,42.00,214.20
18.40,260.62,42.00,214.30
18.40,260.62,42.00,214.40
18.40,260.62,42.00,214.50
18.40,260.62,42.00,214.60
18.40,260.62,42.00,214.70
18.40,260.62,42.00,214.80
18.40,260.62,42.00,214.90
18.40,260.62,42.00,215.00
18.40,260.62,42.00,215.10
18.40,260.62,42.00,215.20
18.40,260.62,42.00,215.30
18.40,260.62,42.00,215.40
18.40,260.62,42.00,215.50
18.40,260.62,42.00,215.60
18.40,260.62,42.00,215.70
18.40,260.62,42.00,215.80
18.40,260.62,42.00,215.90
18.40,260.62,42.00,216.00
18.40,260.62,42.00,216.10
18.40,260.62,42.00,216.20
18.40,260.62,42.00,216.30
18.40,260.62,42.00,216.40
18.40,260.62,42.00,216.50
18.40,260.62,42.00,216.60
18.40,260.62,42.00,216.70
18.40,260.62,42.00,216.80
18.40,260.62,42.00,216.90
18.40,260.62,42.00,217.00
18.40,260.62,42.00,217.10
18.40,260.62,42.00,217.20
18.40,260.62,42.00,217.30
18.40,260.62,42.00,217.40
18.40,260.62,42.00,217.50
18.40,260.62,42.00,217.60
18.40,260.62,42.00,217.70
18.40,260.62,42.00,217.80
18.40,260.62,42.00,217.90
18.40,260.62,42.00,218.00
18.40,260.62,42.00,218.10
18.40,260.62,42.00,218.20
18.40,260.62,42.00,218.30
18.40,260.62,42.00,218.40
18.40,260.62,42.00,218.50
18.40,260.62,42.00,218.60
18.40,260.62,42.00,218.70
18.40,260.62,42.00,218.80
18.40,260.62,42.00,218.90
18.40,260.62,42.00,219.00
18.40,260.62,42.00,219.10
18.40,260.62,42.00,219.20
18.40,260.62,42.00,219.30
18.40,260.62,42.00,219.40
18.40,260.62,42.00,219.50
18.40,260.62,42.00,219.60
18.40,260.62,42.00,219.70
18.40,260.62,42.00,219.80
18.40,260.62,42.00,219.90
18.40,260.62,42.00,220.00
18.40,260.62,42.00,220.10
18.40,260.62,42.00,220.20
18.40,260.62,42.00,220.30
18.40,260.62,42.00,220.40
18.40,260.62,42.00,220.50
18.40,260.62,42.00,220.60
18.40,260.62,42.00,220.70
18.40,260.62,42.00,220.80
18.40,260.62,42.00,220.90
18.40,260.62,42.00,221.00
18.40,260.62,42.00,221.10
18.40,260.62,42.00,221.20
18.40,260.62,42.00,221.30
18.40,260.62,42.00,221.40
18.40,260.62,42.00,221.50
18.40,260.62,42.00,221.60
18.40,260.62,42.00,221.70
18.40,260.62,42.00,221.80
18.40,260.62,42.00,221.90
18.40,260.62,42.00,222.00
18.40,260.62,42.00,222.10
18.40,260.62,42.00,222.20
18.40,260.62,42.00,222.30
18.40,260.62,42.00,222.40
18.40,260.62,42.00,222.50
18.40,260.62,42.00,222.60
18.40,260.62,42.00,222.70
18.40,260.62,42.00,222.80
18.40,260.62,42.00,222.90
18.40,260.62,42.00,223.00
18.40,260.62,42.00,223.10
18.40,260.62,42.00,223.20
18.40,260.62,42.00,223.30
18.40,260.62,42.00,223.40
18.40,260.62,42.00,223.50
18.40,260.62,42.00,223.60
18.40,260.62,42.00,223.70
18.40,260.62,42.00,223.80
18.40,260.62,42.00,223.90
18.40,260.62,42.00,224.00
18.40,260.62,42.00,224.10
18.40,260.62,42.00,224.20
18.40,260.62,42.00,224.30
18.40,260.62,42.00,224.40
18.40,260.62,42.00,224.50
18.40,260.62,42.00,224.60
18.40,260.62,42.00,224.70
18.40,260.62,42.00,224.80
18.40,260.62,42.00,224.90
18.40,260.62,42.00,225.00
18.40,260.62,42.00,225.10
18.40,260.62,42.00,225.20
18.40,260.62,42.00,225.30
18.40,260.62,42.00,225.40
18.40,260.62,42.00,225.50
18.40,260.62,42.00,225.60
18.40,260.62,42.00,225.70
18.40,260.62,42.00,225.80
18.40,260.62,42.00,225.90
18.40,260.62,42.00,226.00
18.40,260.62,42.00,226.10
18.40,260.62,42.00,226.20
18.40,260.62,42.00,226.30
18.40,260.62,42.00,226.40
18.40,260.62,42.00,226.50
18.40,260.62,42.00,226.60
18.40,260.62,42.00,226.70
18.40,260.62,42.00,226.80
18.40,260.62,42.00,226.90
18.40,260.62,42.00,227.00
18.40,260.62,42.00,227.10
18.40,260.62,42.00,227.20
18.40,260.62,42.00,227.30
18.40,260.62,42.00,227.40
18.40,260.62,42.00,227.50
18.40,260.62,42.00,227.60
18.40,260.62,42.00,227.70
18.40,260.62,42.00,227.80
18.40,260.62,42.00,227.90
18.40,260.62,42.00,228.00
18.40,260.62,42.00,228.10
18.40,260.62,42.00,228.20
18.40,260.62,42.00,228.30
18.40,260.62,42.00,228.40
18.40,260.62,42.00,228.50
18.40,260.62,42.00,228.60
18.40,260.62,42.00,228.70
18.40,260.62,42.00,228.80
18.40,260.62,42.00,228.90
18.40,260.62,42.00,229.00
18.40,260.62,42.00,229.10
18.40,260.62,42.00,229.20
18.40,260.62,42.00,229.30
18.40,260.62,42.00,229.40
18.40,260.62,42.00,229.50
18.40,260.62,42.00,229.60
18.40,260.62,42.00,229.70
18.40,260.62,42.00,229.80
18.40,260.62,42.00,229.90
18.40,260.62,42.00,230.00
18.40,260.62,42.00,230.10
18.40,260.62,42.00,230.20
18.40,260.62,42.00,230.30
18.40,260.62,42.00,230.40
18.40,260.62,42.00,230.50
18.40,260.62,42.00,230.60
18.40,260.62,42.00,230.70
18.40,260.62,42.00,230.80
18.40,260.62,42.00,230.90
18.40,260.62,42.00,231.00
18.40,260.62,42.00,231.10
18.40,260.62,42.00,231.20
18.40,260.62,42.00,231.30
18.40,260.62,42.00,231.40
18.40,260.62,42.00,231.50
18.40,260.62,42.00,231.60
18.40,260.62,42.00,231.70
18.40,260.62,42.00,231.80
18.40,260.62,42.00,231.90
18.40,260.62,42.00,232.00
18.40,260.62,42.00,232.10
18.40,260.62,42.00,232.20
18.40,260.62,42.00,232.30
18.40,260.62,42.00,232.40
18.40,260.62,42.00,232.50
18.40,260.62,42.00,232.60
18.40,260.62,42.00,232.70
18.40,260.62,42.00,232.80
18.40,260.62,42.00,232.90
18.40,260.62,42.00,233.00
18.40,260.62,42.00,233.10
18.40,260.62,42.00,233.20
18.40,260.62,42.00,233.30
18.40,260.62,42.00,233.40
18.40,260.62,42.00,233.50
18.40,260.62,42.00,233.60
18.40,260.62,42.00,233.70
18.40,260.62,42.00,233.80
18.40,260.62,42.00,233.90
18.40,260.62,42.00,234.00
18.40,260.62,42.00,234.10
18.40,260.62,42.00,234.20
18.40,260.62,42.00,234.30
18.40,260.62,42.00,234.40
18.40,260.62,42.00,234.50
18.40,260.62,42.00,234.60
18.40,260.62,42.00,234.70
18.40,260.62,42.00,234.80
18.40,260.62,42.00,234.90
18.40,260.62,42.00,235.00
18.40,260.62,42.00,235.10
18.40,260.62,42.00,235.20
18.40,260.62,42.00,235.30
18.40,260.62,42.00,235.40
18.40,260.62,42.00,235.50
18.40,260.62,42.00,235.60
18.40,260.62,42.00,235.70
18.40,260.62,42.00,235.80
18.40,260.62,42.00,235.90
18.40,260.62,42.00,236.00
18.40,260.62,42.00,236.10
18.40,260.62,42.00,236.20
18.40,260.62,42.00,236.30
18.40,260.62,42.00,236.40
18.40,260.62,42.00,236.50
18.40,260.62,42.00,236.60
18.40,260.62,42.00,236.70
18.40,260.62,42.00,236.80
18.40,260.62,42.00,236.90
18.40,260.62,42.00,237.00
18.40,260.62,42.00,237.10
18.40,260.62,42.00,237.20
18.40,260.62,42.00,237.30
18.40,260.62,42.00,237.40
18.40,260.62,42.00,237.50
18.40,260.62,42.00,237.60
18.40,260.62,42.00,237.70
18.40,260.62,42.00,237.80
18.40,260.62,42.00,237.90
18.40,260.62,42.00,238.00
18.40,260.62,42.00,238.10
18.40,260.62,42.00,238.20
18.40,260.62,42.00,238.30
18.40,260.62,42.00,238.40
18.40,260.62,42.00,238.50
18.40,260.62,42.00,238.60
18.40,260.62,42.00,238.70
18.40,260.62,42.00,238.80
18.40,260.62,42.00,238.90
18.40,260.62,42.00,239.00
18.40,260.62,42.00,239.10
18.40,260.62,42.00,239.20
18.40,260.62,42.00,239.30
18.40,260.62,42.00,239.40
18.40,260.62,42.00,239.50
18.40,260.62,42.00,239.60
18.40,260.62,42.00,239.70
18.40,260.62,42.00,239.80
18.40,260.62,42.00,239.90
18.40,260.62,42.00,240.00
18.40,260.62,42.00,240.10
18.40,260.62,42.00,240.20
18.40,260.62,42.00,240.30
18.40,260.62,42.00,240.40
18.40,260.62,42.00,240.50
18.40,260.62,42.00,240.60
18.40,260.62,42.00,240.70
18.40,260.62,42.00,240.80
18.40,260.62,42.00,240.90
18.40,260.62,42.00,241.00
18.40,260.62,42.00,241.10
18.40,260.62,42.00,241.20
18.40,260.62,42.00,241.30
18.40,260.62,42.00,241.40
18.40,260.62,42.00,241.50
18.40,260.62,42.00,241.60
18.40,260.62,42.00,241.70
18.40,260.62,42.00,241.80
18.40,260.62,42.00,241.90
18.40,260.62,42.00,242.00
18.40,260.62,42.00,242.10
18.40,260.62,42.00,242.20
18.40,260.62,42.00,242.30
18.40,260.62,42.00,242.40
18.40,260.62,42.00,242.50
18.40,260.62,42.00,242.60
18.40,260.62,42.00,242.70
18.40,260.62,42.00,242.80
18.40,260.62,42.00,242.90
18.40,260.62,42.00,243.00
18.40,260.62,42.00,243.10
18.40,260.62,42.00,243.20
18.40,260.62,42.00,243.30
18.40,260.62,42.00,243.40
18.40,260.62,42.00,243.50
18.40,260.62,42.00,243.60
18.40,260.62,42.00,243.70
18.40,260.62,42.00,243.80
18.40,260.62,42.00,243.90
18.40,260.62,42.00,244.00
18.40,260.62,42.00,244.10
18.40,260.62,42.00,244.20
18.40,260.62,42.00,244.30
18.40,260.62,42.00,244.40
18.40,260.62,42.00,244.50
18.40,260.62,42.00,244.60
18.40,260.62,42.00,244.70
18.40,260.62,42.00,244.80
18.40,260.62,42.00,244.90
18.40,260.62,42.00,245.00
18.40,260.62,42.00,245.10
18.40,260.62,42.00,245.20
18.40,260.62,42.00,245.30
18.40,260.62,42.00,245.40
18.40,260.62,42.00,245.50
18.40,260.62,42.00,245.60
18.40,260.62,42.00,245.70
18.40,260.62,42.00,245.80
18.40,260.62,42.00,245.90
18.40,260.62,42.00,246.00
18.40,260.62,42.00,246.10
18.40,260.62,42.00,246.20
18.40,260.62,42.00,246.30
18.40,260.62,42.00,246.40
18.40,260.62,42.00,246.50
18.40,260.62,42.00,246.60
18.40,260.62,42.00,246.70
18.40,260.62,42.00,246.80
18.40,260.62,42.00,246.90
18.40,260.62,42.00,247.00
18.40,260.62,42.00,247.10
18.40,260.62,42.00,247.20
18.40,260.62,42.00,247.30
18.40,260.62,42.00,247.40
18.40,260.62,42.00,247.50
18.40,260.62,42.00,247.60
18.40,260.62,42.00,247.70
18.40,260.62,42.00,247.80
18.40,260.62,42.00,247.90
18.40,260.62,42.00,248.00
18.40,260.62,42.00,248.10
18.40,260.62,42.00,248.20
18.40,260.62,42.00,248.30
18.40,260.62,42.00,248.40
18.40,260.62,42.00,248.50
18.40,260.62,42.00,248.60
18.40,260.62,42.00,248.70
18.40,260.62,42.00,248.80
18.40,260.62,42.00,248.90
18.40,260.62,42.00,249.00
18.40,260.62,42.00,249.10
18.40,260.62,42.00,249.20
18.40,260.62,42.00,249.30
18.40,260.62,42.00,249.40
18.40,260.62,42.00,249.50
18.40,260.62,42.00,249.60
18.40,260.62,42.00,249.70
18.40,260.62,42.00,249.80
18.40,260.62,42.00,249.90
18.40,260.62,42.00,250.00
18.40,260.62,42.00,250.10
18.40,260.62,42.00,250.20
18.40,260.62,42.00,250.30
18.40,260.62,42.00,250.40
18.40,260.62,42.00,250.50
18.40,260.62,42.00,250.60
18.40,260.62,42.00,250.70
18.40,260.62,42.00,250.80
18.40,260.62,42.00,250.90
18.40,260.62,42.00,251.00
18.40,260.62,42.00,251.10
18.40,260.62,42.00,251.20
18.40,260.62,42.00,251.30
18.40,260.62,42.00,251.40
18.40,260.62,42.00,251.50
18.40,260.62,42.00,251.60
18.40,260.62,42.00,251.70
18.40,260.62,42.00,251.80
18.40,260.62,42.00,251.90
18.40,260.62,42.00,252.00
18.40,260.62,42.00,252.10
18.40,260.62,42.00,252.20
18.40,260.62,42.00,252.30
18.40,260.62,42.00,252.40
18.40,260.62,42.00,252.50
18.40,260.62,42.00,252.60
18.40,260.62,42.00,252.70
18.40,260.62,42.00,252.80
18.40,260.62,42.00,252.90
18.40,260.62,42.00,253.00
18.40,260.62,42.00,253.10
18.40,260.62,42.00,253.20
18.40,260.62,42.00,253.30
18.40,260.62,42.00,253.40
18.40,260.62,42.00,253.50
18.40,260.62,42.00,253.60
18.40,260.62,42.00,253.70
18.40,260.62,42.00,253.80
18.40,260.62,42.00,253.90
18.40,260.62,42.00,254.00
18.40,260.62,42.00,254.10
18.40,260.62,42.00,254.20
18.40,260.62,42.00,254.30
18.40,260.62,42.00,254.40
18.40,260.62,42.00,254.50
18.40,260.62,42.00,254.60
18.40,260.62,42.00,254.70
18.40,260.62,42.00,254.80
18.40,260.62,42.00,254.90
18.40,260.62,42.00,255.00
18.40,260.62,42.00,255.10
18.40,260.62,42.00,255.20
18.40,260.62,42.00,255.30
18.40,260.62,42.00,255.40
18.40,260.62,42.00,255.50
18.40,260.62,42.00,255.60
18.40,260.62,42.00,255.70
18.40,260.62,42.00,255.80
18.40,260.62,42.00,255.90
18.40,260.62,42.00,256.00
18.40,260.62,42.00,256.10
18.40,260.62,42.00,256.20
18.40,260.62,42.00,256.30
18.40,260.62,42.00,256.40
18.40,260.62,42.00,256.50
18.40,260.62,42.00,256.60
18.40,260.62,42.00,256.70
18.40,260.62,42.00,256.80
18.40,260.62,42.00,256.90
18.40,260.62,42.00,257.00
18.40,260.62,42.00,257.10
18.40,260.62,42.00,257.20
18.40,260.62,42.00,257.30
18.40,260.62,42.00,257.40
18.40,260.62,42.00,257.50
18.40,260.62,42.00,257.60
18.40,260.62,42.00,257.70
18.40,260.62,42.00,257.80
18.40,260.62,42.00,257.90
18.40,260.62,42.00,258.00
18.40,260.62,42.00,258.10
18.40,260.62,42.00,258.20
18.40,260.62,42.00,258.30
18.40,260.62,42.00,258.40
18.40,260.62,42.00,258.50
18.40,260.62,42.00,258.60
18.40,260.62,42.00,258.70
18.40,260.62,42.00,258.80
18.40,260.62,42.00,258.90
18.40,260.62,42.00,259.00
18.40,260.62,42.00,259.10
18.40,260.62,42.00,259.20
18.40,260.62,42.00,259.30
18.40,260.62,42.00,259.40
18.40,260.62,42.00,259.50
18.40,260.62,42.00,259.60
18.40,260.62,42.00,259.70
18.40,260.62,42.00,259.80
18.40,260.62,42.00,259.90
18.40,260.62,42.00,260.00
18.40,260.62,42.00,260.10
18.40,260.62,42.00,260.20
18.40,260.62,42.00,260.30
18.40,260.62,42.00,260.40
18.40,260.62,42.00,260.50
18.40,260.62,42.00,260.60
18.40,260.62,42.00,260.70
18.40,260.62,42.00,260.80
18.40,260.62,42.00,260.90
18.40,260.62,42.00,261.00
18.40,260.62,42.00,261.10
18.40,260.62,42.00,261.20
18.40,260.62,42.00,261.30
18.40,260.62,42.00,261.40
18.40,260.62,42.00,261.50
18.40,260.62,42.00,261.60
18.40,260.62,42.00,261.70
18.40,260.62,42.00,261.80
18.40,260.62,42.00,261.90
18.40,260.62,42.00,262.00
18.40,260.62,42.00,262.10
18.40,260.62,42.00,262.20
18.40,260.62,42.00,262.30
18.40,260.62,42.00,262.40
18.40,260.62,42.00,262.50
18.40,260.62,42.00,262.60
18.40,260.62,42.00,262.70
18.40,260.62,42.00,262.80
18.40,260.62,42.00,262.90
18.40,260.62,42.00,263.00
18.40,260.62,42.00,263.10
18.40,260.62,42.00,263.20
18.40,260.62,42.00,263.30
18.40,260.62,42.00,263.40
18.40,260.62,42.00,263.50
18.40,260.62,42.01,263.60
18.40,260.62,42.03,263.70
18.40,260.62,42.05,263.80
18.40,260.62,42.07,263.90
18.40,260.62,42.10,264.00
18.40,260.62,42.12,264.10
18.40,260.62,42.14,264.20
18.40,260.62,42.16,264.30
18.40,260.62,42.18,264.40
18.40,260.62,42.20,264.50
18.40,260.62,42.23,264.60
18.40,260.62,42.25,264.70
18.40,260.62,42.27,264.80
18.40,260.62,42.29,264.90
18.40,260.62,42.31,265.00
18.40,260.62,42.33,265.10
18.40,260.62,42.36,265.20
18.40,260.62,42.38,265.30
18.40,260.62,42.40,265.40
18.40,260.62,42.42,265.50
18.40,260.62,42.44,265.60
18.40,260.62,42.46,265.70
18.40,260.62,42.49,265.80
18.40,260.62,42.51,265.90
18.40,260.62,42.53,266.00
18.40,260.62,42.55,266.10
18.40,260.62,42.57,266.20
18.40,260.62,42.60,266.30
18.40,260.62,42.62,266.40
18.40,260.62,42.64,266.50
18.40,260.62,42.66,266.60
18.40,260.62,42.68,266.70
18.40,260.62,42.70,266.80
18.40,260.62,42.73,266.90
18.40,260.62,42.75,267.00
18.40,260.62,42.77,267.10
18.40,260.62,42.79,267.20
18.40,260.62,42.81,267.30
18.40,260.62,42.83,267.40
18.40,260.62,42.86,267.50
18.40,260.62,42.88,267.60
18.40,260.62,42.90,267.70
18.40,260.62,42.92,267.80
18.40,260.62,42.94,267.90
18.40,260.62,42.96,268.00
18.40,260.62,42.99,268.10
18.40,260.62,43.00,268.20
18.40,260.62,43.00,268.30
18.40,260.62,43.00,268.40
18.40,260.62,43.00,268.50
18.40,260.62,43.00,268.60
18.40,260.62,43.00,268.70
18.40,260.62,43.00,268.80
18.40,260.62,43.00,268.90
18.40,260.62,43.00,269.00
18.40,260.62,43.00,269.10
18.40,260.62,43.00,269.20
18.40,260.62,43.00,269.30
18.40,260.62,43.00,269.40
18.40,260.62,43.00,269.50
18.40,260.62,43.00,269.60
18.40,260.62,43.00,269.70
18.40,260.62,43.00,269.80
18.40,260.62,43.00,269.90
18.40,260.62,43.00,270.00
18.40,260.62,43.00,270.10
18.40,260.62,43.00,270.20
18.40,260.62,43.00,270.30
18.40,260.62,43.00,270.40
18.40,260.62,43.00,270.50
18.40,260.62,43.00,270.60
18.40,260.62,43.00,270.70
18.40,260.62,43.00,270.80
18.40,260.62,43.00,270.90
18.40,260.62,43.00,271.00
18.40,260.62,43.00,271.10
18.40,260.62,43.00,271.20
18.40,260.62,43.00,271.30
18.40,260.62,43.00,271.40
18.40,260.62,43.00,271.50
18.40,260.62,43.00,271.60
18.40,260.62,43.00,271.70
18.40,260.62,43.00,271.80
18.40,260.62,43.00,271.90
18.40,260.62,43.00,272.00
18.40,260.62,43.00,272.10
18.40,260.62,43.00,272.20
18.40,260.62,43.00,272.30
18.40,260.62,43.00,272.40
18.40,260.62,43.00,272.50
18.40,260.62,43.00,272.60
18.40,260.62,43.00,272.70
18.40,260.62,43.00,272.80
18.40,260.62,43.00,272.90
18.40,260.62,43.00,273.00
18.40,260.62,43.00,273.10
18.40,260.62,43.00,273.20
18.40,260.62,43.00,273.30
18.40,260.62,43.00,273.40
18.40,260.62,43.00,273.50
18.40,260.62,43.00,273.60
18.40,260.62,43.00,273.70
18.40,260.62,43.00,273.80
18.40,260.62,43.00,273.90
18.40,260.62,43.00,274.00
18.40,260.62,43.00,274.10
18.40,260.62,43.00,274.20
18.40,260.62,43.00,274.30
18.40,260.62,43.00,274.40
18.40,260.62,43.00,274.50
18.40,260.62,43.00,274.60
18.40,260.62,43.00,274.70
18.40,260.62,43.00,274.80
18.40,260.62,43.00,274.90
18.40,260.62,43.00,275.00
18.40,260.62,43.00,275.10
18.40,260.62,43.00,275.20
18.40,260.62,43.00,275.30
18.40,260.62,43.00,275.40
18.40,260.62,43.00,275.50
18.40,260.62,43.00,275.60
18.40,260.62,43.00,275.70
18.40,260.62,43.00,275.80
18.40,260.62,43.00,275.90
18.40,260.62,43.00,276.00
18.40,260.62,43.00,276.10
18.40,260.62,43.00,276.20
18.40,260.62,43.00,276.30
18.40,260.62,43.00,276.40
18.40,260.62,43.00,276.50
18.40,260.62,43.00,276.60
18.40,260.62,43.00,276.70
18.40,260.62,43.00,276.80
18.40,260.62,43.00,276.90
18.40,260.62,43.00,277.00
18.40,260.62,43.00,277.10
18.40,260.62,43.00,277.20
18.40,260.62,43.00,277.30
18.40,260.62,43.00,277.40
18.40,260.62,43.00,277.50
18.40,260.62,43.00,277.60
18.40,260.62,43.00,277.70
18.40,260.62,43.00,277.80
18.40,260.62,43.00,277.90
18.40,260.62,43.00,278.00
18.40,260.62,43.00,278.10
18.40,260.62,43.00,278.20
18.40,260.62,43.00,278.30
18.40,260.62,43.00,278.40
18.40,260.62,43.00,278.50
18.40,260.62,43.00,278.60
18.40,260.62,43.00,278.70
18.40,260.62,43.00,278.80
18.40,260.62,43.00,278.90
18.40,260.62,43.00,279.00
18.40,260.62,43.00,279.10
18.40,260.62,43.00,279.20
18.40,260.62,43.00,279.30
18.40,260.62,43.00,279.40
18.40,260.62,43.00,279.50
18.40,260.62,43.00,279.60
18.40,260.62,43.00,279.70
18.40,260.62,43.00,279.80
18.40,260.62,43.00,279.90
18.40,260.62,43.00,280.00
18.40,260.62,43.00,280.10
18.40,260.62,43.00,280.20
18.40,260.62,43.00,280.30
18.40,260.62,43.00,280.40
18.40,260.62,43.00,280.50
18.40,260.62,43.00,280.60
18.40,260.62,43.00,280.70
18.40,260.62,43.00,280.80
18.40,260.62,43.00,280.90
18.40,260.62,43.00,281.00
18.40,260.62,43.00,281.10
18.40,260.62,43.00,281.20
18.40,260.62,43.00,281.30
18.40,260.62,43.00,281.40
18.40,260.62,43.00,281.50
18.40,260.62,43.00,281.60
18.40,260.62,43.00,281.70
18.40,260.62,43.00,281.80
18.40,260.62,43.00,281.90
18.40,260.62,43.00,282.00
18.40,260.62,43.00,282.10
18.40,260.62,43.00,282.20
18.40,260.62,43.00,282.30
18.40,260.62,43.00,282.40
18.40,260.62,43.00,282.50
18.40,260.62,43.00,282.60
18.40,260.62,43.00,282.70
18.40,260.62,43.00,282.80
18.40,260.62,43.00,282.90
18.40,260.62,43.00,283.00
18.40,260.62,43.00,283.10
18.40,260.62,43.00,283.20
18.40,260.62,43.00,283.30
18.40,260.62,43.00,283.40
18.40,260.62,43.00,283.50
18.40,260.62,43.00,283.60
18.40,260.62,43.00,283.70
18.40,260.62,43.00,283.80
18.40,260.62,43.00,283.90
18.40,260.62,43.00,284.00
18.40,260.62,43.02,284.10
18.40,260.62,43.05,284.20
18.40,260.62,43.07,284.30
18.40,260.62,43.10,284.40
18.40,260.62,43.13,284.50
18.40,260.62,43.15,284.60
18.40,260.62,43.18,284.70
18.40,260.62,43.20,284.80
18.40,260.62,43.23,284.90
18.40,260.62,43.26,285.00
18.40,260.62,43.28,285.10
18.40,260.62,43.31,285.20
18.40,260.62,43.33,285.30
18.40,260.62,43.36,285.40
18.40,260.62,43.39,285.50
18.40,260.62,43.41,285.60
18.40,260.62,43.44,285.70
18.40,260.62,43.46,285.80
18.40,260.62,43.49,285.90
18.40,260.62,43.52,286.00
18.40,260.62,43.54,286.10
18.40,260.62,43.57,286.20
18.40,260.62,43.59,286.30
18.40,260.62,43.62,286.40
18.40,260.62,43.65,286.50
18.40,260.62,43.67,286.60
18.40,260.62,43.70,286.70
18.40,260.62,43.72,286.80
18.40,260.62,43.75,286.90
18.40,260.62,43.78,287.00
18.40,260.62,43.80,287.10
18.40,260.62,43.83,287.20
18.40,260.62,43.85,287.30
18.40,260.62,43.88,287.40
18.40,260.62,43.91,287.50
18.40,260.62,43.93,287.60
18.40,260.62,43.96,287.70
18.40,260.62,43.98,287.80
18.40,260.62,44.00,287.90
18.40,260.62,44.00,288.00
18.40,260.62,44.00,288.10
18.40,260.62,44.00,288.20
18.40,260.62,44.00,288.30
18.40,260.62,44.00,288.40
18.40,260.62,44.00,288.50
18.40,260.62,44.00,288.60
18.40,260.62,44.00,288.70
18.40,260.62,44.00,288.80
18.40,260.62,44.00,288.90
18.40,260.62,44.00,289.00
18.40,260.62,44.00,289.10
18.40,260.62,44.00,289.20
18.40,260.62,44.00,289.30
18.40,260.62,44.00,289.40
18.40,260.62,44.00,289.50
18.40,260.62,44.00,289.60
18.40,260.62,44.00,289.70
18.40,260.62,44.00,289.80
18.40,260.62,44.00,289.90
18.40,260.62,44.00,290.00
18.40,260.62,44.00,290.10
18.40,260.62,44.00,290.20
18.40,260.62,44.00,290.30
18.40,260.62,44.00,290.40
18.40,260.62,44.00,290.50
18.40,260.62,44.00,290.60
18.40,260.62,44.00,290.70
18.40,260.62,44.00,290.80
18.40,260.62,44.00,290.90
18.40,260.62,44.00,291.00
18.40,260.62,44.00,291.10
18.40,260.62,44.00,291.20
18.40,260.62,44.00,291.30
18.40,260.62,44.00,291.40
18.40,260.62,44.00,291.50
18.40,260.62,44.00,291.60
18.40,260.62,44.00,291.70
18.40,260.62,44.00,291.80
18.40,260.62,44.01,291.90
18.40,260.62,44.03,292.00
18.40,260.62,44.05,292.10
18.40,260.62,44.06,292.20
18.40,260.62,44.08,292.30
18.40,260.62,44.10,292.40
18.40,260.62,44.11,292.50
18.40,260.62,44.13,292.60
18.40,260.62,44.15,292.70
18.40,260.62,44.17,292.80
18.40,260.62,44.18,292.90
18.40,260.62,44.20,293.00
18.40,260.62,44.22,293.10
18.40,260.62,44.23,293.20
18.40,260.62,44.25,293.30
18.40,260.62,44.27,293.40
18.40,260.62,44.29,293.50
18.40,260.62,44.30,293.60
18.40,260.62,44.32,293.70
18.40,260.62,44.34,293.80
18.40,260.62,44.35,293.90
18.40,260.62,44.37,294.00
18.40,260.62,44.39,294.10
18.40,260.62,44.40,294.20
18.40,260.62,44.42,294.30
18.40,260.62,44.44,294.40
18.40,260.62,44.46,294.50
18.40,260.62,44.47,294.60
18.40,260.62,44.49,294.70
18.40,260.62,44.51,294.80
18.40,260.62,44.52,294.90
18.40,260.62,44.54,295.00
18.40,260.62,44.56,295.10
18.40,260.62,44.57,295.20
18.40,260.62,44.59,295.30
18.40,260.62,44.61,295.40
18.40,260.62,44.63,295.50
18.40,260.62,44.64,295.60
18.40,260.62,44.66,295.70
18.40,260.62,44.68,295.80
18.40,260.62,44.69,295.90
18.40,260.62,44.71,296.00
18.40,260.62,44.73,296.10
18.40,260.62,44.74,296.20
18.40,260.62,44.76,296.30
18.40,260.62,44.78,296.40
18.40,260.62,44.80,296.50
18.40,260.62,44.81,296.60
18.40,260.62,44.83,296.70
18.40,260.62,44.85,296.80
18.40,260.62,44.86,296.90
18.40,260.62,44.88,297.00
18.40,260.62,44.90,297.10
18.40,260.62,44.91,297.20
18.40,260.62,44.93,297.30
18.40,260.62,44.95,297.40
18.40,260.62,44.97,297.50
18.40,260.62,44.98,297.60
18.40,260.62,45.00,297.70
18.40,260.62,45.03,297.80
18.40,260.62,45.07,297.90
18.40,260.62,45.10,298.00
18.40,260.62,45.13,298.10
18.40,260.62,45.17,298.20
18.40,260.62,45.20,298.30
18.40,260.62,45.24,298.40
18.40,260.62,45.27,298.50
18.40,260.62,45.30,298.60
18.40,260.62,45.34,298.70
18.40,260.62,45.37,298.80
18.40,260.62,45.41,298.90
18.40,260.62,45.44,299.00
18.40,260.62,45.47,299.10
18.40,260.62,45.51,299.20
18.40,260.62,45.54,299.30
18.40,260.62,45.57,299.40
18.40,260.62,45.61,299.50
18.40,260.62,45.64,299.60
18.40,260.62,45.68,299.70
18.40,260.62,45.71,299.80
18.40,260.62,45.74,299.90
18.40,260.62,45.78,300.00
18.40,260.62,45.81,300.10
18.40,260.62,45.85,300.20
18.40,260.62,45.88,300.30
18.40,260.62,45.91,300.40
18.40,260.62,45.95,300.50
18.40,260.62,45.98,300.60
18.40,260.62,46.01,300.70
18.40,260.62,46.05,300.80
18.40,260.62,46.08,300.90
18.40,260.62,46.12,301.00
18.40,260.62,46.15,301.10
18.40,260.62,46.18,301.20
18.40,260.62,46.22,301.30
18.40,260.62,46.25,301.40
18.40,260.62,46.29,301.50
18.40,260.62,46.32,301.60
18.40,260.62,46.35,301.70
18.40,260.62,46.39,301.80
18.40,260.62,46.42,301.90
18.40,260.62,46.45,302.00
18.40,260.62,46.49,302.10
18.40,260.62,46.52,302.20
18.40,260.62,46.56,302.30
18.40,260.62,46.59,302.40
18.40,260.62,46.62,302.50
18.40,260.62,46.66,302.60
18.40,260.62,46.69,302.70
18.40,260.62,46.73,302.80
18.40,260.62,46.76,302.90
18.40,260.62,46.79,303.00
18.40,260.62,46.83,303.10
18.40,260.62,46.86,303.20
18.40,260.62,46.89,303.30
18.40,260.62,46.93,303.40
18.40,260.62,46.96,303.50
18.40,260.62,47.00,303.60
18.40,260.62,47.05,303.70
18.40,260.62,47.11,303.80
18.40,260.62,47.18,303.90
18.40,260.62,47.24,304.00
18.40,260.62,47.30,304.10
18.40,260.62,47.36,304.20
18.40,260.62,47.42,304.30
18.40,260.62,47.48,304.40
18.40,260.62,47.54,304.50
18.40,260.62,47.60,304.60
18.40,260.62,47.66,304.70
18.40,260.62,47.72,304.80
18.40,260.62,47.78,304.90
18.40,260.62,47.84,305.00
18.40,260.62,47.90,305.10
18.40,260.62,47.96,305.20
18.40,260.62,48.02,305.30
18.40,260.62,48.08,305.40
18.40,260.62,48.15,305.50
18.40,260.62,48.21,305.60
18.40,260.62,48.27,305.70
18.40,260.62,48.33,305.80
18.40,260.62,48.39,305.90
18.40,260.62,48.45,306.00
18.40,260.62,48.51,306.10
18.40,260.62,48.57,306.20
18.40,260.62,48.63,306.30
18.40,260.62,48.69,306.40
18.40,260.62,48.75,306.50
18.40,260.62,48.81,306.60
18.40,260.62,48.87,306.70
18.40,260.62,48.93,306.80
18.40,260.62,48.99,306.90
18.40,260.62,49.05,307.00
18.40,260.62,49.12,307.10
18.40,260.62,49.18,307.20
18.40,260.62,49.24,307.30
18.40,260.62,49.30,307.40
18.40,260.62,49.36,307.50
18.40,260.62,49.42,307.60
18.40,260.62,49.48,307.70
18.40,260.62,49.54,307.80
18.40,260.62,49.60,307.90
18.40,260.62,49.66,308.00
18.40,260.62,49.72,308.10
18.40,260.62,49.78,308.20
18.40,260.62,49.84,308.30
18.40,260.62,49.90,308.40
18.40,260.62,49.96,308.50
18.40,260.62,50.02,308.60
18.40,260.62,50.09,308.70
18.40,260.62,50.15,308.80
18.40,260.62,50.21,308.90
18.40,260.62,50.27,309.00
18.40,260.62,50.33,309.10
18.40,260.62,50.39,309.20
18.40,260.62,50.45,309.30
18.40,260.62,50.51,309.40
18.40,260.62,50.57,309.50
18.40,260.62,50.63,309.60
18.40,260.62,50.69,309.70
18.40,260.62,50.75,309.80
18.40,260.62,50.81,309.90
18.40,260.62,50.87,310.00
18.40,260.62,50.93,310.10
18.40,260.62,50.99,310.20
18.40,260.62,51.08,310.30
18.40,260.62,51.18,310.40
18.40,260.62,51.27,310.50
18.40,260.62,51.36,310.60
18.40,260.62,51.45,310.70
18.40,260.62,51.54,310.80
18.40,260.62,51.63,310.90
18.40,260.62,51.73,311.00
18.40,260.62,51.82,311.10
18.40,260.62,51.91,311.20
18.40,260.62,52.00,311.30
18.40,260.62,52.09,311.40
18.40,260.62,52.19,311.50
18.40,260.62,52.28,311.60
18.40,260.62,52.37,311.70
18.40,260.62,52.46,311.80
18.40,260.62,52.55,311.90
18.40,260.62,52.65,312.00
18.40,260.62,52.74,312.10
18.40,260.62,52.83,312.20
18.40,260.62,52.92,312.30
18.40,260.62,53.02,312.40
18.40,260.62,53.12,312.50
18.40,260.62,53.23,312.60
18.40,260.62,53.34,312.70
18.40,260.62,53.45,312.80
18.40,260.62,53.56,312.90
18.40,260.62,53.67,313.00
18.40,260.62,53.78,313.10
18.40,260.62,53.89,313.20
18.40,260.62,54.00,313.30
18.40,260.62,54.11,313.40
18.40,260.62,54.22,313.50
18.40,260.62,54.33,313.60
18.40,260.62,54.44,313.70
18.40,260.62,54.55,313.80
18.40,260.62,54.66,313.90
18.40,260.62,54.77,314.00
18.40,260.62,54.87,314.10
18.40,260.62,54.98,314.20
18.40,260.62,55.09,314.30
18.40,260.62,55.20,314.40
18.40,260.62,55.31,314.50
18.40,260.62,55.42,314.60
18.40,260.62,55.53,314.70
18.40,260.62,55.64,314.80
18.40,260.62,55.75,314.90
18.40,260.62,55.86,315.00
18.40,260.62,55.97,315.10
18.40,260.62,56.08,315.20
18.40,260.62,56.19,315.30
18.40,260.62,56.30,315.40
18.40,260.62,56.41,315.50
18.40,260.62,56.52,315.60
18.40,260.62,56.62,315.70
18.40,260.62,56.73,315.80
18.40,260.62,56.84,315.90
18.40,260.62,56.95,316.00
18.40,260.62,57.06,316.10
18.40,260.62,57.17,316.20
18.40,260.62,57.28,316.30
18.40,260.62,57.39,316.40
18.40,260.62,57.50,316.50
18.40,260.62,57.61,316.60
18.40,260.62,57.72,316.70
18.40,260.62,57.83,316.80
18.40,260.62,57.94,316.90
18.40,260.62,58.06,317.00
18.40,260.62,58.20,317.10
18.40,260.62,58.34,317.20
18.40,260.62,58.48,317.30
18.40,260.62,58.61,317.40
18.40,260.62,58.75,317.50
18.40,260.62,58.89,317.60
18.40,260.62,59.03,317.70
18.40,260.62,59.17,317.80
18.40,260.62,59.31,317.90
18.40,260.62,59.45,318.00
18.40,260.62,59.59,318.10
18.40,260.62,59.73,318.20
18.40,260.62,59.87,318.30
18.40,260.62,60.01,318.40
18.40,260.62,60.14,318.50
18.40,260.62,60.28,318.60
18.40,260.62,60.42,318.70
18.40,260.62,60.56,318.80
18.40,260.62,60.70,318.90
18.40,260.62,60.84,319.00
18.40,260.62,60.98,319.10
18.40,260.62,61.12,319.20
18.40,260.62,61.26,319.30
18.40,260.62,61.40,319.40
18.40,260.62,61.54,319.50
18.40,260.62,61.67,319.60
18.40,260.62,61.81,319.70
18.40,260.62,61.95,319.80
18.40,260.62,62.09,319.90
18.40,260.62,62.23,320.00
18.40,260.62,62.37,320.10
18.40,260.62,62.51,320.20
18.40,260.62,62.65,320.30
18.40,260.62,62.79,320.40
18.40,260.62,62.93,320.50
18.40,260.62,63.07,320.60
18.40,260.62,63.20,320.70
18.40,260.62,63.34,320.80
18.40,260.62,63.48,320.90
18.40,260.62,63.62,321.00
18.40,260.62,63.76,321.10
18.40,260.62,63.90,321.20
18.40,260.62,64.04,321.30
18.40,260.62,64.18,321.40
18.40,260.62,64.32,321.50
18.40,260.62,64.46,321.60
18.40,260.62,64.59,321.70
18.40,260.62,64.73,321.80
18.40,260.62,64.87,321.90
18.40,260.62,65.02,322.00
18.40,260.62,65.21,322.10
18.40,260.62,65.41,322.20
18.40,260.62,65.60,322.30
18.40,260.62,65.80,322.40
18.40,260.62,66.00,322.50
18.40,260.62,66.19,322.60
18.40,260.62,66.39,322.70
18.40,260.62,66.58,322.80
18.40,260.62,66.78,322.90
18.40,260.62,66.97,323.00
18.40,260.62,67.17,323.10
18.40,260.62,67.37,323.20
18.40,260.62,67.56,323.30
18.40,260.62,67.76,323.40
18.40,260.62,67.95,323.50
18.40,260.62,68.15,323.60
18.40,260.62,68.34,323.70
18.40,260.62,68.54,323.80
18.40,260.62,68.74,323.90
18.40,260.62,68.93,324.00
18.40,260.62,69.13,324.10
18.40,260.62,69.32,324.20
18.40,260.62,69.52,324.30
18.40,260.62,69.71,324.40
18.40,260.62,69.91,324.50
18.40,260.62,70.11,324.60
18.40,260.62,70.30,324.70
18.40,260.62,70.50,324.80
18.40,260.62,70.69,324.90
18.40,260.62,70.89,325.00
18.40,260.62,71.08,325.10
18.40,260.62,71.28,325.20
18.40,260.62,71.48,325.30
18.40,260.62,71.67,325.40
18.40,260.62,71.87,325.50
18.40,260.62,72.06,325.60
18.40,260.62,72.26,325.70
18.40,260.62,72.45,325.80
18.40,260.62,72.65,325.90
18.40,260.62,72.85,326.00
18.40,260.62,73.04,326.10
18.40,260.62,73.24,326.20
18.40,260.62,73.43,326.30
18.40,260.62,73.63,326.40
18.40,260.62,73.82,326.50
18.40,260.62,74.02,326.60
18.40,260.62,74.22,326.70
18.40,260.62,74.41,326.80
18.40,260.62,74.61,326.90
18.40,260.62,74.80,327.00
18.40,260.62,75.00,327.10
18.40,260.62,75.19,327.20
18.40,260.62,75.39,327.30
18.40,260.62,75.59,327.40
18.40,260.62,75.78,327.50
18.40,260.62,75.98,327.60
18.40,260.62,76.17,327.70
18.40,260.62,76.37,327.80
18.40,260.62,76.56,327.90
18.40,260.62,76.76,328.00
18.40,260.62,76.96,328.10
18.40,260.62,77.15,328.20
18.40,260.62,77.35,328.30
18.40,260.62,77.54,328.40
18.40,260.62,77.74,328.50
18.40,260.62,77.93,328.60
18.40,260.62,78.13,328.70
18.40,260.62,78.33,328.80
18.40,260.62,78.52,328.90
18.40,260.62,78.72,329.00
18.40,260.62,78.91,329.10
18.40,260.62,79.11,329.20
18.40,260.62,79.30,329.30
18.40,260.62,79.50,329.40
18.40,260.62,79.70,329.50
18.40,260.62,79.89,329.60
18.40,260.62,80.09,329.70
18.40,260.62,80.28,329.80
18.40,260.62,80.47,329.90
18.40,260.62,80.66,330.00
18.40,260.62,80.86,330.10
18.40,260.62,81.05,330.20
18.40,260.62,81.24,330.30
18.40,260.62,81.44,330.40
18.40,260.62,81.63,330.50
18.40,260.62,81.82,330.60
18.40,260.62,82.01,330.70
18.40,260.62,82.21,330.80
18.40,260.62,82.40,330.90
18.40,260.62,82.59,331.00
18.40,260.62,82.79,331.10
18.40,260.62,82.98,331.20
18.40,260.62,83.17,331.30
18.40,260.62,83.36,331.40
18.40,260.62,83.56,331.50
18.40,260.62,83.75,331.60
18.40,260.62,83.94,331.70
18.40,260.62,84.14,331.80
18.40,260.62,84.33,331.90
18.40,260.62,84.52,332.00
18.40,260.62,84.72,332.10
18.40,260.62,84.91,332.20
18.40,260.62,85.10,332.30
18.40,260.62,85.29,332.40
18.40,260.62,85.49,332.50
18.40,260.62,85.68,332.60
18.40,260.62,85.87,332.70
18.40,260.62,86.07,332.80
18.40,260.62,86.26,332.90
18.40,260.62,86.45,333.00
18.40,260.62,86.64,333.10
18.40,260.62,86.84,333.20
18.40,260.62,87.03,333.30
18.40,260.62,87.22,333.40
18.40,260.62,87.42,333.50
18.40,260.62,87.61,333.60
18.40,260.62,87.80,333.70
18.40,260.62,87.99,333.80
18.40,260.62,88.19,333.90
18.40,260.62,88.38,334.00
18.40,260.62,88.57,334.10
18.40,260.62,88.77,334.20
18.40,260.62,88.96,334.30
18.40,260.62,89.15,334.40
18.40,260.62,89.34,334.50
18.40,260.62,89.54,334.60
18.40,260.62,89.73,334.70
18.40,260.62,89.92,334.80
18.40,260.62,90.14,334.90
18.40,260.62,90.38,335.00
18.40,260.62,90.62,335.10
18.40,260.62,90.86,335.20
18.40,260.62,91.10,335.30
18.40,260.62,91.34,335.40
18.40,260.62,91.58,335.50
18.40,260.62,91.82,335.60
18.40,260.62,92.06,335.70
18.40,260.62,92.30,335.80
18.40,260.62,92.54,335.90
18.40,260.62,92.78,336.00
18.40,260.62,93.02,336.10
18.40,260.62,93.26,336.20
18.40,260.62,93.49,336.30
18.40,260.62,93.73,336.40
18.40,260.62,93.97,336.50
18.40,260.62,94.21,336.60
18.40,260.62,94.45,336.70
18.40,260.62,94.69,336.80
18.40,260.62,94.93,336.90
18.40,260.62,95.17,337.00
18.40,260.62,95.41,337.10
18.40,260.62,95.65,337.20
18.40,260.62,95.89,337.30
18.40,260.62,96.13,337.40
18.40,260.62,96.37,337.50
18.40,260.62,96.61,337.60
18.40,260.62,96.84,337.70
18.40,260.62,97.08,337.80
18.40,260.62,97.32,337.90
18.40,260.62,97.56,338.00
18.40,260.62,97.80,338.10
18.40,260.62,98.04,338.20
18.40,260.62,98.28,338.30
18.40,260.62,98.52,338.40
18.40,260.62,98.76,338.50
18.40,260.62,99.00,338.60
18.40,260.62,99.24,338.70
18.40,260.62,99.48,338.80
18.40,260.62,99.72,338.90
18.40,260.62,99.96,339.00
18.40,260.62,100.19,339.10
18.40,260.62,100.43,339.20
18.40,260.62,100.67,339.30
18.40,260.62,100.91,339.40
18.40,260.62,101.15,339.50
18.40,260.62,101.39,339.60
18.40,260.62,101.63,339.70
18.40,260.62,101.87,339.80
18.40,260.62,102.11,339.90
18.40,260.62,102.35,340.00
18.40,260.62,102.59,340.10
18.40,260.62,102.83,340.20
18.40,260.62,103.07,340.30
18.40,260.62,103.31,340.40
18.40,260.62,103.55,340.50
18.40,260.62,103.78,340.60
18.40,260.62,104.02,340.70
18.40,260.62,104.26,340.80
18.40,260.62,104.50,340.90
18.40,260.62,104.74,341.00
18.40,260.62,104.98,341.10
18.40,260.62,105.22,341.20
18.40,260.62,105.46,341.30
18.40,260.62,105.70,341.40
18.40,260.62,105.94,341.50
18.40,260.62,106.18,341.60
18.40,260.62,106.42,341.70
18.40,260.62,106.66,341.80
18.40,260.62,106.90,341.90
18.40,260.62,107.12,342.00
18.40,260.62,107.34,342.10
18.40,260.62,107.56,342.20
18.40,260.62,107.78,342.30
18.40,260.62,108.00,342.40
18.40,260.62,108.22,342.50
18.40,260.62,108.44,342.60
18.40,260.62,108.66,342.70
18.40,260.62,108.88,342.80
18.40,260.62,109.10,342.90
18.40,260.62,109.32,343.00
18.40,260.62,109.54,343.10
18.40,260.62,109.76,343.20
18.40,260.62,109.98,343.30
18.40,260.62,110.20,343.40
18.40,260.62,110.42,343.50
18.40,260.62,110.64,343.60
18.40,260.62,110.86,343.70
18.40,260.62,111.08,343.80
18.40,260.62,111.30,343.90
18.40,260.62,111.52,344.00
18.40,260.62,111.74,344.10
18.40,260.62,111.96,344.20
18.40,260.62,112.18,344.30
18.40,260.62,112.40,344.40
18.40,260.62,112.62,344.50
18.40,260.62,112.84,344.60
18.40,260.62,113.06,344.70
18.40,260.62,113.28,344.80
18.40,260.62,113.50,344.90
18.40,260.62,113.72,345.00
18.40,260.62,113.94,345.10
18.40,260.62,114.16,345.20
18.40,260.62,114.38,345.30
18.40,260.62,114.60,345.40
18.40,260.62,114.82,345.50
18.40,260.62,115.04,345.60
18.40,260.62,115.26,345.70
18.40,260.62,115.48,345.80
18.40,260.62,115.70,345.90
18.40,260.62,115.92,346.00
18.40,260.62,116.14,346.10
18.40,260.62,116.36,346.20
18.40,260.62,116.58,346.30
18.40,260.62,116.80,346.40
18.40,260.62,117.02,346.50
18.40,260.62,117.24,346.60
18.40,260.62,117.46,346.70
18.40,260.62,117.68,346.80
18.40,260.62,117.90,346.90
18.40,260.62,118.12,347.00
18.40,260.62,118.34,347.10
18.40,260.62,118.56,347.20
18.40,260.62,118.78,347.30
18.40,260.62,119.00,347.40
18.40,260.62,119.22,347.50
18.40,260.62,119.44,347.60
18.40,260.62,119.66,347.70
18.40,260.62,119.88,347.80
18.40,260.62,120.10,347.90
18.40,260.62,120.32,348.00
18.40,260.62,120.54,348.10
18.40,260.62,120.75,348.20
18.40,260.62,120.97,348.30
18.40,260.62,121.19,348.40
18.40,260.62,121.41,348.50
18.40,260.62,121.63,348.60
18.40,260.62,121.85,348.70
18.40,260.62,122.07,348.80
18.40,260.62,122.29,348.90
18.40,260.62,122.51,349.00
18.40,260.62,122.73,349.10
18.40,260.62,122.95,349.20
18.40,260.62,123.17,349.30
18.40,260.62,123.39,349.40
18.40,260.62,123.61,349.50
18.40,260.62,123.83,349.60
18.40,260.62,124.05,349.70
18.40,260.62,124.27,349.80
18.40,260.62,124.49,349.90
18.40,260.62,124.71,350.00
18.40,260.62,124.93,350.10
18.40,260.62,125.15,350.20
18.40,260.62,125.37,350.30
18.40,260.62,125.59,350.40
18.40,260.62,125.81,350.50
18.40,260.62,126.03,350.60
18.40,260.62,126.25,350.70
18.40,260.62,126.47,350.80
18.40,260.62,126.69,350.90
18.40,260.62,126.91,351.00
18.40,260.62,127.13,351.10
18.40,260.62,127.35,351.20
18.40,260.62,127.57,351.30
18.40,260.62,127.79,351.40
18.40,260.62,128.01,351.50
18.40,260.62,128.26,351.60
18.40,260.62,128.50,351.70
18.40,260.62,128.75,351.80
18.40,260.62,129.00,351.90
18.40,260.62,129.24,352.00
18.40,260.62,129.49,352.10
18.40,260.62,129.73,352.20
18.40,260.62,129.98,352.30
18.40,260.62,130.23,352.40
18.40,260.62,130.47,352.50
18.40,260.62,130.72,352.60
18.40,260.62,130.96,352.70
18.40,260.62,131.21,352.80
18.40,260.62,131.46,352.90
18.40,260.62,131.70,353.00
18.40,260.62,131.95,353.10
18.40,260.62,132.19,353.20
18.40,260.62,132.44,353.30
18.40,260.62,132.68,353.40
18.40,260.62,132.93,353.50
18.40,260.62,133.16,353.60
18.40,260.62,133.39,353.70
18.40,260.62,133.61,353.80
18.40,260.62,133.84,353.90
18.40,260.62,134.07,354.00
18.40,260.62,134.29,354.10
18.40,260.62,134.52,354.20
18.40,260.62,134.74,354.30
18.40,260.62,134.97,354.40
18.40,260.62,135.20,354.50
18.40,260.62,135.42,354.60
18.40,260.62,135.65,354.70
18.40,260.62,135.88,354.80
18.40,260.62,136.10,354.90
18.40,260.62,136.33,355.00
18.40,260.62,136.55,355.10
18.40,260.62,136.78,355.20
18.40,260.62,137.01,355.30
18.40,260.62,137.23,355.40
18.40,260.62,137.46,355.50
18.40,260.62,137.68,355.60
18.40,260.62,137.91,355.70
18.40,260.62,138.14,355.80
18.40,260.62,138.36,355.90
18.40,260.62,138.59,356.00
18.40,260.62,138.81,356.10
18.40,260.62,139.04,356.20
18.40,260.62,139.27,356.30
18.40,260.62,139.49,356.40
18.40,260.62,139.72,356.50
18.40,260.62,139.94,356.60
18.40,260.62,140.17,356.70
18.40,260.62,140.40,356.80
18.40,260.62,140.62,356.90
18.40,260.62,140.85,357.00
18.40,260.62,141.07,357.10
18.40,260.62,141.30,357.20
18.40,260.62,141.53,357.30
18.40,260.62,141.75,357.40
18.40,260.62,141.98,357.50
18.40,260.62,142.20,357.60
18.40,260.62,142.43,357.70
18.40,260.62,142.66,357.80
18.40,260.62,142.88,357.90
18.40,260.62,143.11,358.00
18.40,260.62,143.33,358.10
18.40,260.62,143.56,358.20
18.40,260.62,143.79,358.30
18.40,260.62,144.01,358.40
18.40,260.62,144.24,358.50
18.40,260.62,144.46,358.60
18.40,260.62,144.69,358.70
18.40,260.62,144.92,358.80
18.40,260.62,145.14,358.90
18.40,260.62,145.37,359.00
18.40,260.62,145.60,359.10
18.40,260.62,145.82,359.20
18.40,260.62,146.05,359.30
18.40,260.62,146.28,359.40
18.40,260.62,146.51,359.50
18.40,260.62,146.74,359.60
18.40,260.62,146.97,359.70
18.40,260.62,147.20,359.80
18.40,260.62,147.42,359.90
18.40,260.62,147.65,360.00
18.40,260.62,147.88,360.10
18.40,260.62,148.11,360.20
18.40,260.62,148.34,360.30
18.40,260.62,148.57,360.40
18.40,260.62,148.80,360.50
18.40,260.62,149.03,360.60
18.40,260.62,149.26,360.70
18.40,260.62,149.49,360.80
18.40,260.62,149.72,360.90
18.40,260.62,149.95,361.00
18.40,260.62,150.18,361.10
18.40,260.62,150.41,361.20
18.40,260.62,150.64,361.30
18.40,260.62,150.87,361.40
18.40,260.62,151.10,361.50
18.40,260.62,151.33,361.60
18.40,260.62,151.56,361.70
18.40,260.62,151.79,361.80
18.40,260.62,152.01,361.90
18.40,260.62,152.24,362.00
18.40,260.62,152.47,362.10
18.40,260.62,152.70,362.20
18.40,260.62,152.93,362.30
18.40,260.62,153.16,362.40
18.40,260.62,153.39,362.50
18.40,260.62,153.62,362.60
18.40,260.62,153.85,362.70
18.40,260.62,154.08,362.80
18.40,260.62,154.31,362.90
18.40,260.62,154.54,363.00
18.40,260.62,154.77,363.10
18.40,260.62,155.00,363.20
18.40,260.62,155.23,363.30
18.40,260.62,155.46,363.40
18.40,260.62,155.69,363.50
18.40,260.62,155.92,363.60
18.40,260.62,156.15,363.70
18.40,260.62,156.38,363.80
18.40,260.62,156.60,363.90
18.40,260.62,156.83,364.00
18.40,260.62,157.06,364.10
18.40,260.62,157.29,364.20
18.40,260.62,157.52,364.30
18.40,260.62,157.75,364.40
18.40,260.62,157.98,364.50
18.40,260.62,158.21,364.60
18.40,260.62,158.44,364.70
18.40,260.62,158.67,364.80
18.40,260.62,158.90,364.90
18.40,260.62,159.13,365.00
18.40,260.62,159.36,365.10
18.40,260.62,159.59,365.20
18.40,260.62,159.82,365.30
18.40,260.62,160.05,365.40
18.40,260.62,160.28,365.50
18.40,260.62,160.51,365.60
18.40,260.62,160.74,365.70
18.40,260.62,160.97,365.80
18.40,260.62,161.20,365.90
18.40,260.62,161.43,366.00
18.40,260.62,161.66,366.10
18.40,260.62,161.89,366.20
18.40,260.62,162.12,366.30
18.40,260.62,162.35,366.40
18.40,260.62,162.58,366.50
18.40,260.62,162.82,366.60
18.40,260.62,163.05,366.70
18.40,260.62,163.28,366.80
18.40,260.62,163.51,366.90
18.40,260.62,163.74,367.00
18.40,260.62,163.97,367.10
18.40,260.62,164.20,367.20
18.40,260.62,164.43,367.30
18.40,260.62,164.67,367.40
18.40,260.62,164.90,367.50
18.40,260.62,165.13,367.60
18.40,260.62,165.36,367.70
18.40,260.62,165.59,367.80
18.40,260.62,165.82,367.90
18.40,260.62,166.05,368.00
18.40,260.62,166.29,368.10
18.40,260.62,166.52,368.20
18.40,260.62,166.75,368.30
18.40,260.62,166.98,368.40
18.40,260.62,167.21,368.50
18.40,260.62,167.44,368.60
18.40,260.62,167.67,368.70
18.40,260.62,167.90,368.80
18.40,260.62,168.14,368.90
18.40,260.62,168.37,369.00
18.40,260.62,168.60,369.10
18.40,260.62,168.83,369.20
18.40,260.62,169.06,369.30
18.40,260.62,169.29,369.40
18.40,260.62,169.53,369.50
18.40,260.62,169.76,369.60
18.40,260.62,169.99,369.70
18.40,260.62,170.22,369.80
18.40,260.62,170.46,369.90
18.40,260.62,170.69,370.00
18.40,260.62,170.92,370.10
18.40,260.62,171.15,370.20
18.40,260.62,171.39,370.30
18.40,260.62,171.62,370.40
18.40,260.62,171.85,370.50
18.40,260.62,172.08,370.60
18.40,260.62,172.32,370.70
18.40,260.62,172.55,370.80
18.40,260.62,172.78,370.90
18.40,260.62,173.01,371.00
18.40,260.62,173.25,371.10
18.40,260.62,173.48,371.20
18.40,260.62,173.71,371.30
18.40,260.62,173.94,371.40
18.40,260.62,174.18,371.50
18.40,260.62,174.41,371.60
18.40,260.62,174.64,371.70
18.40,260.62,174.87,371.80
18.40,260.62,175.10,371.90
18.40,260.62,175.34,372.00
18.40,260.62,175.57,372.10
18.40,260.62,175.80,372.20
18.40,260.62,176.03,372.30
18.40,260.62,176.27,372.40
18.40,260.62,176.50,372.50
18.40,260.62,176.73,372.60
18.40,260.62,176.96,372.70
18.40,260.62,177.20,372.80
18.40,260.62,177.43,372.90
18.40,260.62,177.66,373.00
18.40,260.62,177.89,373.10
18.40,260.62,178.13,373.20
18.40,260.62,178.36,373.30
18.40,260.62,178.59,373.40
18.40,260.62,178.82,373.50
18.40,260.62,179.06,373.60
18.40,260.62,179.29,373.70
18.40,260.62,179.52,373.80
18.40,260.62,179.75,373.90
18.40,260.62,179.99,374.00
18.40,260.62,180.22,374.10
18.40,260.62,180.45,374.20
18.40,260.62,180.68,374.30
18.40,260.62,180.92,374.40
18.40,260.62,181.15,374.50
18.40,260.62,181.38,374.60
18.40,260.62,181.61,374.70
18.40,260.62,181.85,374.80
18.40,260.62,182.08,374.90
18.40,260.62,182.31,375.00
18.40,260.62,182.54,375.10
18.40,260.62,182.78,375.20
18.40,260.62,183.01,375.30
18.40,260.62,183.24,375.40
18.40,260.62,183.47,375.50
18.40,260.62,183.71,375.60
18.40,260.62,183.94,375.70
18.40,260.62,184.17,375.80
18.40,260.62,184.40,375.90
18.40,260.62,184.64,376.00
18.40,260.62,184.87,376.10
18.40,260.62,185.08,376.20
18.40,260.62,185.27,376.30
18.40,260.62,185.45,376.40
18.40,260.62,185.64,376.50
18.40,260.62,185.82,376.60
18.40,260.62,186.01,376.70
18.40,260.62,186.20,376.80
18.40,260.62,186.38,376.90
18.40,260.62,186.57,377.00
18.40,260.62,186.75,377.10
18.40,260.62,186.94,377.20
18.40,260.62,187.12,377.30
18.40,260.62,187.31,377.40
18.40,260.62,187.50,377.50
18.40,260.62,187.68,377.60
18.40,260.62,187.87,377.70
18.40,260.62,188.05,377.80
18.40,260.62,188.24,377.90
18.40,260.62,188.43,378.00
18.40,260.62,188.61,378.10
18.40,260.62,188.80,378.20
18.40,260.62,188.98,378.30
18.40,260.62,189.17,378.40
18.40,260.62,189.36,378.50
18.40,260.62,189.54,378.60
18.40,260.62,189.73,378.70
18.40,260.62,189.91,378.80
18.40,260.62,190.10,378.90
18.40,260.62,190.28,379.00
18.40,260.62,190.47,379.10
18.40,260.62,190.66,379.20
18.40,260.62,190.84,379.30
18.40,260.62,191.03,379.40
18.40,260.62,191.25,379.50
18.40,260.62,191.46,379.60
18.40,260.62,191.68,379.70
18.40,260.62,191.90,379.80
18.40,260.62,192.11,379.90
18.40,260.62,192.33,380.00
18.40,260.62,192.54,380.10
18.40,260.62,192.76,380.20
18.40,260.62,192.98,380.30
18.40,260.62,193.19,380.40
18.40,260.62,193.41,380.50
18.40,260.62,193.62,380.60
18.40,260.62,193.84,380.70
18.40,260.62,194.06,380.80
18.40,260.62,194.27,380.90
18.40,260.62,194.49,381.00
18.40,260.62,194.70,381.10
18.40,260.62,194.92,381.20
18.40,260.62,195.14,381.30
18.40,260.62,195.35,381.40
18.40,260.62,195.57,381.50
18.40,260.62,195.78,381.60
18.40,260.62,196.00,381.70
18.40,260.62,196.22,381.80
18.40,260.62,196.43,381.90
18.40,260.62,196.65,382.00
18.40,260.62,196.86,382.10
18.40,260.62,197.08,382.20
18.40,260.62,197.30,382.30
18.40,260.62,197.51,382.40
18.40,260.62,197.73,382.50
18.40,260.62,197.94,382.60
18.40,260.62,198.16,382.70
18.40,260.62,198.38,382.80
18.40,260.62,198.59,382.90
18.40,260.62,198.81,383.00
18.40,260.62,199.02,383.10
18.40,260.62,199.24,383.20
18.40,260.62,199.46,383.30
18.40,260.62,199.67,383.40
18.40,260.62,199.89,383.50
18.40,260.62,200.10,383.60
18.40,260.62,200.32,383.70
18.40,260.62,200.54,383.80
18.40,260.62,200.75,383.90
18.40,260.62,200.97,384.00
18.40,260.62,201.18,384.10
18.40,260.62,201.40,384.20
18.40,260.62,201.62,384.30
18.40,260.62,201.83,384.40
18.40,260.62,202.05,384.50
18.40,260.62,202.26,384.60
18.40,260.62,202.48,384.70
18.40,260.62,202.70,384.80
18.40,260.62,202.91,384.90
18.40,260.62,203.13,385.00
18.40,260.62,203.34,385.10
18.40,260.62,203.56,385.20
18.40,260.62,203.78,385.30
18.40,260.62,203.99,385.40
18.40,260.62,204.21,385.50
18.40,260.62,204.42,385.60
18.40,260.62,204.64,385.70
18.40,260.62,204.86,385.80
18.40,260.62,205.07,385.90
18.40,260.62,205.29,386.00
18.40,260.62,205.50,386.10
18.40,260.62,205.72,386.20
18.40,260.62,205.94,386.30
18.40,260.62,206.15,386.40
18.40,260.62,206.37,386.50
18.40,260.62,206.58,386.60
18.40,260.62,206.80,386.70
18.40,260.62,207.02,386.80
18.40,260.62,207.23,386.90
18.40,260.62,207.45,387.00
18.40,260.62,207.66,387.10
18.40,260.62,207.88,387.20
18.40,260.62,208.10,387.30
18.40,260.62,208.31,387.40
18.40,260.62,208.53,387.50
18.40,260.62,208.74,387.60
18.40,260.62,208.96,387.70
18.40,260.62,209.18,387.80
18.40,260.62,209.39,387.90
18.40,260.62,209.61,388.00
18.40,260.62,209.82,388.10
18.40,260.62,210.05,388.20
18.40,260.62,210.30,388.30
18.40,260.62,210.54,388.40
18.40,260.62,210.79,388.50
18.40,260.62,211.04,388.60
18.40,260.62,211.29,388.70
18.40,260.62,211.54,388.80
18.40,260.62,211.79,388.90
18.40,260.62,212.04,389.00
18.40,260.62,212.29,389.10
18.40,260.62,212.54,389.20
18.40,260.62,212.79,389.30
18.40,260.62,213.04,389.40
18.40,260.62,213.29,389.50
18.40,260.62,213.54,389.60
18.40,260.62,213.79,389.70
18.40,260.62,214.04,389.80
18.40,260.62,214.29,389.90
18.40,260.62,214.54,390.00
18.40,260.62,214.79,390.10
18.40,260.62,215.04,390.20
18.40,260.62,215.29,390.30
18.40,260.62,215.54,390.40
18.40,260.62,215.79,390.50
18.40,260.62,216.04,390.60
18.40,260.62,216.29,390.70
18.40,260.62,216.54,390.80
18.40,260.62,216.79,390.90
18.40,260.62,217.04,391.00
18.40,260.62,217.29,391.10
18.40,260.62,217.54,391.20
18.40,260.62,217.79,391.30
18.40,260.62,218.04,391.40
18.40,260.62,218.28,391.50
18.40,260.62,218.53,391.60
18.40,260.62,218.78,391.70
18.40,260.62,219.04,391.80
18.40,260.62,219.33,391.90
18.40,260.62,219.62,392.00
18.40,260.62,219.90,392.10
18.40,260.62,220.19,392.20
18.40,260.62,220.48,392.30
18.40,260.62,220.77,392.40
18.40,260.62,221.06,392.50
18.40,260.62,221.34,392.60
18.40,260.62,221.63,392.70
18.40,260.62,221.92,392.80
18.40,260.62,222.21,392.90
18.40,260.62,222.50,393.00
18.40,260.62,222.78,393.10
18.40,260.62,223.07,393.20
18.40,260.62,223.36,393.30
18.40,260.62,223.65,393.40
18.40,260.62,223.94,393.50
18.40,260.62,224.22,393.60
18.40,260.62,224.51,393.70
18.40,260.62,224.80,393.80
18.40,260.62,225.09,393.90
18.40,260.62,225.38,394.00
18.40,260.62,225.67,394.10
18.40,260.62,225.95,394.20
18.40,260.62,226.24,394.30
18.40,260.62,226.53,394.40
18.40,260.62,226.82,394.50
18.40,260.62,227.11,394.60
18.40,260.62,227.39,394.70
18.40,260.62,227.68,394.80
18.40,260.62,227.97,394.90
18.40,260.62,228.26,395.00
18.40,260.62,228.55,395.10
18.40,260.62,228.83,395.20
18.40,260.62,229.12,395.30
18.40,260.62,229.41,395.40
18.40,260.62,229.70,395.50
18.40,260.62,229.99,395.60
18.40,260.62,230.27,395.70
18.40,260.62,230.56,395.80
18.40,260.62,230.85,395.90
18.40,260.62,231.14,396.00
18.40,260.62,231.43,396.10
18.40,260.62,231.72,396.20
18.40,260.62,232.00,396.30
18.40,260.62,232.29,396.40
18.40,260.62,232.58,396.50
18.40,260.62,232.87,396.60
18.40,260.62,233.16,396.70
18.40,260.62,233.44,396.80
18.40,260.62,233.73,396.90
18.40,260.62,234.02,397.00
18.40,260.62,234.31,397.10
18.40,260.62,234.60,397.20
18.40,260.62,234.88,397.30
18.40,260.62,235.17,397.40
18.40,260.62,235.46,397.50
18.40,260.62,235.75,397.60
18.40,260.62,236.04,397.70
18.40,260.62,236.32,397.80
18.40,260.62,236.61,397.90
18.40,260.62,236.90,398.00
18.40,260.62,237.19,398.10
18.40,260.62,237.48,398.20
18.40,260.62,237.76,398.30
18.40,260.62,238.05,398.40
18.40,260.62,238.34,398.50
18.40,260.62,238.63,398.60
18.40,260.62,238.92,398.70
18.40,260.62,239.21,398.80
18.40,260.62,239.49,398.90
18.40,260.62,239.78,399.00
18.40,260.62,240.07,399.10
18.40,260.62,240.36,399.20
18.40,260.62,240.65,399.30
18.40,260.62,240.93,399.40
18.40,260.62,241.22,399.50
18.40,260.62,241.51,399.60
18.40,260.62,241.80,399.70
18.40,260.62,242.09,399.80
18.40,260.62,242.37,399.90
18.40,260.62,242.66,400.00
18.40,260.62,242.95,400.10
18.40,260.62,243.24,400.20
18.40,260.62,243.53,400.30
18.40,260.62,243.81,400.40
18.40,260.62,244.10,400.50
18.40,260.62,244.39,400.60
18.40,260.62,244.68,400.70
18.40,260.62,244.97,400.80
18.40,260.62,245.25,400.90
18.40,260.62,245.54,401.00
18.40,260.62,245.83,401.10
18.40,260.62,246.12,401.20
18.40,260.62,246.41,401.30
18.40,260.62,246.70,401.40
18.40,260.62,246.98,401.50
18.40,260.62,247.27,401.60
18.40,260.62,247.56,401.70
18.40,260.62,247.85,401.80
18.40,260.62,248.14,401.90
18.40,260.62,248.42,402.00
18.40,260.62,248.71,402.10
18.40,260.62,249.00,402.20
18.40,260.62,249.29,402.30
18.40,260.62,249.58,402.40
18.40,260.62,249.86,402.50
18.40,260.62,250.15,402.60
18.40,260.62,250.44,402.70
18.40,260.62,250.73,402.80
18.40,260.62,251.02,402.90
18.40,260.62,251.30,403.00
18.40,260.62,251.59,403.10
18.40,260.62,251.88,403.20
18.40,260.62,252.17,403.30
18.40,260.62,252.46,403.40
18.40,260.62,252.75,403.50
18.40,260.62,253.03,403.60
18.40,260.62,253.32,403.70
18.40,260.62,253.61,403.80
18.40,260.62,253.90,403.90
18.40,260.62,254.19,404.00
18.40,260.62,254.47,404.10
18.40,260.62,254.76,404.20
18.40,260.62,255.05,404.30
18.40,260.62,255.34,404.40
18.40,260.62,255.63,404.50
18.40,260.62,255.91,404.60
18.40,260.62,256.20,404.70
18.40,260.62,256.49,404.80
18.40,260.62,256.78,404.90
18.40,260.62,257.07,405.00
18.40,260.62,257.35,405.10
18.40,260.62,257.64,405.20
18.40,260.62,257.93,405.30
18.40,260.62,258.22,405.40
18.40,260.62,258.51,405.50
18.40,260.62,258.79,405.60
18.40,260.62,259.08,405.70
18.40,260.62,259.37,405.80
18.40,260.62,259.66,405.90
18.40,260.62,259.95,406.00
18.40,260.62,260.24,406.10
18.40,260.62,260.52,406.20
18.40,260.62,260.81,406.30
18.40,260.62,261.10,406.40
18.40,260.62,261.39,406.50
18.40,260.62,261.68,406.60
18.40,260.62,261.96,406.70
18.40,260.62,262.25,406.80
18.40,260.62,262.54,406.90
18.40,260.62,262.83,407.00
18.40,260.62,263.12,407.10
18.40,260.62,263.40,407.20
18.40,260.62,263.69,407.30
18.40,260.62,263.98,407.40
18.40,260.62,264.27,407.50
18.40,260.62,264.56,407.60
18.40,260.62,264.84,407.70
18.40,260.62,265.13,407.80
18.40,260.62,265.42,407.90
18.40,260.62,265.71,408.00
18.40,260.62,266.00,408.10
18.40,260.62,266.29,408.20
18.40,260.62,266.57,408.30
18.40,260.62,266.86,408.40
18.40,260.62,267.15,408.50
18.40,260.62,267.44,408.60
18.40,260.62,267.73,408.70
18.40,260.62,268.01,408.80
18.40,260.62,268.30,408.90
18.40,260.62,268.59,409.00
18.40,260.62,268.88,409.10
18.40,260.62,269.17,409.20
18.40,260.62,269.45,409.30
18.40,260.62,269.74,409.40
18.40,260.62,270.03,409.50
18.40,260.62,270.32,409.60
18.40,260.62,270.61,409.70
18.40,260.62,270.89,409.80
18.40,260.62,271.18,409.90
18.40,260.62,271.47,410.00
18.40,260.62,271.76,410.10
18.40,260.62,272.05,410.20
18.40,260.62,272.33,410.30
18.40,260.62,272.62,410.40
18.40,260.62,272.91,410.50
18.40,260.62,273.20,410.60
18.40,260.62,273.49,410.70
18.40,260.62,273.78,410.80
18.40,260.62,274.06,410.90
18.40,260.62,274.35,411.00
18.40,260.62,274.64,411.10
18.40,260.62,274.93,411.20
18.40,260.62,275.22,411.30
18.40,260.62,275.50,411.40
18.40,260.62,275.79,411.50
18.40,260.62,276.08,411.60
18.40,260.62,276.37,411.70
18.40,260.62,276.66,411.80
18.40,260.62,276.94,411.90
18.40,260.62,277.23,412.00
18.40,260.62,277.52,412.10
18.40,260.62,277.81,412.20
18.40,260.62,278.10,412.30
18.40,260.62,278.38,412.40
18.40,260.62,278.67,412.50
18.40,260.62,278.96,412.60
18.40,260.62,279.25,412.70
18.40,260.62,279.54,412.80
18.40,260.62,279.83,412.90
18.40,260.62,280.11,413.00
18.40,260.62,280.40,413.10
18.40,260.62,280.69,413.20
18.40,260.62,280.98,413.30
18.40,260.62,281.27,413.40
18.40,260.62,281.55,413.50
18.40,260.62,281.84,413.60
18.40,260.62,282.13,413.70
18.40,260.62,282.42,413.80
18.40,260.62,282.71,413.90
18.40,260.62,282.99,414.00
18.40,260.62,283.28,414.10
18.40,260.62,283.57,414.20
18.40,260.62,283.86,414.30
18.40,260.62,284.15,414.40
18.40,260.62,284.43,414.50
18.40,260.62,284.72,414.60
18.40,260.62,285.01,414.70
18.40,260.62,285.30,414.80
18.40,260.62,285.59,414.90
18.40,260.62,285.87,415.00
18.40,260.62,286.16,415.10
18.40,260.62,286.45,415.20
18.40,260.62,286.74,415.30
18.40,260.62,287.03,415.40
18.40,260.62,287.32,415.50
18.40,260.62,287.60,415.60
18.40,260.62,287.89,415.70
18.40,260.62,288.18,415.80
18.40,260.62,288.47,415.90
18.40,260.62,288.76,416.00
18.40,260.62,289.04,416.10
18.40,260.62,289.33,416.20
18.40,260.62,289.62,416.30
18.40,260.62,289.91,416.40
18.40,260.62,290.20,416.50
18.40,260.62,290.48,416.60
18.40,260.62,290.77,416.70
18.40,260.62,291.06,416.80
18.40,260.62,291.35,416.90
18.40,260.62,291.64,417.00
18.40,260.62,291.92,417.10
18.40,260.62,292.21,417.20
18.40,260.62,292.50,417.30
18.40,260.62,292.79,417.40
18.40,260.62,293.08,417.50
18.40,260.62,293.37,417.60
18.40,260.62,293.65,417.70
18.40,260.62,293.94,417.80
18.40,260.62,294.23,417.90
18.40,260.62,294.52,418.00
18.40,260.62,294.81,418.10
18.40,260.62,295.09,418.20
18.40,260.62,295.38,418.30
18.40,260.62,295.67,418.40
18.40,260.62,295.96,418.50
18.40,260.62,296.25,418.60
18.40,260.62,296.53,418.70
18.40,260.62,296.82,418.80
18.40,260.62,297.11,418.90
18.40,260.62,297.40,419.00
18.40,260.62,297.69,419.10
18.40,260.62,297.97,419.20
18.40,260.62,298.26,419.30
18.40,260.62,298.55,419.40
18.40,260.62,298.84,419.50
18.40,260.62,299.13,419.60
18.40,260.62,299.41,419.70
18.40,260.62,299.70,419.80
18.40,260.62,299.99,419.90
18.40,260.62,300.28,420.00
18.40,260.62,300.57,420.10
18.40,260.62,300.86,420.20
18.40,260.62,301.14,420.30
18.40,260.62,301.43,420.40
18.40,260.62,301.72,420.50
18.40,260.62,302.01,420.60
18.40,260.62,302.30,420.70
18.40,260.62,302.58,420.80
18.40,260.62,302.87,420.90
18.40,260.62,303.16,421.00
18.40,260.62,303.45,421.10
18.40,260.62,303.74,421.20
18.40,260.62,304.02,421.30
18.40,260.62,304.31,421.40
18.40,260.62,304.60,421.50
18.40,260.62,304.89,421.60
18.40,260.62,305.18,421.70
18.40,260.62,305.46,421.80
18.40,260.62,305.75,421.90
18.40,260.62,306.04,422.00
18.40,260.62,306.33,422.10
18.40,260.62,306.62,422.20
18.40,260.62,306.91,422.30
18.40,260.62,307.19,422.40
18.40,260.62,307.48,422.50
18.40,260.62,307.77,422.60
18.40,260.62,308.06,422.70
18.40,260.62,308.35,422.80
18.40,260.62,308.63,422.90
18.40,260.62,308.92,423.00
18.40,260.62,309.21,423.10
18.40,260.62,309.50,423.20
18.40,260.62,309.79,423.30
18.40,260.62,310.07,423.40
18.40,260.62,310.36,423.50
18.40,260.62,310.65,423.60
18.40,260.62,310.94,423.70
18.40,260.62,311.23,423.80
18.40,260.62,311.51,423.90
18.40,260.62,311.80,424.00
18.40,260.62,312.09,424.10
18.40,260.62,312.38,424.20
18.40,260.62,312.67,424.30
18.40,260.62,312.95,424.40
18.40,260.62,313.24,424.50
18.40,260.62,313.53,424.60
18.40,260.62,313.82,424.70
18.40,260.62,314.11,424.80
18.40,260.62,314.40,424.90
18.40,260.62,314.68,425.00
18.40,260.62,314.97,425.10
18.40,260.62,315.26,425.20
18.40,260.62,315.55,425.30
18.40,260.62,315.84,425.40
18.40,260.62,316.12,425.50
18.40,260.62,316.41,425.60
18.40,260.62,316.70,425.70
18.40,260.62,316.99,425.80
18.40,260.62,317.28,425.90
18.40,260.62,317.56,426.00
18.40,260.62,317.85,426.10
18.40,260.62,318.14,426.20
18.40,260.62,318.43,426.30
18.40,260.62,318.72,426.40
18.40,260.62,319.00,426.50
18.40,260.62,319.29,426.60
18.40,260.62,319.58,426.70
18.40,260.62,319.87,426.80
18.40,260.62,320.16,426.90
18.40,260.62,320.45,427.00
18.40,260.62,320.73,427.10
18.40,260.62,321.02,427.20
18.40,260.62,321.31,427.30
18.40,260.62,321.60,427.40
18.40,260.62,321.89,427.50
18.40,260.62,322.17,427.60
18.40,260.62,322.46,427.70
18.40,260.62,322.75,427.80
18.40,260.62,323.04,427.90
18.40,260.62,323.33,428.00
18.40,260.62,323.61,428.10
18.40,260.62,323.90,428.20
18.40,260.62,324.19,428.30
18.40,260.62,324.48,428.40
18.40,260.62,324.77,428.50
18.40,260.62,325.05,428.60
18.40,260.62,325.34,428.70
18.40,260.62,325.63,428.80
18.40,260.62,325.92,428.90
18.40,260.62,326.21,429.00
18.40,260.62,326.49,429.10
18.40,260.62,326.78,429.20
18.40,260.62,327.07,429.30
18.40,260.62,327.36,429.40
18.40,260.62,327.65,429.50
18.40,260.62,327.94,429.60
18.40,260.62,328.22,429.70
18.40,260.62,328.51,429.80
18.40,260.62,328.80,429.90
18.40,260.62,329.09,430.00
18.40,260.62,329.38,430.10
18.40,260.62,329.66,430.20
18.40,260.62,329.95,430.30
18.40,260.62,330.24,430.40
18.40,260.62,330.53,430.50
18.40,260.62,330.82,430.60
18.40,260.62,331.10,430.70
18.40,260.62,331.39,430.80
18.40,260.62,331.68,430.90
18.40,260.62,331.97,431.00
18.40,260.62,332.26,431.10
18.40,260.62,332.54,431.20
18.40,260.62,332.83,431.30
18.40,260.62,333.12,431.40
18.40,260.62,333.41,431.50
18.40,260.62,333.70,431.60
18.40,260.62,333.99,431.70
18.40,260.62,334.27,431.80
18.40,260.62,334.56,431.90
18.40,260.62,334.85,432.00
18.40,260.62,335.14,432.10
18.40,260.62,335.43,432.20
18.40,260.62,335.71,432.30
18.40,260.62,336.00,432.40
18.40,260.62,336.29,432.50
18.40,260.62,336.58,432.60
18.40,260.62,336.87,432.70
18.40,260.62,337.15,432.80
18.40,260.62,337.44,432.90
18.40,260.62,337.73,433.00
18.40,260.62,338.02,433.10
18.40,260.62,338.31,433.20
18.40,260.62,338.59,433.30
18.40,260.62,338.88,433.40
18.40,260.62,339.17,433.50
18.40,260.62,339.46,433.60
18.40,260.62,339.75,433.70
18.40,260.62,340.03,433.80
18.40,260.62,340.32,433.90
18.40,260.62,340.61,434.00
18.40,260.62,340.90,434.10
18.40,260.62,341.19,434.20
18.40,260.62,341.48,434.30
18.40,260.62,341.76,434.40
18.40,260.62,342.05,434.50
18.40,260.62,342.34,434.60
18.40,260.62,342.63,434.70
18.40,260.62,342.92,434.80
18.40,260.62,343.20,434.90
18.40,260.62,343.49,435.00
18.40,260.62,343.78,435.10
18.40,260.62,344.07,435.20
18.40,260.62,344.36,435.30
18.40,260.62,344.64,435.40
18.40,260.62,344.93,435.50
18.40,260.62,345.22,435.60
18.40,260.62,345.51,435.70
18.40,260.62,345.80,435.80
18.40,260.62,346.08,435.90
18.40,260.62,346.37,436.00
18.40,260.62,346.66,436.10
18.40,260.62,346.95,436.20
18.40,260.62,347.24,436.30
18.40,260.62,347.53,436.40
18.40,260.62,347.81,436.50
18.40,260.62,348.10,436.60
18.40,260.62,348.39,436.70
18.40,260.62,348.68,436.80
18.40,260.62,348.97,436.90
18.40,260.62,349.25,437.00
18.40,260.62,349.54,437.10
18.40,260.62,349.83,437.20
18.40,260.62,350.12,437.30
18.40,260.62,350.41,437.40
18.40,260.62,350.69,437.50
18.40,260.62,350.98,437.60
18.40,260.62,351.27,437.70
18.40,260.62,351.56,437.80
18.40,260.62,351.85,437.90
18.40,260.62,352.13,438.00
18.40,260.62,352.42,438.10
18.40,260.62,352.71,438.20
18.40,260.62,353.00,438.30
18.40,260.62,353.38,438.40
18.40,260.62,353.75,438.50
18.40,260.62,354.13,438.60
18.40,260.62,354.51,438.70
18.40,260.62,354.89,438.80
18.40,260.62,355.26,438.90
18.40,260.62,355.64,439.00
18.40,260.62,356.02,439.10
18.40,260.62,356.39,439.20
18.40,260.62,356.77,439.30
18.40,260.62,357.15,439.40
18.40,260.62,357.53,439.50
18.40,260.62,357.90,439.60
18.40,260.62,358.28,439.70
18.40,260.62,358.66,439.80
18.40,260.62,359.04,439.90
18.40,260.62,359.41,440.00
18.40,260.62,359.79,440.10
18.40,260.62,360.17,440.20
18.40,260.62,360.55,440.30
18.40,260.62,360.92,440.40
18.40,260.62,361.30,440.50
18.40,260.62,361.68,440.60
18.40,260.62,362.06,440.70
18.40,260.62,362.43,440.80
18.40,260.62,362.81,440.90
18.40,260.62,363.19,441.00
18.40,260.62,363.56,441.10
18.40,260.62,363.94,441.20
18.40,260.62,364.32,441.30
18.40,260.62,364.70,441.40
18.40,260.62,365.07,441.50
18.40,260.62,365.45,441.60
18.40,260.62,365.83,441.70
18.40,260.62,366.17,441.80
18.40,260.62,366.48,441.90
18.40,260.62,366.78,442.00
18.40,260.62,367.09,442.10
18.40,260.62,367.40,442.20
18.40,260.62,367.71,442.30
18.40,260.62,368.01,442.40
18.40,260.62,368.32,442.50
18.40,260.62,368.63,442.60
18.40,260.62,368.93,442.70
18.40,260.62,369.24,442.80
18.40,260.62,369.55,442.90
18.40,260.62,369.86,443.00
18.40,260.62,370.16,443.10
18.40,260.62,370.47,443.20
18.40,260.62,370.78,443.30
18.40,260.62,371.09,443.40
18.40,260.62,371.39,443.50
18.40,260.62,371.70,443.60
18.40,260.62,372.01,443.70
18.40,260.62,372.32,443.80
18.40,260.62,372.62,443.90
18.40,260.62,372.93,444.00
18.40,260.62,373.24,444.10
18.40,260.62,373.55,444.20
18.40,260.62,373.85,444.30
18.40,260.62,374.16,444.40
18.40,260.62,374.47,444.50
18.40,260.62,374.78,444.60
18.40,260.62,375.08,444.70
18.40,260.62,375.39,444.80
18.40,260.62,375.70,444.90
18.40,260.62,376.01,445.00
18.40,260.62,376.31,445.10
18.40,260.62,376.62,445.20
18.40,260.62,376.93,445.30
18.40,260.62,377.24,445.40
18.40,260.62,377.54,445.50
18.40,260.62,377.85,445.60
18.40,260.62,378.16,445.70
18.40,260.62,378.47,445.80
18.40,260.62,378.77,445.90
18.40,260.62,379.08,446.00
18.40,260.62,379.39,446.10
18.40,260.62,379.70,446.20
18.40,260.62,380.00,446.30
18.40,260.62,380.31,446.40
18.40,260.62,380.62,446.50
18.40,260.62,380.93,446.60
18.40,260.62,381.28,446.70
18.40,260.62,381.64,446.80
18.40,260.62,382.00,446.90
18.40,260.62,382.37,447.00
18.40,260.62,382.73,447.10
18.40,260.62,383.10,447.20
18.40,260.62,383.46,447.30
18.40,260.62,383.83,447.40
18.40,260.62,384.19,447.50
18.40,260.62,384.56,447.60
18.40,260.62,384.92,447.70
18.40,260.62,385.29,447.80
18.40,260.62,385.65,447.90
18.40,260.62,386.02,448.00
18.40,260.62,386.38,448.10
18.40,260.62,386.75,448.20
18.40,260.62,387.11,448.30
18.40,260.62,387.47,448.40
18.40,260.62,387.84,448.50
18.40,260.62,388.20,448.60
18.40,260.62,388.57,448.70
18.40,260.62,388.93,448.80
18.40,260.62,389.30,448.90
18.40,260.62,389.66,449.00
18.40,260.62,390.03,449.10
18.40,260.62,390.39,449.20
18.40,260.62,390.76,449.30
18.40,260.62,391.12,449.40
18.40,260.62,391.49,449.50
18.40,260.62,391.85,449.60
18.40,260.62,392.21,449.70
18.40,260.62,392.58,449.80
18.40,260.62,392.94,449.90
