dist,depth,avlon,avlat
-3.0,-0.2,80.8,29.7
-2.9,-0.2,80.8,29.7
-2.8,-0.2,80.8,29.7
-2.7,-0.2,80.8,29.7
-2.6,-0.2,80.8,29.7
-2.5,-0.2,80.8,29.7
-2.4,-0.2,80.8,29.7
-2.3,-0.2,80.8,29.7
-2.2,-0.2,80.8,29.7
-2.1,-0.2,80.8,29.7
-2.0,-0.3,80.8,29.7
-1.9,-0.3,80.8,29.7
-1.8,-0.3,80.8,29.7
-1.7,-0.3,80.8,29.7
-1.6,-0.3,80.8,29.7
-1.5,-0.3,80.8,29.7
-1.4,-0.3,80.8,29.7
-1.3,-0.3,80.8,29.7
-1.2,-0.3,80.8,29.7
-1.1,-0.3,80.8,29.7
-1.0,-0.3,80.8,29.7
-0.9,-0.3,80.8,29.7
-0.8,-0.3,80.8,29.7
-0.7,-0.3,80.8,29.7
-0.6,-0.3,80.8,29.7
-0.5,-0.3,80.8,29.7
-0.4,-0.2,80.8,29.7
-0.3,-0.1,80.8,29.7
-0.2,-0.0,80.8,29.7
-0.1,0.1,80.8,29.7
0.0,0.2,80.8,29.7
0.1,0.3,80.8,29.7
0.2,0.4,80.8,29.7
0.3,0.5,80.8,29.7
0.4,0.6,80.8,29.7
0.5,0.7,80.8,29.7
0.6,0.8,80.8,29.7
0.7,0.9,80.8,29.7
0.8,1.0,80.8,29.7
0.9,1.1,80.8,29.7
1.0,1.2,80.8,29.7
1.1,1.3,80.8,29.7
1.2,1.7,80.8,29.7
1.3,1.6,80.8,29.7
1.4,1.5,80.8,29.7
1.5,1.4,80.8,29.7
1.6,1.3,80.8,29.7
1.7,1.2,80.8,29.7
1.8,1.1,80.8,29.7
1.9,1.1,80.8,29.7
2.0,1.1,80.8,29.7
2.1,1.0,80.8,29.7
2.2,1.0,80.8,29.7
2.3,0.9,80.8,29.7
2.4,0.9,80.8,29.7
2.5,0.9,80.8,29.7
2.6,0.9,80.8,29.7
2.7,1.0,80.8,29.7
2.8,1.1,80.8,29.7
2.9,1.1,80.8,29.7
3.0,1.2,80.8,29.7
3.1,1.3,80.8,29.7
3.2,1.3,80.8,29.7
3.3,1.5,80.8,29.7
3.4,1.6,80.8,29.7
3.5,1.8,80.8,29.7
3.6,2.0,80.8,29.7
3.7,2.2,80.8,29.7
3.8,2.6,80.8,29.7
3.9,2.6,80.8,29.7
4.0,2.5,80.8,29.7
4.1,2.5,80.8,29.7
4.2,2.5,80.8,29.7
4.3,2.5,80.8,29.7
4.4,2.4,80.8,29.7
4.5,2.4,80.8,29.7
4.6,2.4,80.8,29.7
4.7,2.4,80.8,29.7
4.8,2.3,80.8,29.7
4.9,2.3,80.8,29.7
5.0,2.3,80.8,29.7
5.1,2.2,80.8,29.7
5.2,2.2,80.8,29.7
5.3,2.2,80.8,29.7
5.4,2.2,80.8,29.7
5.5,2.1,80.8,29.7
5.6,2.1,80.8,29.7
5.7,2.4,80.8,29.7
5.8,2.7,80.8,29.7
5.9,2.9,80.8,29.7
6.0,3.2,80.8,29.7
6.1,3.5,80.8,29.7
6.2,3.7,80.8,29.7
6.3,3.7,80.8,29.7
6.4,3.5,80.8,29.7
6.5,3.3,80.8,29.7
6.6,3.1,80.8,29.7
6.7,2.9,80.8,29.7
6.8,2.7,80.8,29.7
6.9,3.6,80.8,29.7
7.0,3.7,80.8,29.7
7.1,3.7,80.8,29.7
7.2,3.7,80.8,29.7
7.3,3.7,80.8,29.7
7.4,3.7,80.8,29.7
7.5,3.7,80.8,29.7
7.6,3.7,80.8,29.7
7.7,3.7,80.8,29.7
7.8,3.7,80.8,29.7
7.9,3.7,80.8,29.7
8.0,3.7,80.8,29.7
8.1,3.7,80.8,29.7
8.2,3.7,80.8,29.7
8.3,3.7,80.8,29.7
8.4,3.7,80.8,29.7
8.5,3.7,80.8,29.7
8.6,3.7,80.8,29.7
8.7,3.8,80.8,29.7
8.8,3.8,80.8,29.7
8.9,3.8,80.8,29.7
9.0,3.8,80.8,29.7
9.1,3.8,80.8,29.7
9.2,3.8,80.8,29.7
9.3,3.8,80.8,29.7
9.4,3.8,80.8,29.7
9.5,3.9,80.8,29.7
9.6,3.9,80.8,29.7
9.7,3.9,80.8,29.7
9.8,4.1,80.8,29.7
9.9,4.2,80.8,29.7
10.0,4.3,80.8,29.7
10.1,4.4,80.8,29.7
10.2,4.5,80.8,29.7
10.3,4.6,80.8,29.7
10.4,4.6,80.8,29.7
10.5,4.7,80.8,29.7
10.6,4.8,80.8,29.7
10.7,4.9,80.8,29.7
10.8,4.9,80.8,29.7
10.9,5.0,80.8,29.7
11.0,5.0,80.8,29.7
11.1,5.0,80.8,29.7
11.2,4.9,80.8,29.7
11.3,4.9,80.8,29.7
11.4,4.9,80.8,29.7
11.5,4.9,80.8,29.7
11.6,4.9,80.8,29.7
11.7,4.9,80.8,29.7
11.8,4.9,80.8,29.7
11.9,4.8,80.8,29.7
12.0,4.8,80.8,29.7
12.1,4.8,80.8,29.7
12.2,4.8,80.8,29.7
12.3,4.8,80.8,29.7
12.4,4.8,80.8,29.7
12.5,4.8,80.8,29.7
12.6,4.8,80.8,29.7
12.7,4.8,80.8,29.7
12.8,4.8,80.8,29.7
12.9,4.8,80.8,29.7
13.0,4.8,80.8,29.7
13.1,4.8,80.8,29.7
13.2,4.8,80.8,29.7
13.3,4.8,80.8,29.7
13.4,4.8,80.8,29.7
13.5,4.8,80.8,29.7
13.6,4.9,80.8,29.7
13.7,4.9,80.8,29.7
13.8,4.9,80.8,29.7
13.9,4.9,80.8,29.7
14.0,4.9,80.8,29.7
14.1,4.9,80.8,29.7
14.2,4.9,80.8,29.7
14.3,4.9,80.8,29.7
14.4,4.9,80.8,29.7
14.5,5.0,80.8,29.7
14.6,5.3,80.8,29.7
14.7,5.2,80.8,29.7
14.8,5.1,80.8,29.7
14.9,5.1,80.8,29.7
15.0,5.0,80.8,29.7
15.1,5.0,80.8,29.7
15.2,4.9,80.8,29.7
15.3,4.9,80.8,29.7
15.4,4.9,80.8,29.7
15.5,4.9,80.8,29.7
15.6,4.9,80.8,29.7
15.7,4.9,80.8,29.7
15.8,5.0,80.8,29.7
15.9,5.0,80.8,29.7
16.0,5.0,80.8,29.7
16.1,5.0,80.8,29.7
16.2,5.0,80.8,29.7
16.3,5.1,80.8,29.7
16.4,5.1,80.8,29.7
16.5,5.1,80.8,29.7
16.6,5.1,80.8,29.7
16.7,5.1,80.8,29.7
16.8,5.1,80.8,29.7
16.9,5.0,80.8,29.7
17.0,4.9,80.8,29.7
17.1,4.8,80.8,29.7
17.2,4.8,80.8,29.7
17.3,4.8,80.8,29.7
17.4,4.8,80.8,29.7
17.5,4.9,80.8,29.7
17.6,4.9,80.8,29.7
17.7,4.9,80.8,29.7
17.8,4.9,80.8,29.7
17.9,4.9,80.8,29.7
18.0,4.9,80.8,29.7
18.1,4.9,80.8,29.7
18.2,4.9,80.8,29.7
18.3,4.9,80.8,29.7
18.4,4.9,80.8,29.7
18.5,4.9,80.8,29.7
18.6,5.0,80.8,29.7
18.7,5.0,80.8,29.7
18.8,5.1,80.8,29.7
18.9,5.2,80.8,29.7
19.0,5.3,80.8,29.7
19.1,5.3,80.8,29.7
19.2,5.2,80.8,29.7
19.3,5.2,80.8,29.7
19.4,5.1,80.8,29.7
19.5,5.1,80.8,29.7
19.6,5.1,80.8,29.7
19.7,5.1,80.8,29.7
19.8,5.1,80.8,29.7
19.9,5.0,80.8,29.7
20.0,5.0,80.8,29.7
20.1,5.0,80.8,29.7
20.2,5.0,80.8,29.7
20.3,5.0,80.8,29.7
20.4,5.0,80.8,29.7
20.5,5.0,80.8,29.7
20.6,5.0,80.8,29.7
20.7,5.0,80.8,29.7
20.8,5.0,80.8,29.7
20.9,5.0,80.8,29.7
21.0,5.1,80.8,29.7
21.1,5.1,80.8,29.7
21.2,5.1,80.8,29.7
21.3,5.1,80.8,29.7
21.4,5.1,80.8,29.7
21.5,5.1,80.8,29.7
21.6,5.1,80.8,29.7
21.7,5.1,80.8,29.7
21.8,5.1,80.8,29.7
21.9,5.1,80.8,29.7
22.0,5.1,80.8,29.7
22.1,5.1,80.8,29.7
22.2,5.1,80.8,29.7
22.3,5.1,80.8,29.7
22.4,5.1,80.8,29.7
22.5,5.1,80.8,29.7
22.6,5.1,80.8,29.7
22.7,5.1,80.8,29.7
22.8,5.1,80.8,29.7
22.9,5.1,80.8,29.7
23.0,5.0,80.8,29.7
23.1,5.0,80.8,29.7
23.2,5.0,80.8,29.7
23.3,5.0,80.8,29.7
23.4,5.0,80.8,29.7
23.5,5.0,80.8,29.7
23.6,5.0,80.8,29.7
23.7,5.0,80.8,29.7
23.8,5.0,80.8,29.7
23.9,5.0,80.8,29.7
24.0,5.0,80.8,29.7
24.1,5.0,80.8,29.7
24.2,5.0,80.8,29.7
24.3,5.0,80.8,29.7
24.4,5.1,80.8,29.7
24.5,5.1,80.8,29.7
24.6,5.1,80.8,29.7
24.7,5.1,80.8,29.7
24.8,5.1,80.8,29.7
24.9,5.1,80.8,29.7
25.0,5.1,80.8,29.7
25.1,5.2,80.8,29.7
25.2,5.2,80.8,29.7
25.3,5.2,80.8,29.7
25.4,5.2,80.8,29.7
25.5,5.2,80.8,29.7
25.6,5.2,80.8,29.7
25.7,5.2,80.8,29.7
25.8,5.1,80.8,29.7
25.9,5.1,80.8,29.7
26.0,5.1,80.8,29.7
26.1,5.1,80.8,29.7
26.2,5.1,80.8,29.7
26.3,5.1,80.8,29.7
26.4,5.1,80.8,29.7
26.5,5.1,80.8,29.7
26.6,5.1,80.8,29.7
26.7,5.1,80.8,29.7
26.8,5.1,80.8,29.7
26.9,5.1,80.8,29.7
27.0,5.1,80.8,29.7
27.1,5.1,80.8,29.7
27.2,5.1,80.8,29.7
27.3,5.1,80.8,29.7
27.4,5.1,80.8,29.7
27.5,5.1,80.8,29.7
27.6,5.1,80.8,29.7
27.7,5.1,80.8,29.7
27.8,5.1,80.8,29.7
27.9,5.1,80.8,29.7
28.0,5.1,80.8,29.7
28.1,5.1,80.8,29.7
28.2,5.1,80.8,29.7
28.3,5.1,80.8,29.7
28.4,5.2,80.8,29.7
28.5,5.2,80.8,29.7
28.6,5.2,80.8,29.7
28.7,5.2,80.8,29.7
28.8,5.2,80.8,29.7
28.9,5.2,80.8,29.7
29.0,5.2,80.8,29.7
29.1,5.2,80.8,29.7
29.2,5.2,80.8,29.7
29.3,5.2,80.8,29.7
29.4,5.2,80.8,29.7
29.5,5.1,80.8,29.7
29.6,5.1,80.8,29.7
29.7,5.2,80.8,29.7
29.8,5.2,80.8,29.7
29.9,5.2,80.8,29.7
30.0,5.2,80.8,29.7
30.1,5.2,80.8,29.7
30.2,5.2,80.8,29.7
30.3,5.2,80.8,29.7
30.4,5.2,80.8,29.7
30.5,5.2,80.8,29.7
30.6,5.2,80.8,29.7
30.7,5.3,80.8,29.7
30.8,5.3,80.8,29.7
30.9,5.3,80.8,29.7
31.0,5.3,80.8,29.7
31.1,5.3,80.8,29.7
31.2,5.3,80.8,29.7
31.3,5.3,80.8,29.7
31.4,5.3,80.8,29.7
31.5,5.3,80.8,29.7
31.6,5.3,80.8,29.7
31.7,5.3,80.8,29.7
31.8,5.4,80.8,29.7
31.9,5.4,80.8,29.7
32.0,5.4,80.8,29.7
32.1,5.4,80.8,29.7
32.2,5.4,80.8,29.7
32.3,5.4,80.8,29.7
32.4,5.4,80.8,29.7
32.5,5.4,80.8,29.7
32.6,5.4,80.8,29.7
32.7,5.5,80.8,29.7
32.8,5.5,80.8,29.7
32.9,5.5,80.8,29.7
33.0,5.4,80.8,29.7
33.1,5.4,80.8,29.7
33.2,5.4,80.8,29.7
33.3,5.3,80.8,29.7
33.4,5.3,80.8,29.7
33.5,5.3,80.8,29.7
33.6,5.3,80.8,29.7
33.7,5.3,80.8,29.7
33.8,5.3,80.8,29.7
33.9,5.4,80.8,29.7
34.0,5.4,80.8,29.7
34.1,5.4,80.8,29.7
34.2,5.4,80.8,29.7
34.3,5.4,80.8,29.7
34.4,5.4,80.8,29.7
34.5,5.4,80.8,29.7
34.6,5.4,80.8,29.7
34.7,5.5,80.8,29.7
34.8,5.5,80.8,29.7
34.9,5.5,80.8,29.7
35.0,5.5,80.8,29.7
35.1,5.5,80.8,29.7
35.2,5.5,80.8,29.7
35.3,5.6,80.8,29.7
35.4,5.6,80.8,29.7
35.5,5.6,80.8,29.7
35.6,5.6,80.8,29.7
35.7,5.6,80.8,29.7
35.8,5.6,80.8,29.7
35.9,5.7,80.8,29.7
36.0,5.7,80.8,29.7
36.1,5.7,80.8,29.7
36.2,5.7,80.8,29.7
36.3,5.7,80.8,29.7
36.4,5.7,80.8,29.7
36.5,5.8,80.8,29.7
36.6,5.8,80.8,29.7
36.7,5.7,80.8,29.7
36.8,5.6,80.8,29.7
36.9,5.6,80.8,29.7
37.0,5.7,80.8,29.7
37.1,5.7,80.8,29.7
37.2,5.7,80.8,29.7
37.3,5.7,80.8,29.7
37.4,5.6,80.8,29.7
37.5,5.6,80.8,29.7
37.6,5.6,80.8,29.7
37.7,5.6,80.8,29.7
37.8,5.6,80.8,29.7
37.9,5.6,80.8,29.7
38.0,5.5,80.8,29.7
38.1,5.5,80.8,29.7
38.2,5.6,80.8,29.7
38.3,5.6,80.8,29.7
38.4,5.6,80.8,29.7
38.5,5.7,80.8,29.7
38.6,5.7,80.8,29.7
38.7,5.7,80.8,29.7
38.8,5.7,80.8,29.7
38.9,5.8,80.8,29.7
39.0,5.8,80.8,29.7
39.1,5.8,80.8,29.7
39.2,5.8,80.8,29.7
39.3,5.9,80.8,29.7
39.4,5.9,80.8,29.7
39.5,5.9,80.8,29.7
39.6,5.9,80.8,29.7
39.7,5.9,80.8,29.7
39.8,5.9,80.8,29.7
39.9,5.9,80.8,29.7
40.0,5.8,80.8,29.7
40.1,5.8,80.8,29.7
40.2,5.8,80.8,29.7
40.3,5.8,80.8,29.7
40.4,5.7,80.8,29.7
40.5,5.7,80.8,29.7
40.6,5.7,80.8,29.7
40.7,5.8,80.8,29.7
40.8,5.8,80.8,29.7
40.9,5.8,80.8,29.7
41.0,5.8,80.8,29.7
41.1,5.8,80.8,29.7
41.2,5.8,80.8,29.7
41.3,5.8,80.8,29.7
41.4,5.8,80.8,29.7
41.5,5.8,80.8,29.7
41.6,5.8,80.8,29.7
41.7,5.8,80.8,29.7
41.8,5.8,80.8,29.7
41.9,5.8,80.8,29.7
42.0,5.8,80.8,29.7
42.1,5.8,80.8,29.7
42.2,5.8,80.8,29.7
42.3,5.8,80.8,29.7
42.4,6.1,80.8,29.7
42.5,6.1,80.8,29.7
42.6,6.0,80.8,29.7
42.7,6.0,80.8,29.7
42.8,6.0,80.8,29.7
42.9,6.0,80.8,29.7
43.0,6.0,80.8,29.7
43.1,5.9,80.8,29.7
43.2,5.9,80.8,29.7
43.3,5.8,80.8,29.7
43.4,5.8,80.8,29.7
43.5,5.8,80.8,29.7
43.6,5.9,80.8,29.7
43.7,5.9,80.8,29.7
43.8,5.9,80.8,29.7
43.9,5.9,80.8,29.7
44.0,6.0,80.8,29.7
44.1,6.0,80.8,29.7
44.2,6.0,80.8,29.7
44.3,6.0,80.8,29.7
44.4,6.1,80.8,29.7
44.5,6.1,80.8,29.7
44.6,6.1,80.8,29.7
44.7,6.1,80.8,29.7
44.8,6.1,80.8,29.7
44.9,6.2,80.8,29.7
45.0,6.2,80.8,29.7
45.1,6.2,80.8,29.7
45.2,6.2,80.8,29.7
45.3,6.2,80.8,29.7
45.4,6.2,80.8,29.7
45.5,6.1,80.8,29.7
45.6,6.1,80.8,29.7
45.7,6.0,80.8,29.7
45.8,6.0,80.8,29.7
45.9,6.1,80.8,29.7
46.0,6.1,80.8,29.7
46.1,6.2,80.8,29.7
46.2,6.2,80.8,29.7
46.3,6.3,80.8,29.7
46.4,6.3,80.8,29.7
46.5,6.4,80.8,29.7
46.6,6.5,80.8,29.7
46.7,6.6,80.8,29.7
46.8,6.7,80.8,29.7
46.9,6.8,80.8,29.7
47.0,6.9,80.8,29.7
47.1,7.0,80.8,29.7
47.2,7.1,80.8,29.7
47.3,7.1,80.8,29.7
47.4,7.2,80.8,29.7
47.5,7.3,80.8,29.7
47.6,7.4,80.8,29.7
47.7,7.3,80.8,29.7
47.8,7.3,80.8,29.7
47.9,7.3,80.8,29.7
48.0,7.3,80.8,29.7
48.1,7.2,80.8,29.7
48.2,7.2,80.8,29.7
48.3,7.2,80.8,29.7
48.4,7.2,80.8,29.7
48.5,7.3,80.8,29.7
48.6,7.4,80.8,29.7
48.7,7.5,80.8,29.7
48.8,7.6,80.8,29.7
48.9,7.6,80.8,29.7
49.0,7.7,80.8,29.7
49.1,7.7,80.8,29.7
49.2,7.7,80.8,29.7
49.3,7.7,80.8,29.7
49.4,7.7,80.8,29.7
49.5,7.8,80.8,29.7
49.6,7.8,80.8,29.7
49.7,7.8,80.8,29.7
49.8,7.8,80.8,29.7
49.9,7.6,80.8,29.7
50.0,7.7,80.8,29.7
50.1,7.8,80.8,29.7
50.2,7.8,80.8,29.7
50.3,7.9,80.8,29.7
50.4,8.0,80.8,29.7
50.5,8.1,80.8,29.7
50.6,8.2,80.8,29.7
50.7,8.2,80.8,29.7
50.8,8.3,80.8,29.7
50.9,8.4,80.8,29.7
51.0,8.5,80.8,29.7
51.1,8.6,80.8,29.7
51.2,8.6,80.8,29.7
51.3,8.7,80.8,29.7
51.4,8.8,80.8,29.7
51.5,8.9,80.8,29.7
51.6,9.0,80.8,29.7
51.7,9.1,80.8,29.7
51.8,9.2,80.8,29.7
51.9,9.3,80.8,29.7
52.0,9.4,80.8,29.7
52.1,9.4,80.8,29.7
52.2,9.4,80.8,29.7
52.3,9.4,80.8,29.7
52.4,9.4,80.8,29.7
52.5,9.5,80.8,29.7
52.6,9.5,80.8,29.7
52.7,9.5,80.8,29.7
52.8,9.5,80.8,29.7
52.9,9.5,80.8,29.7
53.0,9.5,80.8,29.7
53.1,9.5,80.8,29.7
53.2,9.5,80.8,29.7
53.3,9.5,80.8,29.7
53.4,9.5,80.8,29.7
53.5,9.5,80.8,29.7
53.6,9.5,80.8,29.7
53.7,9.6,80.8,29.7
53.8,9.6,80.8,29.7
53.9,9.6,80.8,29.7
54.0,9.7,80.8,29.7
54.1,9.7,80.8,29.7
54.2,9.8,80.8,29.7
54.3,9.8,80.8,29.7
54.4,9.9,80.8,29.7
54.5,9.9,80.8,29.7
54.6,10.0,80.8,29.7
54.7,10.0,80.8,29.7
54.8,9.7,80.8,29.7
54.9,9.8,80.8,29.7
55.0,9.9,80.8,29.7
55.1,9.9,80.8,29.7
55.2,10.0,80.8,29.7
55.3,10.1,80.8,29.7
55.4,10.2,80.8,29.7
55.5,10.3,80.8,29.7
55.6,10.3,80.8,29.7
55.7,10.4,80.8,29.7
55.8,10.4,80.8,29.7
55.9,10.4,80.8,29.7
56.0,10.3,80.8,29.7
56.1,10.2,80.8,29.7
56.2,10.2,80.8,29.7
56.3,10.2,80.8,29.7
56.4,10.2,80.8,29.7
56.5,10.3,80.8,29.7
56.6,10.3,80.8,29.7
56.7,10.3,80.8,29.7
56.8,10.3,80.8,29.7
56.9,10.3,80.8,29.7
57.0,10.3,80.8,29.7
57.1,10.3,80.8,29.7
57.2,10.3,80.8,29.7
57.3,10.3,80.8,29.7
57.4,10.4,80.8,29.7
57.5,10.4,80.8,29.7
57.6,10.4,80.8,29.7
57.7,10.4,80.8,29.7
57.8,10.3,80.8,29.7
57.9,10.4,80.8,29.7
58.0,10.4,80.8,29.7
58.1,10.4,80.8,29.7
58.2,10.4,80.8,29.7
58.3,10.4,80.8,29.7
58.4,10.4,80.8,29.7
58.5,10.4,80.8,29.7
58.6,10.4,80.8,29.7
58.7,10.4,80.8,29.7
58.8,10.4,80.8,29.7
58.9,10.4,80.8,29.7
59.0,10.5,80.8,29.7
59.1,10.5,80.8,29.7
59.2,10.6,80.8,29.7
59.3,10.6,80.8,29.7
59.4,10.6,80.8,29.7
59.5,10.7,80.8,29.7
59.6,10.7,80.8,29.7
59.7,10.8,80.8,29.7
59.8,10.8,80.8,29.7
59.9,10.8,80.8,29.7
60.0,10.9,80.8,29.7
60.1,10.9,80.8,29.7
60.2,11.0,80.8,29.7
60.3,10.8,80.8,29.7
60.4,10.6,80.8,29.7
60.5,10.6,80.8,29.7
60.6,10.6,80.8,29.7
60.7,10.7,80.8,29.7
60.8,10.7,80.8,29.7
60.9,10.7,80.8,29.7
61.0,10.7,80.8,29.7
61.1,10.7,80.8,29.7
61.2,10.7,80.8,29.7
61.3,10.7,80.8,29.7
61.4,10.7,80.8,29.7
61.5,10.7,80.8,29.7
61.6,10.7,80.8,29.7
61.7,10.7,80.8,29.7
61.8,10.7,80.8,29.7
61.9,10.8,80.8,29.7
62.0,10.8,80.8,29.7
62.1,10.8,80.8,29.7
62.2,10.8,80.8,29.7
62.3,10.8,80.8,29.7
62.4,10.8,80.8,29.7
62.5,10.8,80.8,29.7
62.6,10.8,80.8,29.7
62.7,10.8,80.8,29.7
62.8,10.8,80.8,29.7
62.9,10.8,80.8,29.7
63.0,10.9,80.8,29.7
63.1,10.9,80.8,29.7
63.2,10.9,80.8,29.7
63.3,10.9,80.8,29.7
63.4,10.9,80.8,29.7
63.5,11.0,80.8,29.7
63.6,11.0,80.8,29.7
63.7,11.0,80.8,29.7
63.8,11.0,80.8,29.7
63.9,11.1,80.8,29.7
64.0,11.1,80.8,29.7
64.1,11.1,80.8,29.7
64.2,11.0,80.8,29.7
64.3,11.0,80.8,29.7
64.4,11.0,80.8,29.7
64.5,11.0,80.8,29.7
64.6,11.0,80.8,29.7
64.7,11.0,80.8,29.7
64.8,11.0,80.8,29.7
64.9,11.0,80.8,29.7
65.0,11.1,80.8,29.7
65.1,11.1,80.8,29.7
65.2,11.2,80.8,29.7
65.3,11.3,80.8,29.7
65.4,11.3,80.8,29.7
65.5,11.4,80.8,29.7
65.6,11.4,80.8,29.7
65.7,11.5,80.8,29.7
65.8,11.5,80.8,29.7
65.9,11.6,80.8,29.7
66.0,11.7,80.8,29.7
66.1,11.7,80.8,29.7
66.2,11.7,80.8,29.7
66.3,11.6,80.8,29.7
66.4,11.6,80.8,29.7
66.5,11.5,80.8,29.7
66.6,11.5,80.8,29.7
66.7,11.4,80.8,29.7
66.8,11.4,80.8,29.7
66.9,11.3,80.8,29.7
67.0,11.3,80.8,29.7
67.1,11.4,80.8,29.7
67.2,11.4,80.8,29.7
67.3,11.5,80.8,29.7
67.4,11.5,80.8,29.7
67.5,11.5,80.8,29.7
67.6,11.5,80.8,29.7
67.7,11.5,80.8,29.7
67.8,11.5,80.8,29.7
67.9,11.5,80.8,29.7
68.0,11.4,80.8,29.7
68.1,11.4,80.8,29.7
68.2,11.4,80.8,29.7
68.3,11.4,80.8,29.7
68.4,11.4,80.8,29.7
68.5,11.4,80.8,29.7
68.6,11.4,80.8,29.7
68.7,11.4,80.8,29.7
68.8,11.4,80.8,29.7
68.9,11.4,80.8,29.7
69.0,11.4,80.8,29.7
69.1,11.4,80.8,29.7
69.2,11.4,80.8,29.7
69.3,11.5,80.8,29.7
69.4,11.5,80.8,29.7
69.5,11.6,80.8,29.7
69.6,11.6,80.8,29.7
69.7,11.6,80.8,29.7
69.8,11.7,80.8,29.7
69.9,11.7,80.8,29.7
70.0,11.8,80.8,29.7
70.1,11.8,80.8,29.7
70.2,11.8,80.8,29.7
70.3,11.9,80.8,29.7
70.4,11.9,80.8,29.7
70.5,12.0,80.8,29.7
70.6,12.0,80.8,29.7
70.7,11.9,80.8,29.7
70.8,11.9,80.8,29.7
70.9,11.9,80.8,29.7
71.0,11.9,80.8,29.7
71.1,11.8,80.8,29.7
71.2,11.8,80.8,29.7
71.3,11.8,80.8,29.7
71.4,11.8,80.8,29.7
71.5,11.8,80.8,29.7
71.6,11.8,80.8,29.7
71.7,11.8,80.8,29.7
71.8,11.8,80.8,29.7
71.9,11.8,80.8,29.7
72.0,11.8,80.8,29.7
72.1,11.8,80.8,29.7
72.2,11.8,80.8,29.7
72.3,11.8,80.8,29.7
72.4,11.8,80.8,29.7
72.5,11.8,80.8,29.7
72.6,11.8,80.8,29.7
72.7,11.8,80.8,29.7
72.8,11.8,80.8,29.7
72.9,11.8,80.8,29.7
73.0,11.8,80.8,29.7
73.1,11.9,80.8,29.7
73.2,11.9,80.8,29.7
73.3,12.1,80.8,29.7
73.4,12.2,80.8,29.7
73.5,12.2,80.8,29.7
73.6,12.2,80.8,29.7
73.7,12.2,80.8,29.7
73.8,12.3,80.8,29.7
73.9,12.3,80.8,29.7
74.0,12.3,80.8,29.7
74.1,12.3,80.8,29.7
74.2,12.4,80.8,29.7
74.3,12.4,80.8,29.7
74.4,12.4,80.8,29.7
74.5,12.4,80.8,29.7
74.6,12.5,80.8,29.7
74.7,12.5,80.8,29.7
74.8,12.5,80.8,29.7
74.9,12.4,80.8,29.7
75.0,12.4,80.8,29.7
75.1,12.4,80.8,29.7
75.2,12.4,80.8,29.7
75.3,12.3,80.8,29.7
75.4,12.3,80.8,29.7
75.5,12.3,80.8,29.7
75.6,12.2,80.8,29.7
75.7,12.2,80.8,29.7
75.8,12.2,80.8,29.7
75.9,12.1,80.8,29.7
76.0,12.2,80.8,29.7
76.1,12.2,80.8,29.7
76.2,12.3,80.8,29.7
76.3,12.3,80.8,29.7
76.4,12.4,80.8,29.7
76.5,12.4,80.8,29.7
76.6,12.5,80.8,29.7
76.7,12.5,80.8,29.7
76.8,12.6,80.8,29.7
76.9,12.6,80.8,29.7
77.0,12.6,80.8,29.7
77.1,12.6,80.8,29.7
77.2,12.5,80.8,29.7
77.3,12.5,80.8,29.7
77.4,12.5,80.8,29.7
77.5,12.5,80.8,29.7
77.6,12.5,80.8,29.7
77.7,12.5,80.8,29.7
77.8,12.5,80.8,29.7
77.9,12.4,80.8,29.7
78.0,12.4,80.8,29.7
78.1,12.4,80.8,29.7
78.2,12.4,80.8,29.7
78.3,12.4,80.8,29.7
78.4,12.4,80.8,29.7
78.5,12.4,80.8,29.7
78.6,12.4,80.8,29.7
78.7,12.4,80.8,29.7
78.8,12.4,80.8,29.7
78.9,12.4,80.8,29.7
79.0,12.5,80.8,29.7
79.1,12.6,80.8,29.7
79.2,12.7,80.8,29.7
79.3,12.7,80.8,29.7
79.4,12.8,80.8,29.7
79.5,12.9,80.8,29.7
79.6,13.0,80.8,29.7
79.7,13.0,80.8,29.7
79.8,13.1,80.8,29.7
79.9,13.0,80.8,29.7
80.0,13.0,80.8,29.7
80.1,12.9,80.8,29.7
80.2,12.8,80.8,29.7
80.3,12.7,80.8,29.7
80.4,12.6,80.8,29.7
80.5,12.6,80.8,29.7
80.6,12.6,80.8,29.7
80.7,12.6,80.8,29.7
80.8,12.6,80.8,29.7
80.9,12.6,80.8,29.7
81.0,12.6,80.8,29.7
81.1,12.6,80.8,29.7
81.2,12.7,80.8,29.7
81.3,12.7,80.8,29.7
81.4,12.7,80.8,29.7
81.5,12.7,80.8,29.7
81.6,12.7,80.8,29.7
81.7,12.7,80.8,29.7
81.8,12.7,80.8,29.7
81.9,12.7,80.8,29.7
82.0,12.8,80.8,29.7
82.1,12.8,80.8,29.7
82.2,12.8,80.8,29.7
82.3,12.8,80.8,29.7
82.4,12.8,80.8,29.7
82.5,12.8,80.8,29.7
82.6,12.8,80.8,29.7
82.7,12.8,80.8,29.7
82.8,12.8,80.8,29.7
82.9,12.8,80.8,29.7
83.0,12.8,80.8,29.7
83.1,12.9,80.8,29.7
83.2,12.9,80.8,29.7
83.3,12.9,80.8,29.7
83.4,13.0,80.8,29.7
83.5,13.0,80.8,29.7
83.6,13.0,80.8,29.7
83.7,13.1,80.8,29.7
83.8,13.2,80.8,29.7
83.9,13.4,80.8,29.7
84.0,13.4,80.8,29.7
84.1,13.5,80.8,29.7
84.2,13.5,80.8,29.7
84.3,13.6,80.8,29.7
84.4,13.7,80.8,29.7
84.5,13.6,80.8,29.7
84.6,13.6,80.8,29.7
84.7,13.6,80.8,29.7
84.8,13.6,80.8,29.7
84.9,13.6,80.8,29.7
85.0,13.6,80.8,29.7
85.1,13.6,80.8,29.7
85.2,13.6,80.8,29.7
85.3,13.6,80.8,29.7
85.4,13.5,80.8,29.7
85.5,13.5,80.8,29.7
85.6,13.5,80.8,29.7
85.7,13.5,80.8,29.7
85.8,13.5,80.8,29.7
85.9,13.5,80.8,29.7
86.0,13.5,80.8,29.7
86.1,13.5,80.8,29.7
86.2,13.5,80.8,29.7
86.3,13.4,80.8,29.7
86.4,13.4,80.8,29.7
86.5,13.4,80.8,29.7
86.6,13.4,80.8,29.7
86.7,13.4,80.8,29.7
86.8,13.4,80.8,29.7
86.9,13.4,80.8,29.7
87.0,13.4,80.8,29.7
87.1,13.4,80.8,29.7
87.2,13.3,80.8,29.7
87.3,13.4,80.8,29.7
87.4,13.6,80.8,29.7
87.5,13.9,80.8,29.7
87.6,13.9,80.8,29.7
87.7,13.9,80.8,29.7
87.8,13.9,80.8,29.7
87.9,14.0,80.8,29.7
88.0,14.0,80.8,29.7
88.1,14.0,80.8,29.7
88.2,14.0,80.8,29.7
88.3,14.0,80.8,29.7
88.4,14.0,80.8,29.7
88.5,14.0,80.8,29.7
88.6,14.0,80.8,29.7
88.7,14.0,80.8,29.7
88.8,14.1,80.8,29.7
88.9,14.1,80.8,29.7
89.0,14.1,80.8,29.7
89.1,14.1,80.8,29.7
89.2,14.1,80.8,29.7
89.3,14.1,80.8,29.7
89.4,14.1,80.8,29.7
89.5,14.1,80.8,29.7
89.6,14.2,80.8,29.7
89.7,14.2,80.8,29.7
89.8,14.2,80.8,29.7
89.9,14.2,80.8,29.7
90.0,14.2,80.8,29.7
90.1,14.2,80.8,29.7
90.2,14.2,80.8,29.7
90.3,14.2,80.8,29.7
90.4,14.2,80.8,29.7
90.5,14.3,80.8,29.7
90.6,14.3,80.8,29.7
90.7,14.3,80.8,29.7
90.8,14.3,80.8,29.7
90.9,14.4,80.8,29.7
91.0,14.4,80.8,29.7
91.1,14.4,80.8,29.7
91.2,14.4,80.8,29.7
91.3,14.4,80.8,29.7
91.4,14.5,80.8,29.7
91.5,14.5,80.8,29.7
91.6,14.5,80.8,29.7
91.7,14.6,80.8,29.7
91.8,14.6,80.8,29.7
91.9,14.7,80.8,29.7
92.0,14.7,80.8,29.7
92.1,14.8,80.8,29.7
92.2,14.8,80.8,29.7
92.3,14.8,80.8,29.7
92.4,14.9,80.8,29.7
92.5,14.9,80.8,29.7
92.6,15.0,80.8,29.7
92.7,15.0,80.8,29.7
92.8,15.1,80.8,29.7
92.9,15.1,80.8,29.7
93.0,15.2,80.8,29.7
93.1,15.2,80.8,29.7
93.2,15.2,80.8,29.7
93.3,15.3,80.8,29.7
93.4,15.3,80.8,29.7
93.5,15.4,80.8,29.7
93.6,15.4,80.8,29.7
93.7,15.5,80.8,29.7
93.8,15.5,80.8,29.7
93.9,15.6,80.8,29.7
94.0,15.6,80.8,29.7
94.1,15.6,80.8,29.7
94.2,15.6,80.8,29.7
94.3,15.7,80.8,29.7
94.4,15.7,80.8,29.7
94.5,15.7,80.8,29.7
94.6,15.7,80.8,29.7
94.7,15.8,80.8,29.7
94.8,15.8,80.8,29.7
94.9,15.9,80.8,29.7
95.0,16.0,80.8,29.7
95.1,16.0,80.8,29.7
95.2,16.1,80.8,29.7
95.3,16.2,80.8,29.7
95.4,16.2,80.8,29.7
95.5,16.3,80.8,29.7
95.6,16.4,80.8,29.7
95.7,16.4,80.8,29.7
95.8,16.5,80.8,29.7
95.9,16.6,80.8,29.7
96.0,16.6,80.8,29.7
96.1,16.7,80.8,29.7
96.2,16.7,80.8,29.7
96.3,16.8,80.8,29.7
96.4,16.9,80.8,29.7
96.5,16.9,80.8,29.7
96.6,16.8,80.8,29.7
96.7,16.8,80.8,29.7
96.8,16.9,80.8,29.7
96.9,17.0,80.8,29.7
97.0,17.1,80.8,29.7
97.1,17.2,80.8,29.7
97.2,17.3,80.8,29.7
97.3,17.3,80.8,29.7
97.4,17.3,80.8,29.7
97.5,17.4,80.8,29.7
97.6,17.4,80.8,29.7
97.7,17.4,80.8,29.7
97.8,17.4,80.8,29.7
97.9,17.4,80.8,29.7
98.0,17.5,80.8,29.7
98.1,17.5,80.8,29.7
98.2,17.6,80.8,29.7
98.3,17.6,80.8,29.7
98.4,17.7,80.8,29.7
98.5,17.7,80.8,29.7
98.6,17.8,80.8,29.7
98.7,17.9,80.8,29.7
98.8,17.9,80.8,29.7
98.9,18.0,80.8,29.7
99.0,18.1,80.8,29.7
99.1,18.2,80.8,29.7
99.2,18.2,80.8,29.7
99.3,18.3,80.8,29.7
99.4,18.4,80.8,29.7
99.5,18.4,80.8,29.7
99.6,18.5,80.8,29.7
99.7,18.6,80.8,29.7
99.8,18.6,80.8,29.7
99.9,18.7,80.8,29.7
100.0,18.7,80.8,29.7
100.1,18.8,80.8,29.7
100.2,18.8,80.8,29.7
100.3,18.8,80.8,29.7
100.4,18.9,80.8,29.7
100.5,18.9,80.8,29.7
100.6,18.9,80.8,29.7
100.7,19.0,80.8,29.7
100.8,19.0,80.8,29.7
100.9,19.1,80.8,29.7
101.0,19.1,80.8,29.7
101.1,19.2,80.8,29.7
101.2,19.2,80.8,29.7
101.3,19.3,80.8,29.7
101.4,19.3,80.8,29.7
101.5,19.4,80.8,29.7
101.6,19.4,80.8,29.7
101.7,19.5,80.8,29.7
101.8,19.6,80.8,29.7
101.9,19.6,80.8,29.7
102.0,19.7,80.8,29.7
102.1,19.7,80.8,29.7
102.2,19.8,80.8,29.7
102.3,19.8,80.8,29.7
102.4,19.9,80.8,29.7
102.5,19.9,80.8,29.7
102.6,20.0,80.8,29.7
102.7,20.1,80.8,29.7
102.8,20.1,80.8,29.7
102.9,20.2,80.8,29.7
103.0,20.2,80.8,29.7
103.1,20.3,80.8,29.7
103.2,20.3,80.8,29.7
103.3,20.3,80.8,29.7
103.4,20.4,80.8,29.7
103.5,20.5,80.8,29.7
103.6,20.5,80.8,29.7
103.7,20.6,80.8,29.7
103.8,20.7,80.8,29.7
103.9,20.7,80.8,29.7
104.0,20.7,80.8,29.7
104.1,20.8,80.8,29.7
104.2,20.8,80.8,29.7
104.3,20.9,80.8,29.7
104.4,20.9,80.8,29.7
104.5,21.0,80.8,29.7
104.6,21.0,80.8,29.7
104.7,21.1,80.8,29.7
104.8,21.1,80.8,29.7
104.9,21.2,80.8,29.7
105.0,21.3,80.8,29.7
105.1,21.3,80.8,29.7
105.2,21.4,80.8,29.7
105.3,21.5,80.8,29.7
105.4,21.5,80.8,29.7
105.5,21.6,80.8,29.7
105.6,21.7,80.8,29.7
105.7,21.7,80.8,29.7
105.8,21.8,80.8,29.7
105.9,21.8,80.8,29.7
106.0,21.9,80.8,29.7
106.1,21.9,80.8,29.7
106.2,22.0,80.8,29.7
106.3,22.0,80.8,29.7
106.4,22.1,80.8,29.7
106.5,22.1,80.8,29.7
106.6,22.1,80.8,29.7
106.7,22.2,80.8,29.7
106.8,22.2,80.8,29.7
106.9,22.2,80.8,29.7
107.0,22.3,80.8,29.7
107.1,22.4,80.8,29.7
107.2,22.4,80.8,29.7
107.3,22.5,80.8,29.7
107.4,22.6,80.8,29.7
107.5,22.6,80.8,29.7
107.6,22.7,80.8,29.7
107.7,22.7,80.8,29.7
107.8,22.8,80.8,29.7
107.9,22.9,80.8,29.7
108.0,22.9,80.8,29.7
108.1,23.0,80.8,29.7
108.2,23.0,80.8,29.7
108.3,23.1,80.8,29.7
108.4,23.2,80.8,29.7
108.5,23.2,80.8,29.7
108.6,23.3,80.8,29.7
108.7,23.3,80.8,29.7
108.8,23.4,80.8,29.7
108.9,23.5,80.8,29.7
109.0,23.5,80.8,29.7
109.1,23.6,80.8,29.7
109.2,23.7,80.8,29.7
109.3,23.7,80.8,29.7
109.4,23.7,80.8,29.7
109.5,23.8,80.8,29.7
109.6,23.8,80.8,29.7
109.7,23.9,80.8,29.7
109.8,23.9,80.8,29.7
109.9,23.9,80.8,29.7
110.0,23.9,80.8,29.7
110.1,24.0,80.8,29.7
110.2,24.0,80.8,29.7
110.3,24.0,80.8,29.7
110.4,24.1,80.8,29.7
110.5,24.1,80.8,29.7
110.6,24.1,80.8,29.7
110.7,24.2,80.8,29.7
110.8,24.2,80.8,29.7
110.9,24.3,80.8,29.7
111.0,24.3,80.8,29.7
111.1,24.4,80.8,29.7
111.2,24.5,80.8,29.7
111.3,24.6,80.8,29.7
111.4,24.7,80.8,29.7
111.5,24.7,80.8,29.7
111.6,24.7,80.8,29.7
111.7,24.7,80.8,29.7
111.8,24.7,80.8,29.7
111.9,24.7,80.8,29.7
112.0,24.7,80.8,29.7
112.1,24.7,80.8,29.7
112.2,25.3,80.8,29.7
112.3,25.3,80.8,29.7
112.4,25.3,80.8,29.7
112.5,25.4,80.8,29.7
112.6,25.4,80.8,29.7
112.7,25.4,80.8,29.7
112.8,25.5,80.8,29.7
112.9,25.5,80.8,29.7
113.0,25.5,80.8,29.7
113.1,25.6,80.8,29.7
113.2,25.6,80.8,29.7
113.3,25.7,80.8,29.7
113.4,25.7,80.8,29.7
113.5,25.8,80.8,29.7
113.6,25.8,80.8,29.7
113.7,25.9,80.8,29.7
113.8,25.9,80.8,29.7
113.9,26.0,80.8,29.7
114.0,26.0,80.8,29.7
114.1,25.9,80.8,29.7
114.2,25.9,80.8,29.7
114.3,26.0,80.8,29.7
114.4,26.1,80.8,29.7
114.5,26.1,80.8,29.7
114.6,26.2,80.8,29.7
114.7,26.3,80.8,29.7
114.8,26.4,80.8,29.7
114.9,26.4,80.8,29.7
115.0,26.5,80.8,29.7
115.1,26.6,80.8,29.7
115.2,26.6,80.8,29.7
115.3,26.6,80.8,29.7
115.4,26.7,80.8,29.7
115.5,26.7,80.8,29.7
115.6,26.7,80.8,29.7
115.7,26.8,80.8,29.7
115.8,26.8,80.8,29.7
115.9,26.9,80.8,29.7
116.0,26.9,80.8,29.7
116.1,27.0,80.8,29.7
116.2,27.0,80.8,29.7
116.3,27.0,80.8,29.7
116.4,27.0,80.8,29.7
116.5,27.1,80.8,29.7
116.6,27.1,80.8,29.7
116.7,27.1,80.8,29.7
116.8,27.1,80.8,29.7
116.9,27.2,80.8,29.7
117.0,27.2,80.8,29.7
117.1,27.2,80.8,29.7
117.2,27.2,80.8,29.7
117.3,27.2,80.8,29.7
117.4,27.3,80.8,29.7
117.5,27.3,80.8,29.7
117.6,27.4,80.8,29.7
117.7,27.5,80.8,29.7
117.8,27.5,80.8,29.7
117.9,27.5,80.8,29.7
118.0,27.5,80.8,29.7
118.1,27.5,80.8,29.7
118.2,27.6,80.8,29.7
118.3,27.6,80.8,29.7
118.4,27.6,80.8,29.7
118.5,27.6,80.8,29.7
118.6,27.7,80.8,29.7
118.7,27.7,80.8,29.7
118.8,27.7,80.8,29.7
118.9,27.8,80.8,29.7
119.0,27.8,80.8,29.7
119.1,27.8,80.8,29.7
119.2,27.9,80.8,29.7
119.3,27.9,80.8,29.7
119.4,27.9,80.8,29.7
119.5,27.9,80.8,29.7
119.6,27.9,80.8,29.7
119.7,27.9,80.8,29.7
119.8,27.9,80.8,29.7
119.9,28.0,80.8,29.7
120.0,28.0,80.8,29.7
120.1,28.0,80.8,29.7
120.2,28.0,80.8,29.7
120.3,28.0,80.8,29.7
120.4,28.0,80.8,29.7
120.5,28.0,80.8,29.7
120.6,28.0,80.8,29.7
120.7,28.0,80.8,29.7
120.8,28.0,80.8,29.7
120.9,28.0,80.8,29.7
121.0,28.0,80.8,29.7
121.1,28.0,80.8,29.7
121.2,28.0,80.8,29.7
121.3,28.0,80.8,29.7
121.4,28.0,80.8,29.7
121.5,28.1,80.8,29.7
121.6,28.1,80.8,29.7
121.7,28.1,80.8,29.7
121.8,28.2,80.8,29.7
121.9,28.2,80.8,29.7
122.0,28.2,80.8,29.7
122.1,28.2,80.8,29.7
122.2,28.2,80.8,29.7
122.3,28.2,80.8,29.7
122.4,28.3,80.8,29.7
122.5,28.4,80.8,29.7
122.6,28.4,80.8,29.7
122.7,28.4,80.8,29.7
122.8,28.4,80.8,29.7
122.9,28.4,80.8,29.7
123.0,28.4,80.8,29.7
123.1,28.4,80.8,29.7
123.2,28.4,80.8,29.7
123.3,28.4,80.8,29.7
123.4,28.4,80.8,29.7
123.5,28.5,80.8,29.7
123.6,28.5,80.8,29.7
123.7,28.5,80.8,29.7
123.8,28.5,80.8,29.7
123.9,28.5,80.8,29.7
124.0,28.5,80.8,29.7
124.1,28.5,80.8,29.7
124.2,28.5,80.8,29.7
124.3,28.5,80.8,29.7
124.4,28.5,80.8,29.7
124.5,28.5,80.8,29.7
124.6,28.5,80.8,29.7
124.7,28.5,80.8,29.7
124.8,28.5,80.8,29.7
124.9,28.5,80.8,29.7
125.0,28.5,80.8,29.7
125.1,28.5,80.8,29.7
125.2,28.5,80.8,29.7
125.3,28.5,80.8,29.7
125.4,28.5,80.8,29.7
125.5,28.5,80.8,29.7
125.6,28.5,80.8,29.7
125.7,28.5,80.8,29.7
125.8,28.6,80.8,29.7
125.9,28.6,80.8,29.7
126.0,28.7,80.8,29.7
126.1,28.7,80.8,29.7
126.2,28.7,80.8,29.7
126.3,28.7,80.8,29.7
126.4,28.7,80.8,29.7
126.5,28.7,80.8,29.7
126.6,28.8,80.8,29.7
126.7,28.8,80.8,29.7
126.8,28.8,80.8,29.7
126.9,28.8,80.8,29.7
127.0,28.8,80.8,29.7
127.1,28.8,80.8,29.7
127.2,28.8,80.8,29.7
127.3,28.8,80.8,29.7
127.4,28.8,80.8,29.7
127.5,28.8,80.8,29.7
127.6,28.8,80.8,29.7
127.7,28.8,80.8,29.7
127.8,28.8,80.8,29.7
127.9,28.8,80.8,29.7
128.0,28.8,80.8,29.7
128.1,28.8,80.8,29.7
128.2,28.9,80.8,29.7
128.3,28.9,80.8,29.7
128.4,28.9,80.8,29.7
128.5,28.9,80.8,29.7
128.6,28.9,80.8,29.7
128.7,28.9,80.8,29.7
128.8,28.9,80.8,29.7
128.9,28.9,80.8,29.7
129.0,29.0,80.8,29.7
129.1,29.0,80.8,29.7
129.2,29.0,80.8,29.7
129.3,29.0,80.8,29.7
129.4,29.0,80.8,29.7
129.5,29.0,80.8,29.7
129.6,29.0,80.8,29.7
129.7,29.0,80.8,29.7
129.8,29.0,80.8,29.7
129.9,29.1,80.8,29.7
130.0,29.1,80.8,29.7
130.1,29.1,80.8,29.7
130.2,29.1,80.8,29.7
130.3,29.0,80.8,29.7
130.4,29.0,80.8,29.7
130.5,29.0,80.8,29.7
130.6,29.0,80.8,29.7
130.7,29.0,80.8,29.7
130.8,29.0,80.8,29.7
130.9,29.0,80.8,29.7
131.0,29.1,80.8,29.7
131.1,29.1,80.8,29.7
131.2,29.1,80.8,29.7
131.3,29.1,80.8,29.7
131.4,29.1,80.8,29.7
131.5,29.2,80.8,29.7
131.6,29.2,80.8,29.7
131.7,29.2,80.8,29.7
131.8,29.2,80.8,29.7
131.9,29.3,80.8,29.7
132.0,29.3,80.8,29.7
132.1,29.3,80.8,29.7
132.2,29.3,80.8,29.7
132.3,29.2,80.8,29.7
132.4,29.2,80.8,29.7
132.5,29.3,80.8,29.7
132.6,29.3,80.8,29.7
132.7,29.3,80.8,29.7
132.8,29.3,80.8,29.7
132.9,29.3,80.8,29.7
133.0,29.3,80.8,29.7
133.1,29.3,80.8,29.7
133.2,29.3,80.8,29.7
133.3,29.3,80.8,29.7
133.4,29.3,80.8,29.7
133.5,29.3,80.8,29.7
133.6,29.3,80.8,29.7
133.7,29.3,80.8,29.7
133.8,29.3,80.8,29.7
133.9,29.3,80.8,29.7
134.0,29.3,80.8,29.7
134.1,29.3,80.8,29.7
134.2,29.3,80.8,29.7
134.3,29.3,80.8,29.7
134.4,29.3,80.8,29.7
134.5,29.4,80.8,29.7
134.6,29.4,80.8,29.7
134.7,29.5,80.8,29.7
134.8,29.5,80.8,29.7
134.9,29.5,80.8,29.7
135.0,29.6,80.8,29.7
135.1,29.6,80.8,29.7
135.2,29.6,80.8,29.7
135.3,29.7,80.8,29.7
135.4,29.7,80.8,29.7
135.5,29.7,80.8,29.7
135.6,29.6,80.8,29.7
135.7,29.6,80.8,29.7
135.8,29.6,80.8,29.7
135.9,29.6,80.8,29.7
136.0,29.6,80.8,29.7
136.1,29.5,80.8,29.7
136.2,29.5,80.8,29.7
136.3,29.5,80.8,29.7
136.4,29.5,80.8,29.7
136.5,29.5,80.8,29.7
136.6,29.6,80.8,29.7
136.7,29.6,80.8,29.7
136.8,29.6,80.8,29.7
136.9,29.6,80.8,29.7
137.0,29.7,80.8,29.7
137.1,29.7,80.8,29.7
137.2,29.7,80.8,29.7
137.3,29.8,80.8,29.7
137.4,29.8,80.8,29.7
137.5,29.8,80.8,29.7
137.6,29.8,80.8,29.7
137.7,29.8,80.8,29.7
137.8,29.8,80.8,29.7
137.9,29.8,80.8,29.7
138.0,29.8,80.8,29.7
138.1,29.8,80.8,29.7
138.2,29.8,80.8,29.7
138.3,29.8,80.8,29.7
138.4,29.9,80.8,29.7
138.5,30.0,80.8,29.7
138.6,30.1,80.8,29.7
138.7,30.1,80.8,29.7
138.8,30.1,80.8,29.7
138.9,30.1,80.8,29.7
139.0,30.1,80.8,29.7
139.1,30.1,80.8,29.7
139.2,30.1,80.8,29.7
139.3,30.1,80.8,29.7
139.4,30.1,80.8,29.7
139.5,30.0,80.8,29.7
139.6,30.0,80.8,29.7
139.7,30.0,80.8,29.7
139.8,30.0,80.8,29.7
139.9,30.0,80.8,29.7
140.0,30.0,80.8,29.7
140.1,30.1,80.8,29.7
140.2,30.1,80.8,29.7
140.3,30.1,80.8,29.7
140.4,30.1,80.8,29.7
140.5,30.2,80.8,29.7
140.6,30.2,80.8,29.7
140.7,30.2,80.8,29.7
140.8,30.3,80.8,29.7
140.9,30.3,80.8,29.7
141.0,30.3,80.8,29.7
141.1,30.3,80.8,29.7
141.2,30.3,80.8,29.7
141.3,30.3,80.8,29.7
141.4,30.3,80.8,29.7
141.5,30.3,80.8,29.7
141.6,30.3,80.8,29.7
141.7,30.3,80.8,29.7
141.8,30.3,80.8,29.7
141.9,30.3,80.8,29.7
142.0,30.3,80.8,29.7
142.1,30.3,80.8,29.7
142.2,30.3,80.8,29.7
142.3,30.3,80.8,29.7
142.4,30.3,80.8,29.7
142.5,30.3,80.8,29.7
142.6,30.3,80.8,29.7
142.7,30.3,80.8,29.7
142.8,30.3,80.8,29.7
142.9,30.3,80.8,29.7
143.0,30.3,80.8,29.7
143.1,30.3,80.8,29.7
143.2,30.4,80.8,29.7
143.3,30.4,80.8,29.7
143.4,30.4,80.8,29.7
143.5,30.4,80.8,29.7
143.6,30.4,80.8,29.7
143.7,30.4,80.8,29.7
143.8,30.5,80.8,29.7
143.9,30.5,80.8,29.7
144.0,30.5,80.8,29.7
144.1,30.5,80.8,29.7
144.2,30.5,80.8,29.7
144.3,30.6,80.8,29.7
144.4,30.6,80.8,29.7
144.5,30.6,80.8,29.7
144.6,30.6,80.8,29.7
144.7,30.6,80.8,29.7
144.8,30.7,80.8,29.7
144.9,30.7,80.8,29.7
145.0,30.7,80.8,29.7
145.1,30.7,80.8,29.7
145.2,30.8,80.8,29.7
145.3,30.8,80.8,29.7
145.4,30.8,80.8,29.7
145.5,30.8,80.8,29.7
145.6,30.8,80.8,29.7
145.7,30.8,80.8,29.7
145.8,30.8,80.8,29.7
145.9,30.8,80.8,29.7
146.0,30.8,80.8,29.7
146.1,30.8,80.8,29.7
146.2,30.8,80.8,29.7
146.3,30.8,80.8,29.7
146.4,30.8,80.8,29.7
146.5,30.8,80.8,29.7
146.6,30.8,80.8,29.7
146.7,30.8,80.8,29.7
146.8,30.8,80.8,29.7
146.9,30.8,80.8,29.7
147.0,30.8,80.8,29.7
147.1,30.8,80.8,29.7
147.2,30.8,80.8,29.7
147.3,30.8,80.8,29.7
147.4,30.9,80.8,29.7
147.5,30.9,80.8,29.7
147.6,30.9,80.8,29.7
147.7,30.9,80.8,29.7
147.8,30.9,80.8,29.7
147.9,31.0,80.8,29.7
148.0,31.0,80.8,29.7
148.1,31.0,80.8,29.7
148.2,31.0,80.8,29.7
148.3,31.1,80.8,29.7
148.4,31.2,80.8,29.7
148.5,31.3,80.8,29.7
148.6,31.3,80.8,29.7
148.7,31.3,80.8,29.7
148.8,31.3,80.8,29.7
148.9,31.3,80.8,29.7
149.0,31.3,80.8,29.7
149.1,31.3,80.8,29.7
149.2,31.3,80.8,29.7
149.3,31.3,80.8,29.7
149.4,31.3,80.8,29.7
149.5,31.3,80.8,29.7
149.6,31.2,80.8,29.7
149.7,31.2,80.8,29.7
149.8,31.2,80.8,29.7
149.9,31.2,80.8,29.7
150.0,31.2,80.8,29.7
150.1,31.2,80.8,29.7
150.2,31.2,80.8,29.7
150.3,31.2,80.8,29.7
150.4,31.2,80.8,29.7
150.5,31.2,80.8,29.7
150.6,31.2,80.8,29.7
150.7,31.3,80.8,29.7
150.8,31.3,80.8,29.7
150.9,31.3,80.8,29.7
151.0,31.3,80.8,29.7
151.1,31.3,80.8,29.7
151.2,31.4,80.8,29.7
151.3,31.4,80.8,29.7
151.4,31.4,80.8,29.7
151.5,31.4,80.8,29.7
151.6,31.5,80.8,29.7
151.7,31.5,80.8,29.7
151.8,31.5,80.8,29.7
151.9,31.6,80.8,29.7
152.0,31.6,80.8,29.7
152.1,31.6,80.8,29.7
152.2,31.7,80.8,29.7
152.3,31.6,80.8,29.7
152.4,31.6,80.8,29.7
152.5,31.5,80.8,29.7
152.6,31.5,80.8,29.7
152.7,31.5,80.8,29.7
152.8,31.6,80.8,29.7
152.9,31.6,80.8,29.7
153.0,31.6,80.8,29.7
153.1,31.6,80.8,29.7
153.2,31.6,80.8,29.7
153.3,31.6,80.8,29.7
153.4,31.6,80.8,29.7
153.5,31.6,80.8,29.7
153.6,31.6,80.8,29.7
153.7,31.6,80.8,29.7
153.8,31.6,80.8,29.7
153.9,31.6,80.8,29.7
154.0,31.6,80.8,29.7
154.1,31.6,80.8,29.7
154.2,31.7,80.8,29.7
154.3,31.7,80.8,29.7
154.4,31.7,80.8,29.7
154.5,31.7,80.8,29.7
154.6,31.8,80.8,29.7
154.7,31.8,80.8,29.7
154.8,31.9,80.8,29.7
154.9,31.9,80.8,29.7
155.0,32.0,80.8,29.7
155.1,32.0,80.8,29.7
155.2,32.0,80.8,29.7
155.3,32.0,80.8,29.7
155.4,32.0,80.8,29.7
155.5,32.0,80.8,29.7
155.6,32.0,80.8,29.7
155.7,32.0,80.8,29.7
155.8,32.0,80.8,29.7
155.9,32.0,80.8,29.7
156.0,32.0,80.8,29.7
156.1,32.0,80.8,29.7
156.2,32.0,80.8,29.7
156.3,32.1,80.8,29.7
156.4,32.1,80.8,29.7
156.5,32.1,80.8,29.7
156.6,32.1,80.8,29.7
156.7,32.1,80.8,29.7
156.8,32.1,80.8,29.7
156.9,32.1,80.8,29.7
157.0,32.1,80.8,29.7
157.1,32.2,80.8,29.7
157.2,32.2,80.8,29.7
157.3,32.2,80.8,29.7
157.4,32.2,80.8,29.7
157.5,32.3,80.8,29.7
157.6,32.3,80.8,29.7
157.7,32.3,80.8,29.7
157.8,32.3,80.8,29.7
157.9,32.4,80.8,29.7
158.0,32.4,80.8,29.7
158.1,32.4,80.8,29.7
158.2,32.3,80.8,29.7
158.3,32.3,80.8,29.7
158.4,32.2,80.8,29.7
158.5,32.2,80.8,29.7
158.6,32.2,80.8,29.7
158.7,32.3,80.8,29.7
158.8,32.3,80.8,29.7
158.9,32.3,80.8,29.7
159.0,32.3,80.8,29.7
159.1,32.3,80.8,29.7
159.2,32.4,80.8,29.7
159.3,32.4,80.8,29.7
159.4,32.4,80.8,29.7
159.5,32.4,80.8,29.7
159.6,32.5,80.8,29.7
159.7,32.5,80.8,29.7
159.8,32.5,80.8,29.7
159.9,32.5,80.8,29.7
160.0,32.5,80.8,29.7
160.1,32.5,80.8,29.7
160.2,32.5,80.8,29.7
160.3,32.5,80.8,29.7
160.4,32.5,80.8,29.7
160.5,32.6,80.8,29.7
160.6,32.6,80.8,29.7
160.7,32.6,80.8,29.7
160.8,32.7,80.8,29.7
160.9,32.7,80.8,29.7
161.0,32.7,80.8,29.7
161.1,32.7,80.8,29.7
161.2,32.8,80.8,29.7
161.3,32.8,80.8,29.7
161.4,32.7,80.8,29.7
161.5,32.7,80.8,29.7
161.6,32.7,80.8,29.7
161.7,32.7,80.8,29.7
161.8,32.7,80.8,29.7
161.9,32.7,80.8,29.7
162.0,32.7,80.8,29.7
162.1,32.6,80.8,29.7
162.2,32.7,80.8,29.7
162.3,32.7,80.8,29.7
162.4,32.7,80.8,29.7
162.5,32.7,80.8,29.7
162.6,32.7,80.8,29.7
162.7,32.8,80.8,29.7
162.8,32.8,80.8,29.7
162.9,32.8,80.8,29.7
163.0,32.8,80.8,29.7
163.1,32.8,80.8,29.7
163.2,32.9,80.8,29.7
163.3,32.9,80.8,29.7
163.4,32.9,80.8,29.7
163.5,32.9,80.8,29.7
163.6,32.9,80.8,29.7
163.7,33.0,80.8,29.7
163.8,33.0,80.8,29.7
163.9,33.0,80.8,29.7
164.0,33.0,80.8,29.7
164.1,33.0,80.8,29.7
164.2,33.1,80.8,29.7
164.3,33.1,80.8,29.7
164.4,33.1,80.8,29.7
164.5,33.1,80.8,29.7
164.6,33.1,80.8,29.7
164.7,33.2,80.8,29.7
164.8,33.2,80.8,29.7
164.9,33.2,80.8,29.7
165.0,33.3,80.8,29.7
165.1,33.3,80.8,29.7
165.2,33.3,80.8,29.7
165.3,33.3,80.8,29.7
165.4,33.4,80.8,29.7
165.5,33.3,80.8,29.7
165.6,33.3,80.8,29.7
165.7,33.3,80.8,29.7
165.8,33.2,80.8,29.7
165.9,33.2,80.8,29.7
166.0,33.2,80.8,29.7
166.1,33.2,80.8,29.7
166.2,33.2,80.8,29.7
166.3,33.2,80.8,29.7
166.4,33.2,80.8,29.7
166.5,33.2,80.8,29.7
166.6,33.2,80.8,29.7
166.7,33.3,80.8,29.7
166.8,33.3,80.8,29.7
166.9,33.3,80.8,29.7
167.0,33.3,80.8,29.7
167.1,33.4,80.8,29.7
167.2,33.4,80.8,29.7
167.3,33.4,80.8,29.7
167.4,33.4,80.8,29.7
167.5,33.5,80.8,29.7
167.6,33.5,80.8,29.7
167.7,33.5,80.8,29.7
167.8,33.5,80.8,29.7
167.9,33.5,80.8,29.7
168.0,33.5,80.8,29.7
168.1,33.6,80.8,29.7
168.2,33.6,80.8,29.7
168.3,33.6,80.8,29.7
168.4,33.6,80.8,29.7
168.5,33.6,80.8,29.7
168.6,33.7,80.8,29.7
168.7,33.7,80.8,29.7
168.8,33.7,80.8,29.7
168.9,33.7,80.8,29.7
169.0,33.7,80.8,29.7
169.1,33.7,80.8,29.7
169.2,33.7,80.8,29.7
169.3,33.7,80.8,29.7
169.4,33.6,80.8,29.7
169.5,33.7,80.8,29.7
169.6,33.7,80.8,29.7
169.7,33.7,80.8,29.7
169.8,33.8,80.8,29.7
169.9,33.8,80.8,29.7
170.0,33.8,80.8,29.7
170.1,33.9,80.8,29.7
170.2,33.9,80.8,29.7
170.3,33.9,80.8,29.7
170.4,34.0,80.8,29.7
170.5,34.0,80.8,29.7
170.6,34.0,80.8,29.7
170.7,34.0,80.8,29.7
170.8,34.0,80.8,29.7
170.9,34.0,80.8,29.7
171.0,34.0,80.8,29.7
171.1,33.9,80.8,29.7
171.2,33.9,80.8,29.7
171.3,33.9,80.8,29.7
171.4,33.8,80.8,29.7
171.5,33.9,80.8,29.7
171.6,33.9,80.8,29.7
171.7,33.9,80.8,29.7
171.8,34.0,80.8,29.7
171.9,34.0,80.8,29.7
172.0,34.0,80.8,29.7
172.1,34.0,80.8,29.7
172.2,34.0,80.8,29.7
172.3,34.1,80.8,29.7
172.4,34.1,80.8,29.7
172.5,34.1,80.8,29.7
172.6,34.1,80.8,29.7
172.7,34.1,80.8,29.7
172.8,34.1,80.8,29.7
172.9,34.1,80.8,29.7
173.0,34.2,80.8,29.7
173.1,34.2,80.8,29.7
173.2,34.2,80.8,29.7
173.3,34.3,80.8,29.7
173.4,34.3,80.8,29.7
173.5,34.3,80.8,29.7
173.6,34.3,80.8,29.7
173.7,34.3,80.8,29.7
173.8,34.3,80.8,29.7
173.9,34.3,80.8,29.7
174.0,34.3,80.8,29.7
174.1,34.3,80.8,29.7
174.2,34.3,80.8,29.7
174.3,34.2,80.8,29.7
174.4,34.2,80.8,29.7
174.5,34.2,80.8,29.7
174.6,34.2,80.8,29.7
174.7,34.2,80.8,29.7
174.8,34.4,80.8,29.7
174.9,34.6,80.8,29.7
175.0,34.5,80.8,29.7
175.1,34.3,80.8,29.7
175.2,34.4,80.8,29.7
175.3,34.4,80.8,29.7
175.4,34.4,80.8,29.7
175.5,34.5,80.8,29.7
175.6,34.5,80.8,29.7
175.7,34.5,80.8,29.7
175.8,34.5,80.8,29.7
175.9,34.5,80.8,29.7
176.0,34.5,80.8,29.7
176.1,34.5,80.8,29.7
176.2,34.5,80.8,29.7
176.3,34.5,80.8,29.7
176.4,34.5,80.8,29.7
176.5,34.5,80.8,29.7
176.6,34.5,80.8,29.7
176.7,34.5,80.8,29.7
176.8,34.5,80.8,29.7
176.9,34.5,80.8,29.7
177.0,34.5,80.8,29.7
177.1,34.6,80.8,29.7
177.2,34.6,80.8,29.7
177.3,34.6,80.8,29.7
177.4,34.6,80.8,29.7
177.5,34.7,80.8,29.7
177.6,34.7,80.8,29.7
177.7,34.7,80.8,29.7
177.8,34.8,80.8,29.7
177.9,34.8,80.8,29.7
178.0,34.8,80.8,29.7
178.1,34.8,80.8,29.7
178.2,34.9,80.8,29.7
178.3,34.9,80.8,29.7
178.4,34.9,80.8,29.7
178.5,34.9,80.8,29.7
178.6,35.0,80.8,29.7
178.7,35.0,80.8,29.7
178.8,35.0,80.8,29.7
178.9,35.1,80.8,29.7
-3.0,0.0,87.9,27.4
-2.9,0.1,87.9,27.4
-2.8,0.1,87.9,27.4
-2.7,0.2,87.9,27.4
-2.6,0.2,87.9,27.4
-2.5,0.2,87.9,27.4
-2.4,0.3,87.9,27.4
-2.3,0.3,87.9,27.4
-2.2,0.4,87.9,27.4
-2.1,0.4,87.9,27.4
-2.0,0.5,87.9,27.4
-1.9,0.3,87.9,27.4
-1.8,0.2,87.9,27.4
-1.7,0.1,87.9,27.4
-1.6,-0.1,87.9,27.4
-1.5,-0.2,87.9,27.4
-1.4,-0.1,87.9,27.4
-1.3,0.0,87.9,27.4
-1.2,0.1,87.9,27.4
-1.1,0.2,87.9,27.4
-1.0,0.3,87.9,27.4
-0.9,0.4,87.9,27.4
-0.8,0.5,87.9,27.4
-0.7,0.6,87.9,27.4
-0.6,0.7,87.9,27.4
-0.5,0.8,87.9,27.4
-0.4,0.9,87.9,27.4
-0.3,0.8,87.9,27.4
-0.2,0.7,87.9,27.4
-0.1,0.6,87.9,27.4
0.0,0.5,87.9,27.4
0.1,0.4,87.9,27.4
0.2,0.3,87.9,27.4
0.3,0.2,87.9,27.4
0.4,0.1,87.9,27.4
0.5,-0.1,87.9,27.4
0.6,-0.2,87.9,27.4
0.7,-0.1,87.9,27.4
0.8,0.7,87.9,27.4
0.9,1.6,87.9,27.4
1.0,1.5,87.9,27.4
1.1,1.4,87.9,27.4
1.2,1.3,87.9,27.4
1.3,1.3,87.9,27.4
1.4,1.2,87.9,27.4
1.5,1.2,87.9,27.4
1.6,1.2,87.9,27.4
1.7,1.1,87.9,27.4
1.8,1.1,87.9,27.4
1.9,1.1,87.9,27.4
2.0,1.1,87.9,27.4
2.1,1.0,87.9,27.4
2.2,1.0,87.9,27.4
2.3,1.0,87.9,27.4
2.4,1.0,87.9,27.4
2.5,1.2,87.9,27.4
2.6,1.3,87.9,27.4
2.7,1.5,87.9,27.4
2.8,1.6,87.9,27.4
2.9,1.8,87.9,27.4
3.0,1.9,87.9,27.4
3.1,2.1,87.9,27.4
3.2,2.2,87.9,27.4
3.3,2.3,87.9,27.4
3.4,2.3,87.9,27.4
3.5,2.4,87.9,27.4
3.6,2.4,87.9,27.4
3.7,2.5,87.9,27.4
3.8,2.5,87.9,27.4
3.9,2.5,87.9,27.4
4.0,2.6,87.9,27.4
4.1,2.6,87.9,27.4
4.2,2.7,87.9,27.4
4.3,2.4,87.9,27.4
4.4,2.9,87.9,27.4
4.5,3.0,87.9,27.4
4.6,2.9,87.9,27.4
4.7,2.9,87.9,27.4
4.8,2.8,87.9,27.4
4.9,2.8,87.9,27.4
5.0,2.7,87.9,27.4
5.1,2.7,87.9,27.4
5.2,2.6,87.9,27.4
5.3,2.6,87.9,27.4
5.4,2.5,87.9,27.4
5.5,2.5,87.9,27.4
5.6,2.4,87.9,27.4
5.7,2.4,87.9,27.4
5.8,2.3,87.9,27.4
5.9,2.3,87.9,27.4
6.0,2.2,87.9,27.4
6.1,2.2,87.9,27.4
6.2,2.1,87.9,27.4
6.3,2.4,87.9,27.4
6.4,2.7,87.9,27.4
6.5,3.0,87.9,27.4
6.6,3.2,87.9,27.4
6.7,3.5,87.9,27.4
6.8,3.8,87.9,27.4
6.9,3.9,87.9,27.4
7.0,3.9,87.9,27.4
7.1,4.0,87.9,27.4
7.2,4.0,87.9,27.4
7.3,4.0,87.9,27.4
7.4,4.1,87.9,27.4
7.5,4.1,87.9,27.4
7.6,4.1,87.9,27.4
7.7,4.1,87.9,27.4
7.8,4.1,87.9,27.4
7.9,4.1,87.9,27.4
8.0,4.0,87.9,27.4
8.1,4.0,87.9,27.4
8.2,4.1,87.9,27.4
8.3,4.1,87.9,27.4
8.4,4.1,87.9,27.4
8.5,4.1,87.9,27.4
8.6,4.2,87.9,27.4
8.7,4.2,87.9,27.4
8.8,4.2,87.9,27.4
8.9,4.3,87.9,27.4
9.0,4.3,87.9,27.4
9.1,4.3,87.9,27.4
9.2,4.3,87.9,27.4
9.3,4.4,87.9,27.4
9.4,4.4,87.9,27.4
9.5,4.4,87.9,27.4
9.6,4.4,87.9,27.4
9.7,4.5,87.9,27.4
9.8,4.5,87.9,27.4
9.9,4.5,87.9,27.4
10.0,4.6,87.9,27.4
10.1,4.6,87.9,27.4
10.2,4.6,87.9,27.4
10.3,4.6,87.9,27.4
10.4,4.7,87.9,27.4
10.5,4.6,87.9,27.4
10.6,4.5,87.9,27.4
10.7,4.4,87.9,27.4
10.8,4.3,87.9,27.4
10.9,4.3,87.9,27.4
11.0,4.2,87.9,27.4
11.1,4.5,87.9,27.4
11.2,4.6,87.9,27.4
11.3,4.6,87.9,27.4
11.4,4.6,87.9,27.4
11.5,4.6,87.9,27.4
11.6,4.6,87.9,27.4
11.7,4.6,87.9,27.4
11.8,4.6,87.9,27.4
11.9,4.6,87.9,27.4
12.0,4.6,87.9,27.4
12.1,4.6,87.9,27.4
12.2,4.6,87.9,27.4
12.3,4.7,87.9,27.4
12.4,4.7,87.9,27.4
12.5,4.7,87.9,27.4
12.6,4.7,87.9,27.4
12.7,4.7,87.9,27.4
12.8,4.7,87.9,27.4
12.9,4.7,87.9,27.4
13.0,4.7,87.9,27.4
13.1,4.7,87.9,27.4
13.2,4.7,87.9,27.4
13.3,4.7,87.9,27.4
13.4,4.7,87.9,27.4
13.5,4.7,87.9,27.4
13.6,4.7,87.9,27.4
13.7,4.7,87.9,27.4
13.8,4.7,87.9,27.4
13.9,4.7,87.9,27.4
14.0,4.7,87.9,27.4
14.1,4.7,87.9,27.4
14.2,4.7,87.9,27.4
14.3,4.7,87.9,27.4
14.4,4.7,87.9,27.4
14.5,4.7,87.9,27.4
14.6,4.7,87.9,27.4
14.7,4.7,87.9,27.4
14.8,4.7,87.9,27.4
14.9,4.7,87.9,27.4
15.0,4.7,87.9,27.4
15.1,4.7,87.9,27.4
15.2,4.7,87.9,27.4
15.3,4.7,87.9,27.4
15.4,4.8,87.9,27.4
15.5,4.8,87.9,27.4
15.6,4.8,87.9,27.4
15.7,4.8,87.9,27.4
15.8,4.8,87.9,27.4
15.9,4.8,87.9,27.4
16.0,4.8,87.9,27.4
16.1,4.8,87.9,27.4
16.2,4.7,87.9,27.4
16.3,4.7,87.9,27.4
16.4,4.7,87.9,27.4
16.5,4.7,87.9,27.4
16.6,4.7,87.9,27.4
16.7,4.7,87.9,27.4
16.8,4.7,87.9,27.4
16.9,4.7,87.9,27.4
17.0,4.7,87.9,27.4
17.1,4.7,87.9,27.4
17.2,4.7,87.9,27.4
17.3,4.7,87.9,27.4
17.4,4.7,87.9,27.4
17.5,4.7,87.9,27.4
17.6,4.8,87.9,27.4
17.7,4.8,87.9,27.4
17.8,4.8,87.9,27.4
17.9,4.8,87.9,27.4
18.0,4.8,87.9,27.4
18.1,4.8,87.9,27.4
18.2,4.8,87.9,27.4
18.3,4.8,87.9,27.4
18.4,4.8,87.9,27.4
18.5,4.7,87.9,27.4
18.6,4.8,87.9,27.4
18.7,4.8,87.9,27.4
18.8,4.9,87.9,27.4
18.9,4.9,87.9,27.4
19.0,4.9,87.9,27.4
19.1,4.9,87.9,27.4
19.2,4.9,87.9,27.4
19.3,4.9,87.9,27.4
19.4,4.9,87.9,27.4
19.5,4.9,87.9,27.4
19.6,4.9,87.9,27.4
19.7,4.9,87.9,27.4
19.8,4.9,87.9,27.4
19.9,4.9,87.9,27.4
20.0,4.9,87.9,27.4
20.1,4.9,87.9,27.4
20.2,4.8,87.9,27.4
20.3,4.8,87.9,27.4
20.4,4.8,87.9,27.4
20.5,4.8,87.9,27.4
20.6,4.8,87.9,27.4
20.7,4.8,87.9,27.4
20.8,4.8,87.9,27.4
20.9,4.8,87.9,27.4
21.0,4.8,87.9,27.4
21.1,4.8,87.9,27.4
21.2,4.8,87.9,27.4
21.3,4.8,87.9,27.4
21.4,4.8,87.9,27.4
21.5,4.8,87.9,27.4
21.6,4.8,87.9,27.4
21.7,4.8,87.9,27.4
21.8,4.8,87.9,27.4
21.9,4.8,87.9,27.4
22.0,4.8,87.9,27.4
22.1,4.8,87.9,27.4
22.2,4.9,87.9,27.4
22.3,4.9,87.9,27.4
22.4,4.9,87.9,27.4
22.5,4.9,87.9,27.4
22.6,4.9,87.9,27.4
22.7,4.9,87.9,27.4
22.8,4.9,87.9,27.4
22.9,4.9,87.9,27.4
23.0,4.9,87.9,27.4
23.1,4.9,87.9,27.4
23.2,4.9,87.9,27.4
23.3,4.9,87.9,27.4
23.4,4.9,87.9,27.4
23.5,4.9,87.9,27.4
23.6,4.9,87.9,27.4
23.7,4.9,87.9,27.4
23.8,4.9,87.9,27.4
23.9,4.9,87.9,27.4
24.0,4.9,87.9,27.4
24.1,4.9,87.9,27.4
24.2,4.9,87.9,27.4
24.3,4.9,87.9,27.4
24.4,4.9,87.9,27.4
24.5,4.9,87.9,27.4
24.6,4.9,87.9,27.4
24.7,4.9,87.9,27.4
24.8,4.9,87.9,27.4
24.9,4.9,87.9,27.4
25.0,4.9,87.9,27.4
25.1,5.0,87.9,27.4
25.2,5.0,87.9,27.4
25.3,5.0,87.9,27.4
25.4,5.0,87.9,27.4
25.5,5.0,87.9,27.4
25.6,5.0,87.9,27.4
25.7,5.0,87.9,27.4
25.8,5.0,87.9,27.4
25.9,5.0,87.9,27.4
26.0,5.0,87.9,27.4
26.1,5.0,87.9,27.4
26.2,5.0,87.9,27.4
26.3,5.0,87.9,27.4
26.4,5.0,87.9,27.4
26.5,5.0,87.9,27.4
26.6,5.0,87.9,27.4
26.7,5.0,87.9,27.4
26.8,5.0,87.9,27.4
26.9,5.0,87.9,27.4
27.0,5.0,87.9,27.4
27.1,5.0,87.9,27.4
27.2,5.0,87.9,27.4
27.3,5.0,87.9,27.4
27.4,5.0,87.9,27.4
27.5,5.0,87.9,27.4
27.6,5.0,87.9,27.4
27.7,5.0,87.9,27.4
27.8,5.1,87.9,27.4
27.9,5.1,87.9,27.4
28.0,5.1,87.9,27.4
28.1,5.1,87.9,27.4
28.2,5.1,87.9,27.4
28.3,5.1,87.9,27.4
28.4,5.1,87.9,27.4
28.5,5.1,87.9,27.4
28.6,5.1,87.9,27.4
28.7,5.1,87.9,27.4
28.8,5.1,87.9,27.4
28.9,5.1,87.9,27.4
29.0,5.1,87.9,27.4
29.1,5.1,87.9,27.4
29.2,5.1,87.9,27.4
29.3,5.1,87.9,27.4
29.4,5.1,87.9,27.4
29.5,5.1,87.9,27.4
29.6,5.1,87.9,27.4
29.7,5.1,87.9,27.4
29.8,5.1,87.9,27.4
29.9,5.1,87.9,27.4
30.0,5.1,87.9,27.4
30.1,5.1,87.9,27.4
30.2,5.1,87.9,27.4
30.3,5.1,87.9,27.4
30.4,5.1,87.9,27.4
30.5,5.2,87.9,27.4
30.6,5.2,87.9,27.4
30.7,5.2,87.9,27.4
30.8,5.2,87.9,27.4
30.9,5.2,87.9,27.4
31.0,5.2,87.9,27.4
31.1,5.2,87.9,27.4
31.2,5.2,87.9,27.4
31.3,5.2,87.9,27.4
31.4,5.2,87.9,27.4
31.5,5.2,87.9,27.4
31.6,5.2,87.9,27.4
31.7,5.2,87.9,27.4
31.8,5.2,87.9,27.4
31.9,5.2,87.9,27.4
32.0,5.2,87.9,27.4
32.1,5.2,87.9,27.4
32.2,5.2,87.9,27.4
32.3,5.2,87.9,27.4
32.4,5.2,87.9,27.4
32.5,5.2,87.9,27.4
32.6,5.2,87.9,27.4
32.7,5.2,87.9,27.4
32.8,5.2,87.9,27.4
32.9,5.2,87.9,27.4
33.0,5.2,87.9,27.4
33.1,5.2,87.9,27.4
33.2,5.2,87.9,27.4
33.3,5.3,87.9,27.4
33.4,5.3,87.9,27.4
33.5,5.3,87.9,27.4
33.6,5.3,87.9,27.4
33.7,5.3,87.9,27.4
33.8,5.3,87.9,27.4
33.9,5.3,87.9,27.4
34.0,5.3,87.9,27.4
34.1,5.3,87.9,27.4
34.2,5.3,87.9,27.4
34.3,5.3,87.9,27.4
34.4,5.3,87.9,27.4
34.5,5.3,87.9,27.4
34.6,5.3,87.9,27.4
34.7,5.3,87.9,27.4
34.8,5.3,87.9,27.4
34.9,5.3,87.9,27.4
35.0,5.3,87.9,27.4
35.1,5.3,87.9,27.4
35.2,5.3,87.9,27.4
35.3,5.3,87.9,27.4
35.4,5.3,87.9,27.4
35.5,5.3,87.9,27.4
35.6,5.3,87.9,27.4
35.7,5.3,87.9,27.4
35.8,5.3,87.9,27.4
35.9,5.3,87.9,27.4
36.0,5.3,87.9,27.4
36.1,5.3,87.9,27.4
36.2,5.3,87.9,27.4
36.3,5.3,87.9,27.4
36.4,5.4,87.9,27.4
36.5,5.4,87.9,27.4
36.6,5.4,87.9,27.4
36.7,5.4,87.9,27.4
36.8,5.4,87.9,27.4
36.9,5.4,87.9,27.4
37.0,5.4,87.9,27.4
37.1,5.4,87.9,27.4
37.2,5.4,87.9,27.4
37.3,5.4,87.9,27.4
37.4,5.4,87.9,27.4
37.5,5.4,87.9,27.4
37.6,5.4,87.9,27.4
37.7,5.4,87.9,27.4
37.8,5.4,87.9,27.4
37.9,5.4,87.9,27.4
38.0,5.4,87.9,27.4
38.1,5.4,87.9,27.4
38.2,5.4,87.9,27.4
38.3,5.4,87.9,27.4
38.4,5.4,87.9,27.4
38.5,5.4,87.9,27.4
38.6,5.4,87.9,27.4
38.7,5.4,87.9,27.4
38.8,5.4,87.9,27.4
38.9,5.4,87.9,27.4
39.0,5.4,87.9,27.4
39.1,5.4,87.9,27.4
39.2,5.4,87.9,27.4
39.3,5.4,87.9,27.4
39.4,5.4,87.9,27.4
39.5,5.4,87.9,27.4
39.6,5.4,87.9,27.4
39.7,5.4,87.9,27.4
39.8,5.5,87.9,27.4
39.9,5.5,87.9,27.4
40.0,5.5,87.9,27.4
40.1,5.5,87.9,27.4
40.2,5.5,87.9,27.4
40.3,5.5,87.9,27.4
40.4,5.5,87.9,27.4
40.5,5.5,87.9,27.4
40.6,5.5,87.9,27.4
40.7,5.5,87.9,27.4
40.8,5.5,87.9,27.4
40.9,5.5,87.9,27.4
41.0,5.5,87.9,27.4
41.1,5.5,87.9,27.4
41.2,5.6,87.9,27.4
41.3,5.6,87.9,27.4
41.4,5.6,87.9,27.4
41.5,5.6,87.9,27.4
41.6,5.6,87.9,27.4
41.7,5.6,87.9,27.4
41.8,5.6,87.9,27.4
41.9,5.6,87.9,27.4
42.0,5.6,87.9,27.4
42.1,5.5,87.9,27.4
42.2,5.5,87.9,27.4
42.3,5.5,87.9,27.4
42.4,5.5,87.9,27.4
42.5,5.6,87.9,27.4
42.6,5.6,87.9,27.4
42.7,5.6,87.9,27.4
42.8,5.6,87.9,27.4
42.9,5.6,87.9,27.4
43.0,5.7,87.9,27.4
43.1,5.7,87.9,27.4
43.2,5.7,87.9,27.4
43.3,5.7,87.9,27.4
43.4,5.8,87.9,27.4
43.5,5.8,87.9,27.4
43.6,5.8,87.9,27.4
43.7,5.8,87.9,27.4
43.8,5.8,87.9,27.4
43.9,5.9,87.9,27.4
44.0,5.9,87.9,27.4
44.1,5.9,87.9,27.4
44.2,5.9,87.9,27.4
44.3,6.0,87.9,27.4
44.4,6.0,87.9,27.4
44.5,6.0,87.9,27.4
44.6,6.0,87.9,27.4
44.7,6.0,87.9,27.4
44.8,6.1,87.9,27.4
44.9,6.1,87.9,27.4
45.0,6.1,87.9,27.4
45.1,6.2,87.9,27.4
45.2,6.2,87.9,27.4
45.3,6.2,87.9,27.4
45.4,6.3,87.9,27.4
45.5,6.3,87.9,27.4
45.6,6.4,87.9,27.4
45.7,6.4,87.9,27.4
45.8,6.4,87.9,27.4
45.9,6.5,87.9,27.4
46.0,6.5,87.9,27.4
46.1,6.5,87.9,27.4
46.2,6.6,87.9,27.4
46.3,6.6,87.9,27.4
46.4,6.6,87.9,27.4
46.5,6.7,87.9,27.4
46.6,6.8,87.9,27.4
46.7,6.9,87.9,27.4
46.8,7.0,87.9,27.4
46.9,7.0,87.9,27.4
47.0,7.0,87.9,27.4
47.1,7.1,87.9,27.4
47.2,7.1,87.9,27.4
47.3,7.1,87.9,27.4
47.4,7.2,87.9,27.4
47.5,7.2,87.9,27.4
47.6,7.2,87.9,27.4
47.7,7.3,87.9,27.4
47.8,7.3,87.9,27.4
47.9,7.3,87.9,27.4
48.0,7.4,87.9,27.4
48.1,7.4,87.9,27.4
48.2,7.4,87.9,27.4
48.3,7.5,87.9,27.4
48.4,7.5,87.9,27.4
48.5,7.6,87.9,27.4
48.6,7.6,87.9,27.4
48.7,7.6,87.9,27.4
48.8,7.7,87.9,27.4
48.9,7.7,87.9,27.4
49.0,7.8,87.9,27.4
49.1,7.8,87.9,27.4
49.2,7.9,87.9,27.4
49.3,7.9,87.9,27.4
49.4,8.0,87.9,27.4
49.5,8.0,87.9,27.4
49.6,8.1,87.9,27.4
49.7,8.1,87.9,27.4
49.8,8.2,87.9,27.4
49.9,8.2,87.9,27.4
50.0,8.3,87.9,27.4
50.1,8.3,87.9,27.4
50.2,8.3,87.9,27.4
50.3,8.4,87.9,27.4
50.4,8.4,87.9,27.4
50.5,8.4,87.9,27.4
50.6,8.5,87.9,27.4
50.7,8.5,87.9,27.4
50.8,8.5,87.9,27.4
50.9,8.6,87.9,27.4
51.0,8.6,87.9,27.4
51.1,8.6,87.9,27.4
51.2,8.7,87.9,27.4
51.3,8.7,87.9,27.4
51.4,8.7,87.9,27.4
51.5,8.7,87.9,27.4
51.6,8.7,87.9,27.4
51.7,8.8,87.9,27.4
51.8,8.8,87.9,27.4
51.9,8.8,87.9,27.4
52.0,8.8,87.9,27.4
52.1,8.8,87.9,27.4
52.2,8.8,87.9,27.4
52.3,8.9,87.9,27.4
52.4,8.9,87.9,27.4
52.5,8.9,87.9,27.4
52.6,8.9,87.9,27.4
52.7,8.9,87.9,27.4
52.8,8.9,87.9,27.4
52.9,9.0,87.9,27.4
53.0,9.1,87.9,27.4
53.1,9.1,87.9,27.4
53.2,9.1,87.9,27.4
53.3,9.1,87.9,27.4
53.4,9.1,87.9,27.4
53.5,9.1,87.9,27.4
53.6,9.1,87.9,27.4
53.7,9.1,87.9,27.4
53.8,9.1,87.9,27.4
53.9,9.1,87.9,27.4
54.0,9.1,87.9,27.4
54.1,9.1,87.9,27.4
54.2,9.1,87.9,27.4
54.3,9.1,87.9,27.4
54.4,9.1,87.9,27.4
54.5,9.1,87.9,27.4
54.6,9.1,87.9,27.4
54.7,9.1,87.9,27.4
54.8,9.1,87.9,27.4
54.9,9.1,87.9,27.4
55.0,9.1,87.9,27.4
55.1,9.1,87.9,27.4
55.2,9.2,87.9,27.4
55.3,9.2,87.9,27.4
55.4,9.2,87.9,27.4
55.5,9.2,87.9,27.4
55.6,9.2,87.9,27.4
55.7,9.2,87.9,27.4
55.8,9.2,87.9,27.4
55.9,9.2,87.9,27.4
56.0,9.2,87.9,27.4
56.1,9.2,87.9,27.4
56.2,9.3,87.9,27.4
56.3,9.3,87.9,27.4
56.4,9.3,87.9,27.4
56.5,9.3,87.9,27.4
56.6,9.4,87.9,27.4
56.7,9.4,87.9,27.4
56.8,9.4,87.9,27.4
56.9,9.4,87.9,27.4
57.0,9.4,87.9,27.4
57.1,9.5,87.9,27.4
57.2,9.5,87.9,27.4
57.3,9.5,87.9,27.4
57.4,9.5,87.9,27.4
57.5,9.5,87.9,27.4
57.6,9.6,87.9,27.4
57.7,9.6,87.9,27.4
57.8,9.6,87.9,27.4
57.9,9.7,87.9,27.4
58.0,9.7,87.9,27.4
58.1,9.6,87.9,27.4
58.2,9.6,87.9,27.4
58.3,9.7,87.9,27.4
58.4,9.7,87.9,27.4
58.5,9.7,87.9,27.4
58.6,9.7,87.9,27.4
58.7,9.8,87.9,27.4
58.8,9.8,87.9,27.4
58.9,9.9,87.9,27.4
59.0,10.0,87.9,27.4
59.1,10.0,87.9,27.4
59.2,10.1,87.9,27.4
59.3,10.2,87.9,27.4
59.4,10.3,87.9,27.4
59.5,10.4,87.9,27.4
59.6,10.4,87.9,27.4
59.7,10.5,87.9,27.4
59.8,10.6,87.9,27.4
59.9,10.7,87.9,27.4
60.0,10.8,87.9,27.4
60.1,10.8,87.9,27.4
60.2,10.9,87.9,27.4
60.3,10.8,87.9,27.4
60.4,10.8,87.9,27.4
60.5,10.8,87.9,27.4
60.6,10.8,87.9,27.4
60.7,10.9,87.9,27.4
60.8,10.9,87.9,27.4
60.9,11.0,87.9,27.4
61.0,11.1,87.9,27.4
61.1,11.1,87.9,27.4
61.2,11.1,87.9,27.4
61.3,11.2,87.9,27.4
61.4,11.2,87.9,27.4
61.5,11.3,87.9,27.4
61.6,11.4,87.9,27.4
61.7,11.4,87.9,27.4
61.8,11.5,87.9,27.4
61.9,11.5,87.9,27.4
62.0,11.6,87.9,27.4
62.1,11.6,87.9,27.4
62.2,11.7,87.9,27.4
62.3,11.7,87.9,27.4
62.4,11.8,87.9,27.4
62.5,11.9,87.9,27.4
62.6,11.9,87.9,27.4
62.7,12.0,87.9,27.4
62.8,12.0,87.9,27.4
62.9,12.1,87.9,27.4
63.0,12.1,87.9,27.4
63.1,12.2,87.9,27.4
63.2,12.2,87.9,27.4
63.3,12.3,87.9,27.4
63.4,12.4,87.9,27.4
63.5,12.4,87.9,27.4
63.6,12.5,87.9,27.4
63.7,12.5,87.9,27.4
63.8,12.6,87.9,27.4
63.9,12.7,87.9,27.4
64.0,12.8,87.9,27.4
64.1,12.8,87.9,27.4
64.2,12.9,87.9,27.4
64.3,12.9,87.9,27.4
64.4,12.9,87.9,27.4
64.5,12.9,87.9,27.4
64.6,13.0,87.9,27.4
64.7,13.1,87.9,27.4
64.8,13.1,87.9,27.4
64.9,13.2,87.9,27.4
65.0,13.3,87.9,27.4
65.1,13.3,87.9,27.4
65.2,13.4,87.9,27.4
65.3,13.4,87.9,27.4
65.4,13.5,87.9,27.4
65.5,13.5,87.9,27.4
65.6,13.6,87.9,27.4
65.7,13.6,87.9,27.4
65.8,13.7,87.9,27.4
65.9,13.7,87.9,27.4
66.0,13.8,87.9,27.4
66.1,13.8,87.9,27.4
66.2,13.9,87.9,27.4
66.3,14.0,87.9,27.4
66.4,14.0,87.9,27.4
66.5,14.1,87.9,27.4
66.6,14.1,87.9,27.4
66.7,14.2,87.9,27.4
66.8,14.2,87.9,27.4
66.9,14.3,87.9,27.4
67.0,14.3,87.9,27.4
67.1,14.4,87.9,27.4
67.2,14.4,87.9,27.4
67.3,14.5,87.9,27.4
67.4,14.6,87.9,27.4
67.5,14.6,87.9,27.4
67.6,14.7,87.9,27.4
67.7,14.7,87.9,27.4
67.8,14.8,87.9,27.4
67.9,14.9,87.9,27.4
68.0,14.9,87.9,27.4
68.1,15.0,87.9,27.4
68.2,15.0,87.9,27.4
68.3,15.0,87.9,27.4
68.4,15.1,87.9,27.4
68.5,15.1,87.9,27.4
68.6,15.2,87.9,27.4
68.7,15.2,87.9,27.4
68.8,15.3,87.9,27.4
68.9,15.3,87.9,27.4
69.0,15.4,87.9,27.4
69.1,15.4,87.9,27.4
69.2,15.5,87.9,27.4
69.3,15.5,87.9,27.4
69.4,15.6,87.9,27.4
69.5,15.6,87.9,27.4
69.6,15.7,87.9,27.4
69.7,15.7,87.9,27.4
69.8,15.8,87.9,27.4
69.9,15.9,87.9,27.4
70.0,15.9,87.9,27.4
70.1,16.0,87.9,27.4
70.2,16.0,87.9,27.4
70.3,16.1,87.9,27.4
70.4,16.2,87.9,27.4
70.5,16.2,87.9,27.4
70.6,16.3,87.9,27.4
70.7,16.4,87.9,27.4
70.8,16.4,87.9,27.4
70.9,16.5,87.9,27.4
71.0,16.6,87.9,27.4
71.1,16.6,87.9,27.4
71.2,16.7,87.9,27.4
71.3,16.8,87.9,27.4
71.4,16.8,87.9,27.4
71.5,16.9,87.9,27.4
71.6,16.9,87.9,27.4
71.7,17.0,87.9,27.4
71.8,17.0,87.9,27.4
71.9,17.0,87.9,27.4
72.0,17.1,87.9,27.4
72.1,17.1,87.9,27.4
72.2,17.2,87.9,27.4
72.3,17.2,87.9,27.4
72.4,17.3,87.9,27.4
72.5,17.2,87.9,27.4
72.6,17.3,87.9,27.4
72.7,17.3,87.9,27.4
72.8,17.3,87.9,27.4
72.9,17.4,87.9,27.4
73.0,17.4,87.9,27.4
73.1,17.4,87.9,27.4
73.2,17.5,87.9,27.4
73.3,17.6,87.9,27.4
73.4,17.7,87.9,27.4
73.5,17.8,87.9,27.4
73.6,17.9,87.9,27.4
73.7,17.9,87.9,27.4
73.8,18.0,87.9,27.4
73.9,18.0,87.9,27.4
74.0,18.1,87.9,27.4
74.1,18.2,87.9,27.4
74.2,18.2,87.9,27.4
74.3,18.3,87.9,27.4
74.4,18.4,87.9,27.4
74.5,18.4,87.9,27.4
74.6,18.5,87.9,27.4
74.7,18.5,87.9,27.4
74.8,18.6,87.9,27.4
74.9,18.7,87.9,27.4
75.0,18.7,87.9,27.4
75.1,18.8,87.9,27.4
75.2,18.8,87.9,27.4
75.3,18.9,87.9,27.4
75.4,18.9,87.9,27.4
75.5,19.0,87.9,27.4
75.6,19.0,87.9,27.4
75.7,19.1,87.9,27.4
75.8,19.1,87.9,27.4
75.9,19.2,87.9,27.4
76.0,19.2,87.9,27.4
76.1,19.2,87.9,27.4
76.2,19.2,87.9,27.4
76.3,19.3,87.9,27.4
76.4,19.3,87.9,27.4
76.5,19.4,87.9,27.4
76.6,19.4,87.9,27.4
76.7,19.4,87.9,27.4
76.8,19.5,87.9,27.4
76.9,19.5,87.9,27.4
77.0,19.6,87.9,27.4
77.1,19.6,87.9,27.4
77.2,19.7,87.9,27.4
77.3,19.7,87.9,27.4
77.4,19.8,87.9,27.4
77.5,19.8,87.9,27.4
77.6,19.9,87.9,27.4
77.7,19.9,87.9,27.4
77.8,20.0,87.9,27.4
77.9,20.1,87.9,27.4
78.0,20.1,87.9,27.4
78.1,20.2,87.9,27.4
78.2,20.3,87.9,27.4
78.3,20.4,87.9,27.4
78.4,20.5,87.9,27.4
78.5,20.6,87.9,27.4
78.6,20.6,87.9,27.4
78.7,20.7,87.9,27.4
78.8,20.8,87.9,27.4
78.9,20.8,87.9,27.4
79.0,20.9,87.9,27.4
79.1,20.9,87.9,27.4
79.2,21.0,87.9,27.4
79.3,21.0,87.9,27.4
79.4,21.1,87.9,27.4
79.5,21.1,87.9,27.4
79.6,21.2,87.9,27.4
79.7,21.2,87.9,27.4
79.8,21.3,87.9,27.4
79.9,21.4,87.9,27.4
80.0,21.4,87.9,27.4
80.1,21.5,87.9,27.4
80.2,21.5,87.9,27.4
80.3,21.6,87.9,27.4
80.4,21.6,87.9,27.4
80.5,21.7,87.9,27.4
80.6,21.7,87.9,27.4
80.7,21.8,87.9,27.4
80.8,21.8,87.9,27.4
80.9,21.9,87.9,27.4
81.0,21.9,87.9,27.4
81.1,22.0,87.9,27.4
81.2,22.0,87.9,27.4
81.3,22.1,87.9,27.4
81.4,22.1,87.9,27.4
81.5,22.2,87.9,27.4
81.6,22.2,87.9,27.4
81.7,22.2,87.9,27.4
81.8,22.3,87.9,27.4
81.9,22.3,87.9,27.4
82.0,22.3,87.9,27.4
82.1,22.4,87.9,27.4
82.2,22.4,87.9,27.4
82.3,22.4,87.9,27.4
82.4,22.4,87.9,27.4
82.5,22.5,87.9,27.4
82.6,22.5,87.9,27.4
82.7,22.5,87.9,27.4
82.8,22.5,87.9,27.4
82.9,22.5,87.9,27.4
83.0,22.6,87.9,27.4
83.1,22.6,87.9,27.4
83.2,22.6,87.9,27.4
83.3,22.6,87.9,27.4
83.4,22.6,87.9,27.4
83.5,22.7,87.9,27.4
83.6,22.7,87.9,27.4
83.7,22.7,87.9,27.4
83.8,22.7,87.9,27.4
83.9,22.7,87.9,27.4
84.0,22.8,87.9,27.4
84.1,22.8,87.9,27.4
84.2,22.8,87.9,27.4
84.3,22.8,87.9,27.4
84.4,22.8,87.9,27.4
84.5,22.9,87.9,27.4
84.6,22.9,87.9,27.4
84.7,22.9,87.9,27.4
84.8,22.9,87.9,27.4
84.9,22.9,87.9,27.4
85.0,23.0,87.9,27.4
85.1,23.0,87.9,27.4
85.2,23.0,87.9,27.4
85.3,23.0,87.9,27.4
85.4,23.0,87.9,27.4
85.5,23.0,87.9,27.4
85.6,23.0,87.9,27.4
85.7,23.0,87.9,27.4
85.8,23.0,87.9,27.4
85.9,23.0,87.9,27.4
86.0,23.0,87.9,27.4
86.1,23.0,87.9,27.4
86.2,23.0,87.9,27.4
86.3,23.0,87.9,27.4
86.4,23.1,87.9,27.4
86.5,23.1,87.9,27.4
86.6,23.1,87.9,27.4
86.7,23.1,87.9,27.4
86.8,23.2,87.9,27.4
86.9,23.2,87.9,27.4
87.0,23.2,87.9,27.4
87.1,23.2,87.9,27.4
87.2,23.2,87.9,27.4
87.3,23.3,87.9,27.4
87.4,23.3,87.9,27.4
87.5,23.3,87.9,27.4
87.6,23.3,87.9,27.4
87.7,23.3,87.9,27.4
87.8,23.3,87.9,27.4
87.9,23.3,87.9,27.4
88.0,23.3,87.9,27.4
88.1,23.3,87.9,27.4
88.2,23.3,87.9,27.4
88.3,23.3,87.9,27.4
88.4,23.3,87.9,27.4
88.5,23.4,87.9,27.4
88.6,23.4,87.9,27.4
88.7,23.4,87.9,27.4
88.8,23.4,87.9,27.4
88.9,23.4,87.9,27.4
89.0,23.4,87.9,27.4
89.1,23.4,87.9,27.4
89.2,23.4,87.9,27.4
89.3,23.3,87.9,27.4
89.4,23.4,87.9,27.4
89.5,23.4,87.9,27.4
89.6,23.4,87.9,27.4
89.7,23.4,87.9,27.4
89.8,23.4,87.9,27.4
89.9,23.4,87.9,27.4
90.0,23.4,87.9,27.4
90.1,23.5,87.9,27.4
90.2,23.5,87.9,27.4
90.3,23.5,87.9,27.4
90.4,23.5,87.9,27.4
90.5,23.5,87.9,27.4
90.6,23.5,87.9,27.4
90.7,23.6,87.9,27.4
90.8,23.6,87.9,27.4
90.9,23.6,87.9,27.4
91.0,23.6,87.9,27.4
91.1,23.6,87.9,27.4
91.2,23.6,87.9,27.4
91.3,23.7,87.9,27.4
91.4,23.7,87.9,27.4
91.5,23.7,87.9,27.4
91.6,23.7,87.9,27.4
91.7,23.7,87.9,27.4
91.8,23.7,87.9,27.4
91.9,23.7,87.9,27.4
92.0,23.7,87.9,27.4
92.1,23.7,87.9,27.4
92.2,23.7,87.9,27.4
92.3,23.7,87.9,27.4
92.4,23.8,87.9,27.4
92.5,23.8,87.9,27.4
92.6,23.8,87.9,27.4
92.7,23.8,87.9,27.4
92.8,23.8,87.9,27.4
92.9,23.8,87.9,27.4
93.0,23.8,87.9,27.4
93.1,23.8,87.9,27.4
93.2,23.9,87.9,27.4
93.3,23.9,87.9,27.4
93.4,23.9,87.9,27.4
93.5,23.9,87.9,27.4
93.6,23.9,87.9,27.4
93.7,23.9,87.9,27.4
93.8,23.9,87.9,27.4
93.9,24.0,87.9,27.4
94.0,24.0,87.9,27.4
94.1,24.0,87.9,27.4
94.2,24.0,87.9,27.4
94.3,24.0,87.9,27.4
94.4,24.0,87.9,27.4
94.5,24.0,87.9,27.4
94.6,24.0,87.9,27.4
94.7,24.1,87.9,27.4
94.8,24.1,87.9,27.4
94.9,24.1,87.9,27.4
95.0,24.1,87.9,27.4
95.1,24.1,87.9,27.4
95.2,24.1,87.9,27.4
95.3,24.1,87.9,27.4
95.4,24.2,87.9,27.4
95.5,24.2,87.9,27.4
95.6,24.2,87.9,27.4
95.7,24.2,87.9,27.4
95.8,24.2,87.9,27.4
95.9,24.2,87.9,27.4
96.0,24.2,87.9,27.4
96.1,24.2,87.9,27.4
96.2,24.3,87.9,27.4
96.3,24.3,87.9,27.4
96.4,24.3,87.9,27.4
96.5,24.3,87.9,27.4
96.6,24.3,87.9,27.4
96.7,24.4,87.9,27.4
96.8,24.4,87.9,27.4
96.9,24.4,87.9,27.4
97.0,24.4,87.9,27.4
97.1,24.4,87.9,27.4
97.2,24.4,87.9,27.4
97.3,24.4,87.9,27.4
97.4,24.5,87.9,27.4
97.5,24.5,87.9,27.4
97.6,24.5,87.9,27.4
97.7,24.5,87.9,27.4
97.8,24.5,87.9,27.4
97.9,24.5,87.9,27.4
98.0,24.5,87.9,27.4
98.1,24.5,87.9,27.4
98.2,24.6,87.9,27.4
98.3,24.6,87.9,27.4
98.4,24.6,87.9,27.4
98.5,24.6,87.9,27.4
98.6,24.6,87.9,27.4
98.7,24.6,87.9,27.4
98.8,24.6,87.9,27.4
98.9,24.6,87.9,27.4
99.0,24.7,87.9,27.4
99.1,24.7,87.9,27.4
99.2,24.7,87.9,27.4
99.3,24.7,87.9,27.4
99.4,24.7,87.9,27.4
99.5,24.7,87.9,27.4
99.6,24.7,87.9,27.4
99.7,24.8,87.9,27.4
99.8,24.8,87.9,27.4
99.9,24.8,87.9,27.4
100.0,24.8,87.9,27.4
100.1,24.8,87.9,27.4
100.2,24.8,87.9,27.4
100.3,24.8,87.9,27.4
100.4,24.8,87.9,27.4
100.5,24.9,87.9,27.4
100.6,24.9,87.9,27.4
100.7,24.9,87.9,27.4
100.8,24.9,87.9,27.4
100.9,24.9,87.9,27.4
101.0,24.9,87.9,27.4
101.1,24.9,87.9,27.4
101.2,25.0,87.9,27.4
101.3,25.0,87.9,27.4
101.4,25.0,87.9,27.4
101.5,25.0,87.9,27.4
101.6,25.0,87.9,27.4
101.7,25.0,87.9,27.4
101.8,25.0,87.9,27.4
101.9,25.1,87.9,27.4
102.0,25.1,87.9,27.4
102.1,25.1,87.9,27.4
102.2,25.1,87.9,27.4
102.3,25.1,87.9,27.4
102.4,25.1,87.9,27.4
102.5,25.1,87.9,27.4
102.6,25.1,87.9,27.4
102.7,25.2,87.9,27.4
102.8,25.2,87.9,27.4
102.9,25.2,87.9,27.4
103.0,25.2,87.9,27.4
103.1,25.2,87.9,27.4
103.2,25.2,87.9,27.4
103.3,25.3,87.9,27.4
103.4,25.3,87.9,27.4
103.5,25.3,87.9,27.4
103.6,25.3,87.9,27.4
103.7,25.3,87.9,27.4
103.8,25.3,87.9,27.4
103.9,25.3,87.9,27.4
104.0,25.3,87.9,27.4
104.1,25.3,87.9,27.4
104.2,25.4,87.9,27.4
104.3,25.4,87.9,27.4
104.4,25.4,87.9,27.4
104.5,25.4,87.9,27.4
104.6,25.4,87.9,27.4
104.7,25.4,87.9,27.4
104.8,25.4,87.9,27.4
104.9,25.4,87.9,27.4
105.0,25.5,87.9,27.4
105.1,25.5,87.9,27.4
105.2,25.5,87.9,27.4
105.3,25.5,87.9,27.4
105.4,25.5,87.9,27.4
105.5,25.5,87.9,27.4
105.6,25.5,87.9,27.4
105.7,25.6,87.9,27.4
105.8,25.6,87.9,27.4
105.9,25.6,87.9,27.4
106.0,25.6,87.9,27.4
106.1,25.6,87.9,27.4
106.2,25.6,87.9,27.4
106.3,25.6,87.9,27.4
106.4,25.7,87.9,27.4
106.5,25.7,87.9,27.4
106.6,25.7,87.9,27.4
106.7,25.7,87.9,27.4
106.8,25.7,87.9,27.4
106.9,25.7,87.9,27.4
107.0,25.7,87.9,27.4
107.1,25.8,87.9,27.4
107.2,25.8,87.9,27.4
107.3,25.8,87.9,27.4
107.4,25.8,87.9,27.4
107.5,25.8,87.9,27.4
107.6,25.8,87.9,27.4
107.7,25.8,87.9,27.4
107.8,25.8,87.9,27.4
107.9,25.9,87.9,27.4
108.0,25.9,87.9,27.4
108.1,25.9,87.9,27.4
108.2,25.9,87.9,27.4
108.3,25.9,87.9,27.4
108.4,25.9,87.9,27.4
108.5,25.9,87.9,27.4
108.6,26.0,87.9,27.4
108.7,26.0,87.9,27.4
108.8,26.0,87.9,27.4
108.9,26.0,87.9,27.4
109.0,26.0,87.9,27.4
109.1,26.0,87.9,27.4
109.2,26.0,87.9,27.4
109.3,26.0,87.9,27.4
109.4,26.1,87.9,27.4
109.5,26.1,87.9,27.4
109.6,26.1,87.9,27.4
109.7,26.1,87.9,27.4
109.8,26.1,87.9,27.4
109.9,26.1,87.9,27.4
110.0,26.1,87.9,27.4
110.1,26.1,87.9,27.4
110.2,26.2,87.9,27.4
110.3,26.2,87.9,27.4
110.4,26.2,87.9,27.4
110.5,26.2,87.9,27.4
110.6,26.2,87.9,27.4
110.7,26.2,87.9,27.4
110.8,26.2,87.9,27.4
110.9,26.3,87.9,27.4
111.0,26.3,87.9,27.4
111.1,26.3,87.9,27.4
111.2,26.3,87.9,27.4
111.3,26.3,87.9,27.4
111.4,26.3,87.9,27.4
111.5,26.3,87.9,27.4
111.6,26.4,87.9,27.4
111.7,26.4,87.9,27.4
111.8,26.4,87.9,27.4
111.9,26.4,87.9,27.4
112.0,26.4,87.9,27.4
112.1,26.4,87.9,27.4
112.2,26.4,87.9,27.4
112.3,26.4,87.9,27.4
112.4,26.5,87.9,27.4
112.5,26.5,87.9,27.4
112.6,26.5,87.9,27.4
112.7,26.5,87.9,27.4
112.8,26.5,87.9,27.4
112.9,26.5,87.9,27.4
113.0,26.5,87.9,27.4
113.1,26.6,87.9,27.4
113.2,26.6,87.9,27.4
113.3,26.6,87.9,27.4
113.4,26.6,87.9,27.4
113.5,26.6,87.9,27.4
113.6,26.6,87.9,27.4
113.7,26.6,87.9,27.4
113.8,26.7,87.9,27.4
113.9,26.7,87.9,27.4
114.0,26.7,87.9,27.4
114.1,26.7,87.9,27.4
114.2,26.7,87.9,27.4
114.3,26.7,87.9,27.4
114.4,26.7,87.9,27.4
114.5,26.7,87.9,27.4
114.6,26.8,87.9,27.4
114.7,26.8,87.9,27.4
114.8,26.8,87.9,27.4
114.9,26.8,87.9,27.4
115.0,26.8,87.9,27.4
115.1,26.8,87.9,27.4
115.2,26.8,87.9,27.4
115.3,26.9,87.9,27.4
115.4,26.9,87.9,27.4
115.5,26.9,87.9,27.4
115.6,26.9,87.9,27.4
115.7,26.9,87.9,27.4
115.8,26.9,87.9,27.4
115.9,26.9,87.9,27.4
116.0,27.0,87.9,27.4
116.1,27.0,87.9,27.4
116.2,27.0,87.9,27.4
116.3,27.0,87.9,27.4
116.4,27.0,87.9,27.4
116.5,27.0,87.9,27.4
116.6,27.0,87.9,27.4
116.7,27.0,87.9,27.4
116.8,27.1,87.9,27.4
116.9,27.1,87.9,27.4
117.0,27.1,87.9,27.4
117.1,27.1,87.9,27.4
117.2,27.1,87.9,27.4
117.3,27.1,87.9,27.4
117.4,27.1,87.9,27.4
117.5,27.2,87.9,27.4
117.6,27.2,87.9,27.4
117.7,27.2,87.9,27.4
117.8,27.2,87.9,27.4
117.9,27.2,87.9,27.4
118.0,27.2,87.9,27.4
118.1,27.2,87.9,27.4
118.2,27.2,87.9,27.4
118.3,27.3,87.9,27.4
118.4,27.3,87.9,27.4
118.5,27.3,87.9,27.4
118.6,27.3,87.9,27.4
118.7,27.3,87.9,27.4
118.8,27.3,87.9,27.4
118.9,27.3,87.9,27.4
119.0,27.4,87.9,27.4
119.1,27.4,87.9,27.4
119.2,27.4,87.9,27.4
119.3,27.4,87.9,27.4
119.4,27.4,87.9,27.4
119.5,27.4,87.9,27.4
119.6,27.4,87.9,27.4
119.7,27.4,87.9,27.4
119.8,27.5,87.9,27.4
119.9,27.5,87.9,27.4
120.0,27.5,87.9,27.4
120.1,27.5,87.9,27.4
120.2,27.5,87.9,27.4
120.3,27.5,87.9,27.4
120.4,27.5,87.9,27.4
120.5,27.6,87.9,27.4
120.6,27.6,87.9,27.4
120.7,27.6,87.9,27.4
120.8,27.6,87.9,27.4
120.9,27.6,87.9,27.4
121.0,27.6,87.9,27.4
121.1,27.6,87.9,27.4
121.2,27.7,87.9,27.4
121.3,27.7,87.9,27.4
121.4,27.7,87.9,27.4
121.5,27.7,87.9,27.4
121.6,27.7,87.9,27.4
121.7,27.7,87.9,27.4
121.8,27.7,87.9,27.4
121.9,27.7,87.9,27.4
122.0,27.8,87.9,27.4
122.1,27.8,87.9,27.4
122.2,27.8,87.9,27.4
122.3,27.8,87.9,27.4
122.4,27.8,87.9,27.4
122.5,27.8,87.9,27.4
122.6,27.8,87.9,27.4
122.7,27.8,87.9,27.4
122.8,27.9,87.9,27.4
122.9,27.9,87.9,27.4
123.0,27.9,87.9,27.4
123.1,27.9,87.9,27.4
123.2,27.9,87.9,27.4
123.3,27.9,87.9,27.4
123.4,27.9,87.9,27.4
123.5,28.0,87.9,27.4
123.6,28.0,87.9,27.4
123.7,28.0,87.9,27.4
123.8,28.0,87.9,27.4
123.9,28.0,87.9,27.4
124.0,28.0,87.9,27.4
124.1,28.0,87.9,27.4
124.2,28.0,87.9,27.4
124.3,28.1,87.9,27.4
124.4,28.1,87.9,27.4
124.5,28.1,87.9,27.4
124.6,28.1,87.9,27.4
124.7,28.1,87.9,27.4
124.8,28.1,87.9,27.4
124.9,28.1,87.9,27.4
125.0,28.2,87.9,27.4
125.1,28.2,87.9,27.4
125.2,28.2,87.9,27.4
125.3,28.2,87.9,27.4
125.4,28.2,87.9,27.4
125.5,28.2,87.9,27.4
125.6,28.2,87.9,27.4
125.7,28.3,87.9,27.4
125.8,28.3,87.9,27.4
125.9,28.3,87.9,27.4
126.0,28.3,87.9,27.4
126.1,28.3,87.9,27.4
126.2,28.3,87.9,27.4
126.3,28.3,87.9,27.4
126.4,28.4,87.9,27.4
126.5,28.4,87.9,27.4
126.6,28.4,87.9,27.4
126.7,28.4,87.9,27.4
126.8,28.4,87.9,27.4
126.9,28.4,87.9,27.4
127.0,28.4,87.9,27.4
127.1,28.4,87.9,27.4
127.2,28.5,87.9,27.4
127.3,28.5,87.9,27.4
127.4,28.5,87.9,27.4
127.5,28.5,87.9,27.4
127.6,28.5,87.9,27.4
127.7,28.5,87.9,27.4
127.8,28.5,87.9,27.4
127.9,28.5,87.9,27.4
128.0,28.6,87.9,27.4
128.1,28.6,87.9,27.4
128.2,28.6,87.9,27.4
128.3,28.6,87.9,27.4
128.4,28.6,87.9,27.4
128.5,28.6,87.9,27.4
128.6,28.6,87.9,27.4
128.7,28.6,87.9,27.4
128.8,28.7,87.9,27.4
128.9,28.7,87.9,27.4
129.0,28.7,87.9,27.4
129.1,28.7,87.9,27.4
129.2,28.7,87.9,27.4
129.3,28.7,87.9,27.4
129.4,28.8,87.9,27.4
129.5,28.8,87.9,27.4
129.6,28.8,87.9,27.4
129.7,28.8,87.9,27.4
129.8,28.8,87.9,27.4
129.9,28.8,87.9,27.4
130.0,28.9,87.9,27.4
130.1,28.9,87.9,27.4
130.2,28.9,87.9,27.4
130.3,28.9,87.9,27.4
130.4,28.9,87.9,27.4
130.5,28.9,87.9,27.4
130.6,28.9,87.9,27.4
130.7,28.9,87.9,27.4
130.8,28.9,87.9,27.4
130.9,29.0,87.9,27.4
131.0,29.0,87.9,27.4
131.1,29.0,87.9,27.4
131.2,29.0,87.9,27.4
131.3,29.0,87.9,27.4
131.4,29.0,87.9,27.4
131.5,29.0,87.9,27.4
131.6,29.0,87.9,27.4
131.7,29.1,87.9,27.4
131.8,29.1,87.9,27.4
131.9,29.1,87.9,27.4
132.0,29.1,87.9,27.4
132.1,29.1,87.9,27.4
132.2,29.1,87.9,27.4
132.3,29.1,87.9,27.4
132.4,29.2,87.9,27.4
132.5,29.2,87.9,27.4
132.6,29.2,87.9,27.4
132.7,29.2,87.9,27.4
132.8,29.2,87.9,27.4
132.9,29.2,87.9,27.4
133.0,29.2,87.9,27.4
133.1,29.2,87.9,27.4
133.2,29.3,87.9,27.4
133.3,29.3,87.9,27.4
133.4,29.3,87.9,27.4
133.5,29.3,87.9,27.4
133.6,29.3,87.9,27.4
133.7,29.4,87.9,27.4
133.8,29.4,87.9,27.4
133.9,29.4,87.9,27.4
134.0,29.4,87.9,27.4
134.1,29.4,87.9,27.4
134.2,29.4,87.9,27.4
134.3,29.4,87.9,27.4
134.4,29.4,87.9,27.4
134.5,29.4,87.9,27.4
134.6,29.5,87.9,27.4
134.7,29.5,87.9,27.4
134.8,29.5,87.9,27.4
134.9,29.5,87.9,27.4
135.0,29.5,87.9,27.4
135.1,29.5,87.9,27.4
135.2,29.5,87.9,27.4
135.3,29.6,87.9,27.4
135.4,29.6,87.9,27.4
135.5,29.6,87.9,27.4
135.6,29.6,87.9,27.4
135.7,29.6,87.9,27.4
135.8,29.6,87.9,27.4
135.9,29.6,87.9,27.4
136.0,29.6,87.9,27.4
136.1,29.6,87.9,27.4
136.2,29.7,87.9,27.4
136.3,29.7,87.9,27.4
136.4,29.7,87.9,27.4
136.5,29.7,87.9,27.4
136.6,29.7,87.9,27.4
136.7,29.7,87.9,27.4
136.8,29.8,87.9,27.4
136.9,29.8,87.9,27.4
137.0,29.8,87.9,27.4
137.1,29.8,87.9,27.4
137.2,29.8,87.9,27.4
137.3,29.8,87.9,27.4
137.4,29.9,87.9,27.4
137.5,29.9,87.9,27.4
137.6,29.9,87.9,27.4
137.7,29.9,87.9,27.4
137.8,29.9,87.9,27.4
137.9,29.9,87.9,27.4
138.0,29.9,87.9,27.4
138.1,29.9,87.9,27.4
138.2,29.9,87.9,27.4
138.3,29.9,87.9,27.4
138.4,30.0,87.9,27.4
138.5,30.0,87.9,27.4
138.6,30.0,87.9,27.4
138.7,30.0,87.9,27.4
138.8,30.0,87.9,27.4
138.9,30.0,87.9,27.4
139.0,30.0,87.9,27.4
139.1,30.1,87.9,27.4
139.2,30.1,87.9,27.4
139.3,30.1,87.9,27.4
139.4,30.1,87.9,27.4
139.5,30.1,87.9,27.4
139.6,30.1,87.9,27.4
139.7,30.1,87.9,27.4
139.8,30.1,87.9,27.4
139.9,30.2,87.9,27.4
140.0,30.2,87.9,27.4
140.1,30.2,87.9,27.4
140.2,30.2,87.9,27.4
140.3,30.2,87.9,27.4
140.4,30.3,87.9,27.4
140.5,30.3,87.9,27.4
140.6,30.3,87.9,27.4
140.7,30.3,87.9,27.4
140.8,30.3,87.9,27.4
140.9,30.3,87.9,27.4
141.0,30.3,87.9,27.4
141.1,30.4,87.9,27.4
141.2,30.4,87.9,27.4
141.3,30.4,87.9,27.4
141.4,30.4,87.9,27.4
141.5,30.4,87.9,27.4
141.6,30.4,87.9,27.4
141.7,30.4,87.9,27.4
141.8,30.5,87.9,27.4
141.9,30.5,87.9,27.4
142.0,30.5,87.9,27.4
142.1,30.5,87.9,27.4
142.2,30.5,87.9,27.4
142.3,30.5,87.9,27.4
142.4,30.5,87.9,27.4
142.5,30.5,87.9,27.4
142.6,30.5,87.9,27.4
142.7,30.6,87.9,27.4
142.8,30.6,87.9,27.4
142.9,30.6,87.9,27.4
143.0,30.6,87.9,27.4
143.1,30.6,87.9,27.4
143.2,30.6,87.9,27.4
143.3,30.6,87.9,27.4
143.4,30.6,87.9,27.4
143.5,30.7,87.9,27.4
143.6,30.7,87.9,27.4
143.7,30.7,87.9,27.4
143.8,30.7,87.9,27.4
143.9,30.7,87.9,27.4
144.0,30.7,87.9,27.4
144.1,30.8,87.9,27.4
144.2,30.8,87.9,27.4
144.3,30.8,87.9,27.4
144.4,30.8,87.9,27.4
144.5,30.8,87.9,27.4
144.6,30.8,87.9,27.4
144.7,30.8,87.9,27.4
144.8,30.9,87.9,27.4
144.9,30.9,87.9,27.4
145.0,30.9,87.9,27.4
145.1,30.9,87.9,27.4
145.2,30.9,87.9,27.4
145.3,30.9,87.9,27.4
145.4,30.9,87.9,27.4
145.5,30.9,87.9,27.4
145.6,30.9,87.9,27.4
145.7,30.9,87.9,27.4
145.8,30.9,87.9,27.4
145.9,31.0,87.9,27.4
146.0,31.0,87.9,27.4
146.1,31.0,87.9,27.4
146.2,31.0,87.9,27.4
146.3,31.0,87.9,27.4
146.4,31.1,87.9,27.4
146.5,31.1,87.9,27.4
146.6,31.1,87.9,27.4
146.7,31.1,87.9,27.4
146.8,31.1,87.9,27.4
146.9,31.1,87.9,27.4
147.0,31.2,87.9,27.4
147.1,31.2,87.9,27.4
147.2,31.2,87.9,27.4
147.3,31.2,87.9,27.4
147.4,31.2,87.9,27.4
147.5,31.2,87.9,27.4
147.6,31.2,87.9,27.4
147.7,31.2,87.9,27.4
147.8,31.2,87.9,27.4
147.9,31.2,87.9,27.4
148.0,31.2,87.9,27.4
148.1,31.3,87.9,27.4
148.2,31.3,87.9,27.4
148.3,31.3,87.9,27.4
148.4,31.3,87.9,27.4
148.5,31.3,87.9,27.4
148.6,31.3,87.9,27.4
148.7,31.4,87.9,27.4
148.8,31.4,87.9,27.4
148.9,31.4,87.9,27.4
149.0,31.4,87.9,27.4
149.1,31.4,87.9,27.4
149.2,31.4,87.9,27.4
149.3,31.5,87.9,27.4
149.4,31.5,87.9,27.4
149.5,31.5,87.9,27.4
149.6,31.5,87.9,27.4
149.7,31.5,87.9,27.4
149.8,31.5,87.9,27.4
149.9,31.5,87.9,27.4
150.0,31.5,87.9,27.4
150.1,31.5,87.9,27.4
150.2,31.6,87.9,27.4
150.3,31.6,87.9,27.4
150.4,31.6,87.9,27.4
150.5,31.6,87.9,27.4
150.6,31.7,87.9,27.4
150.7,31.7,87.9,27.4
150.8,31.7,87.9,27.4
150.9,31.7,87.9,27.4
151.0,31.7,87.9,27.4
151.1,31.7,87.9,27.4
151.2,31.7,87.9,27.4
151.3,31.7,87.9,27.4
151.4,31.8,87.9,27.4
151.5,31.8,87.9,27.4
151.6,31.8,87.9,27.4
151.7,31.8,87.9,27.4
151.8,31.8,87.9,27.4
151.9,31.8,87.9,27.4
152.0,31.8,87.9,27.4
152.1,31.8,87.9,27.4
152.2,31.9,87.9,27.4
152.3,31.9,87.9,27.4
152.4,31.9,87.9,27.4
152.5,31.9,87.9,27.4
152.6,31.9,87.9,27.4
152.7,31.9,87.9,27.4
152.8,31.9,87.9,27.4
152.9,31.9,87.9,27.4
