depth,lat,lon,mag,majoraz,majorlen,minoraz,minorlen,quality,time,unc
8.00,28.24384,84.78284,8.0,28,3.19,298,2.05,A,2015-4-25 6:11:24.29,3.0
20.15,27.69635,85.56960,6.1,19,6.36,289,4.26,B,2015-4-25 6:15:22.23,6.7
10.00,28.59485,85.13831,6.0,7.15,13,219.0,283,C,2015-4-25 6:15:9.87,10.0
10.00,28.42245,84.87045,5.7,0.90,16,300.2,286,C,2015-4-25 6:18:24.80,10.0
10.00,27.76221,86.06384,5.6,10,17.26,280,7.98,D,2015-4-25 6:18:9.45,10.0
13.48,28.18724,84.59349,5.4,34,9.46,304,4.62,B,2015-4-25 6:20:38.56,6.7
10.00,28.09419,84.99991,5.8,2.12,24,183.1,294,C,2015-4-25 6:20:47.19,10.0
18.00,27.82781,85.18598,5.1,36,4.75,306,3.21,A,2015-4-25 6:22:2.75,3.0
10.00,27.82899,85.12085,5.2,3.13,29,171.8,299,C,2015-4-25 6:22:2.83,10.0
19.23,27.73164,85.64783,5.0,13,4.01,283,2.23,B,2015-4-25 6:25:54.36,2.2
22.50,27.78889,85.58339,4.8,10,4.35,280,2.81,B,2015-4-25 6:28:5.48,2.6
30.13,27.99093,85.29386,4.7,23,6.38,293,3.21,B,2015-4-25 6:29:47.48,3.8
10.00,28.06569,85.30798,5.0,3.14,49,248.7,319,C,2015-4-25 6:29:47.50,10.0
10.00,27.83375,85.81164,4.6,10,16.26,280,6.06,D,2015-4-25 6:32:47.79,10.0
10.00,29.17566,84.37572,2.0,1.82,5.2,0.90,16,C,2015-4-25 6:33:0.04,10.0
10.00,27.94051,85.52934,4.9,5.11,58,273.0,328,C,2015-4-25 6:36:24.69,10.0
19.00,27.80640,85.85683,5.1,3,2.39,273,1.46,A,2015-4-25 6:37:58.94,3.0
10.00,27.48740,85.60701,5.0,3.28,20,174.2,290,C,2015-4-25 6:44:37.97,10.0
8.00,27.57075,85.66689,4.6,12,6.89,282,3.06,A,2015-4-25 6:44:37.99,4.0
8.50,28.23705,84.90532,6.6,31,1.76,301,1.32,A,2015-4-25 6:45:19.39,3.0
10.00,27.73075,85.29349,4.8,3.60,22,111.1,292,C,2015-4-25 6:53:41.39,10.0
13.00,27.72067,85.30141,5.0,22,3.50,292,2.23,A,2015-4-25 6:53:41.88,3.0
17.00,27.91034,85.78993,5.5,4,2.23,274,1.48,A,2015-4-25 6:56:33.78,3.0
10.00,27.86055,85.75278,5.8,2.02,6,140.1,276,C,2015-4-25 6:56:33.92,10.0
10.00,27.72590,86.00340,5.5,3.68,21,134.3,291,C,2015-4-25 6:58:27.76,10.0
20.00,27.75696,86.04881,5.1,15,3.84,285,2.31,A,2015-4-25 6:58:28.01,3.0
24.05,27.69850,85.78322,4.8,180,5.78,90,3.06,B,2015-4-25 7:13:44.12,2.8
10.00,27.89659,85.76156,4.7,7.25,87,300.7,357,C,2015-4-25 7:13:44.72,10.0
10.00,27.90647,84.89624,4.4,3.38,24,174.7,294,C,2015-4-25 7:16:38.90,10.0
18.43,27.90911,85.73181,4.7,12,4.06,282,2.35,B,2015-4-25 7:16:54.12,2.7
10.00,28.11587,85.85757,4.5,0.90,16,300.2,286,C,2015-4-25 7:20:16.92,10.0
10.00,27.90007,85.33553,4.0,11,20.19,281,7.07,D,2015-4-25 7:20:23.36,10.0
10.00,27.71352,85.24069,4.7,4.18,21,110.3,291,C,2015-4-25 7:22:33.78,10.0
10.00,27.90987,85.74126,4.2,12,20.71,282,7.97,D,2015-4-25 7:22:54.18,10.0
18.54,27.87031,85.93935,4.4,177,4.97,87,2.78,B,2015-4-25 7:23:37.59,2.5
17.00,27.77720,85.15710,4.3,9,4.13,279,2.50,A,2015-4-25 7:33:47.71,3.0
10.00,27.77846,85.11735,4.7,3.80,16,149.7,286,C,2015-4-25 7:33:47.96,10.0
20.82,27.91637,85.56789,4.3,2,6.66,272,3.67,B,2015-4-25 7:34:54.25,3.9
10.00,28.40841,84.95744,4.1,0.90,16,308.2,286,C,2015-4-25 7:38:30.46,10.0
20.57,27.70144,85.76915,4.5,7,3.73,277,2.39,B,2015-4-25 7:39:33.08,2.3
10.00,27.72645,85.74194,4.9,1.96,4,124.0,274,C,2015-4-25 7:39:33.86,10.0
10.00,27.36186,86.02795,4.9,4.10,24,179.0,294,C,2015-4-25 7:3:17.51,10.0
22.69,28.12042,84.89429,4.4,19,4.37,289,2.54,B,2015-4-25 7:3:49.94,3.1
10.00,28.13452,84.89573,4.9,3.60,26,212.8,296,C,2015-4-25 7:3:50.15,10.0
10.00,27.53096,85.99192,4.4,7,16.71,277,6.83,D,2015-4-25 7:3:7.99,10.0
10.00,28.00580,85.66026,5.4,1.99,9,187.3,279,C,2015-4-25 7:47:1.84,10.0
21.00,27.94589,85.67080,5.0,6,1.93,276,1.40,A,2015-4-25 7:47:2.30,3.0
10.00,27.91668,84.88944,4.3,2.33,25,176.2,295,C,2015-4-25 7:4:58.42,10.0
10.00,28.15158,85.36977,4.2,14,16.77,284,6.90,D,2015-4-25 7:4:59.52,10.0
24.43,27.89155,85.53181,4.4,11,3.28,281,1.95,B,2015-4-25 7:55:43.94,1.9
10.00,27.94099,85.50993,4.8,1.86,8,170.0,278,C,2015-4-25 7:55:44.35,10.0
10.00,27.97110,85.75340,4.8,1.76,8,186.6,278,C,2015-4-25 7:59:13.48,10.0
20.96,27.87084,85.76488,4.4,10,3.87,280,2.15,B,2015-4-25 7:59:13.67,2.4
17.56,28.03310,85.57257,4.3,0,5.68,270,2.91,B,2015-4-25 7:5:27.05,4.1
10.00,27.96079,85.52814,4.7,2.27,3,174.7,273,C,2015-4-25 7:5:28.82,10.0
24.74,27.82148,85.96066,4.9,9,3.14,279,2.06,B,2015-4-25 7:7:59.69,2.0
10.00,27.82754,85.94411,5.4,3.00,10,180.8,280,C,2015-4-25 7:8:0.41,10.0
10.00,27.91026,85.25008,4.3,2.70,42,228.6,312,C,2015-4-25 8:11:8.44,10.0
10.00,27.87753,85.22568,4.4,3.29,24,172.5,294,C,2015-4-25 8:11:9.39,10.0
20.00,27.76255,85.82369,4.9,8,2.11,278,1.39,A,2015-4-25 8:16:59.50,3.0
10.00,27.74013,85.82706,5.4,2.86,7,108.3,277,C,2015-4-25 8:16:59.54,10.0
10.00,28.06152,85.35651,4.8,3.06,49,253.9,319,C,2015-4-25 8:18:49.75,10.0
22.00,27.87741,85.83313,4.7,3,2.81,273,1.78,A,2015-4-25 8:20:11.71,3.0
10.00,27.93883,85.22491,5.8,3.70,27,176.3,297,C,2015-4-25 8:20:46.94,10.0
16.00,27.74231,85.19773,4.9,19,2.88,289,1.79,A,2015-4-25 8:20:48.57,3.0
24.40,27.87529,85.58302,4.6,5,3.61,275,1.98,B,2015-4-25 8:22:47.44,2.0
10.00,27.92024,85.56461,5.1,2.19,3,166.4,273,C,2015-4-25 8:22:48.11,10.0
10.00,28.24635,84.86515,5.6,1.95,17,192.5,287,C,2015-4-25 8:29:21.91,10.0
20.08,28.03899,84.74713,5.0,17,3.38,287,2.01,B,2015-4-25 8:29:23.85,2.1
10.00,27.94171,85.98744,5.0,2.28,8,196.6,278,C,2015-4-25 8:31:32.07,10.0
23.73,27.80699,85.98598,4.6,5,4.83,275,2.69,B,2015-4-25 8:31:32.44,2.7
10.00,27.78445,85.22235,5.2,1.77,21,150.0,291,C,2015-4-25 8:36:4.04,10.0
13.00,27.77517,85.23781,4.2,25,2.62,295,1.61,A,2015-4-25 8:36:4.37,3.0
10.00,27.78112,85.15470,4.1,3.46,22,149.9,292,C,2015-4-25 8:43:56.13,10.0
17.00,27.81987,85.09959,4.4,26,4.16,296,2.18,A,2015-4-25 8:49:9.01,3.0
10.00,27.83646,85.75576,4.5,2.25,9,178.5,279,C,2015-4-25 8:53:39.36,10.0
20.20,27.63426,85.57453,5.3,12,2.84,282,1.88,B,2015-4-25 8:55:55.24,1.7
10.00,27.66677,85.54804,5.8,2.02,7,120.6,277,C,2015-4-25 8:55:55.94,10.0
21.00,27.82813,85.83649,4.6,4,2.48,274,1.52,A,2015-4-25 8:5:38.31,3.0
10.00,27.79700,85.82570,4.9,2.34,3,116.6,273,C,2015-4-25 8:5:38.51,10.0
10.00,27.95330,85.50805,4.7,2.25,7,172.5,277,C,2015-4-25 8:9:25.52,10.0
10.00,28.14968,85.82294,4.0,0.90,16,311.1,286,C,2015-4-25 9:13:16.05,10.0
10.00,28.51280,87.39972,5.7,10,15.36,280,5.50,D,2015-4-25 9:17:0.98,10.0
17.00,27.82874,85.18177,4.4,19,4.51,289,2.22,A,2015-4-25 9:1:51.09,3.0
10.00,27.67148,85.99844,5.0,3.46,12,172.1,282,C,2015-4-25 9:21:16.77,10.0
10.00,27.83005,85.74921,4.7,10,16.55,280,6.56,D,2015-4-25 9:22:35.53,10.0
22.00,28.11424,85.37283,4.4,13,4.39,283,2.81,B,2015-4-25 9:27:59.83,3.6
10.00,28.12121,85.27824,4.8,3.47,46,249.0,316,C,2015-4-25 9:28:1.09,10.0
23.84,27.98606,85.58733,4.9,14,2.73,284,1.86,B,2015-4-25 9:30:28.80,2.0
10.00,27.92271,85.73262,4.7,2.15,10,183.4,280,C,2015-4-25 9:33:20.66,10.0
10.00,28.24997,85.31479,4.6,3.27,31,212.4,301,C,2015-4-25 9:34:9.05,10.0
10.00,28.83098,85.10963,4.4,1.96,129,281.3,39,C,2015-4-25 9:38:40.33,10.0
10.00,28.01423,85.47852,5.5,2.20,18,185.1,288,C,2015-4-25 9:3:15.04,10.0
27.91,27.93165,85.46071,4.8,17,3.48,287,2.11,B,2015-4-25 9:3:15.21,2.2
17.98,28.20694,85.09619,4.4,21,5.19,291,2.95,B,2015-4-25 9:43:0.21,5.4
23.10,27.62799,85.76711,4.0,172,5.18,82,2.65,B,2015-4-25 9:53:32.37,2.4
10.00,27.81115,85.89305,4.3,2.71,12,112.4,282,C,2015-4-25 9:55:15.60,10.0
16.83,28.25977,84.74246,4.2,21,5.86,291,3.33,B,2015-4-25 10:10:31.60,4.6
10.00,28.13807,85.21111,4.4,0.90,16,0.0,286,C,2015-4-25 10:20:49.11,10.0
10.00,28.24185,84.91442,4.4,0.90,16,331.7,286,C,2015-4-25 10:22:37.69,10.0
21.07,27.85436,85.82985,4.4,14,3.45,284,2.10,B,2015-4-25 10:23:17.20,2.2
10.00,27.90021,85.47884,4.4,3.91,60,265.9,330,C,2015-4-25 10:34:33.11,10.0
20.48,27.79170,85.86964,4.1,22,5.08,292,3.02,B,2015-4-25 10:40:12.56,4.1
10.00,27.72821,85.95133,4.8,10,15.78,280,5.86,D,2015-4-25 10:40:34.10,10.0
10.00,27.81548,85.13699,4.4,1.76,19,165.2,289,C,2015-4-25 10:47:30.50,10.0
10.00,27.69024,85.54475,4.2,2.51,1,120.5,271,C,2015-4-25 10:4:18.65,10.0
16.62,28.20989,84.86181,4.2,12,9.49,282,4.79,B,2015-4-25 10:50:44.79,6.8
10.00,27.58683,85.68730,4.0,5,4.70,275,2.12,A,2015-4-25 10:51:59.36,4.0
24.62,27.87778,85.94392,4.6,13,4.17,283,2.26,B,2015-4-25 10:53:43.49,2.6
17.34,27.61017,86.02164,4.0,13,7.19,283,4.27,B,2015-4-25 11:15:16.77,4.5
24.82,27.67696,86.00101,4.4,4,7.40,274,3.99,B,2015-4-25 11:18:30.90,4.3
39.06,27.72036,85.51449,4.5,15,8.53,285,5.71,B,2015-4-25 11:23:49.59,6.0
22.49,28.19707,85.30441,4.2,28,5.39,298,3.33,B,2015-4-25 11:41:48.17,5.0
10.00,27.94436,85.42241,4.0,3.45,53,256.0,323,C,2015-4-25 11:56:15.46,10.0
17.47,27.93686,85.55772,4.2,15,4.15,285,2.34,B,2015-4-25 11:5:0.20,2.9
22.81,27.70093,85.93591,4.3,15,3.59,285,2.29,B,2015-4-25 12:12:14.11,2.4
10.00,27.78593,85.16364,4.0,3.56,25,143.8,295,C,2015-4-25 12:14:25.38,10.0
23.91,27.96017,85.44711,4.5,20,4.62,290,2.83,B,2015-4-25 12:17:54.48,3.2
18.57,27.95728,85.95193,4.2,14,4.99,284,3.09,B,2015-4-25 12:1:9.88,3.9
10.00,27.96770,85.56196,4.3,3.01,12,183.5,282,C,2015-4-25 12:20:16.71,10.0
10.00,27.79691,85.18353,4.6,4.30,25,160.6,295,C,2015-4-25 12:25:37.28,10.0
21.79,27.56687,86.11105,4.0,1,8.15,271,4.32,B,2015-4-25 12:39:52.52,5.2
22.52,28.14112,84.67039,5.2,22,3.17,292,2.14,B,2015-4-25 12:44:4.60,2.5
10.00,27.64579,85.75414,4.7,2.63,3,123.9,273,C,2015-4-25 12:47:39.05,10.0
10.00,28.08865,85.21139,4.3,3.73,37,239.3,307,C,2015-4-25 13:0:9.33,10.0
10.00,28.13637,85.09735,4.2,2.78,32,233.2,302,C,2015-4-25 13:11:53.61,10.0
10.00,28.01463,85.20205,4.4,2.25,32,174.6,302,C,2015-4-25 13:19:29.01,10.0
10.00,27.72633,85.99957,4.8,3.34,14,133.5,284,C,2015-4-25 13:21:44.20,10.0
24.97,27.82531,85.83940,4.3,13,4.35,283,2.23,B,2015-4-25 13:29:31.47,2.9
26.39,28.11740,85.20695,4.6,18,4.58,288,2.82,B,2015-4-25 13:30:28.16,3.3
26.54,27.68158,86.03658,4.7,10,4.38,280,2.35,B,2015-4-25 13:36:14.08,2.2
10.00,27.90274,85.69924,4.0,1.84,8,162.2,278,C,2015-4-25 13:48:15.97,10.0
10.00,27.82904,85.12572,4.4,2.82,28,172.4,298,C,2015-4-25 13:53:6.34,10.0
10.00,28.06557,85.24788,4.2,2.12,19,182.8,289,C,2015-4-25 13:55:44.79,10.0
18.00,27.73691,85.92120,4.6,7,3.12,277,1.83,A,2015-4-25 14:10:3.37,3.0
10.00,28.07834,85.24173,4.7,1.83,17,184.3,287,C,2015-4-25 14:23:12.21,10.0
10.00,27.71044,85.29941,4.1,2.54,33,157.6,303,C,2015-4-25 14:2:22.45,10.0
10.00,27.92962,85.67847,4.3,1.85,9,171.7,279,C,2015-4-25 14:30:12.60,10.0
10.00,27.61191,86.10657,4.8,2.32,13,120.2,283,C,2015-4-25 14:36:33.59,10.0
10.00,28.11879,85.24861,4.3,1.63,15,188.5,285,C,2015-4-25 14:38:22.01,10.0
10.00,27.93789,85.74506,4.2,1.69,11,179.2,281,C,2015-4-25 14:48:47.29,10.0
10.00,28.17717,85.12010,4.7,2.29,20,190.6,290,C,2015-4-25 14:51:20.04,10.0
10.00,28.11929,85.38140,4.3,1.81,17,190.3,287,C,2015-4-25 14:54:48.68,10.0
10.00,27.71804,86.01074,4.3,2.18,16,175.2,286,C,2015-4-25 14:59:55.48,10.0
10.00,27.81091,85.91278,4.4,2.99,18,122.2,288,C,2015-4-25 15:11:25.11,10.0
10.00,27.95217,85.51563,4.4,2.04,12,172.5,282,C,2015-4-25 15:17:15.93,10.0
10.00,27.93955,85.88557,4.2,2.40,20,186.7,290,C,2015-4-25 15:27:51.78,10.0
10.00,27.70319,85.95728,4.2,2.36,15,120.2,285,C,2015-4-25 15:33:22.21,10.0
10.00,28.02585,85.50797,4.5,2.54,0,196.0,270,C,2015-4-25 15:43:42.83,10.0
10.00,28.26277,85.88277,4.2,2.61,8,205.7,278,C,2015-4-25 15:50:55.70,10.0
10.00,27.97431,84.92142,4.1,1.86,21,173.1,291,C,2015-4-25 15:53:24.33,10.0
10.00,27.68365,85.66541,4.3,2.40,165,143.8,75,C,2015-4-25 16:24:0.48,10.0
27.35,27.90771,85.67480,4.9,16,3.15,286,2.07,B,2015-4-25 16:27:21.88,2.0
10.00,28.06905,85.22215,4.2,1.97,19,182.4,289,C,2015-4-25 16:41:11.71,10.0
10.00,27.83383,85.27399,4.0,1.92,21,170.5,291,C,2015-4-25 16:46:38.88,10.0
10.00,27.78710,85.84227,4.2,2.01,13,99.9,283,C,2015-4-25 17:34:10.97,10.0
9.00,28.37321,85.90701,5.4,29,2.18,299,1.96,A,2015-4-25 17:42:49.87,3.0
9.92,28.31121,85.98499,4.5,5,7.22,275,4.42,B,2015-4-25 17:46:12.04,6.2
10.00,28.17631,85.30360,4.2,1.71,20,192.9,290,C,2015-4-25 17:55:51.92,10.0
10.00,28.03481,85.47662,4.1,1.90,11,186.4,281,C,2015-4-25 18:13:34.45,10.0
10.00,27.82734,85.98546,4.4,2.59,13,155.3,283,C,2015-4-25 18:1:26.82,10.0
10.00,28.01062,85.55862,4.3,2.04,13,186.1,283,C,2015-4-25 18:29:42.06,10.0
10.00,28.45240,84.76755,4.1,4.04,14,223.8,284,C,2015-4-25 18:50:36.50,10.0
13.00,27.67387,85.43842,4.2,10,3.28,280,2.10,A,2015-4-25 18:58:33.35,3.0
10.00,27.91589,84.95206,4.1,1.82,18,157.5,288,C,2015-4-25 19:10:41.72,10.0
10.00,28.17241,85.14604,4.2,2.60,25,204.2,295,C,2015-4-25 19:11:50.49,10.0
10.00,27.89853,85.82854,4.2,2.18,11,151.1,281,C,2015-4-25 19:16:8.97,10.0
10.00,27.95039,85.55402,4.2,1.94,10,173.2,280,C,2015-4-25 19:44:23.62,10.0
10.00,28.24777,84.76237,4.1,2.21,15,191.7,285,C,2015-4-25 19:46:0.61,10.0
10.00,27.68511,85.95496,4.1,2.13,12,115.1,282,C,2015-4-25 19:58:32.91,10.0
10.00,27.95106,85.56668,4.4,2.10,11,173.8,281,C,2015-4-25 20:11:32.97,10.0
10.00,28.28784,85.84966,4.6,3.39,22,206.7,292,C,2015-4-25 20:23:31.34,10.0
10.00,28.27113,84.79153,4.5,2.59,12,193.6,282,C,2015-4-25 20:29:50.73,10.0
17.00,27.68852,85.98276,4.4,11,2.26,281,1.40,A,2015-4-25 20:32:48.02,3.0
10.00,28.08125,85.35258,4.3,2.17,11,187.5,281,C,2015-4-25 20:4:30.11,10.0
10.00,28.11514,84.61668,4.4,11,16.29,281,6.51,D,2015-4-25 20:7:0.71,10.0
10.00,28.09368,85.22392,4.0,2.40,38,240.9,308,C,2015-4-25 21:14:19.62,10.0
10.00,27.96026,85.63045,4.2,1.71,6,179.0,276,C,2015-4-25 21:31:21.68,10.0
10.00,27.86076,85.78561,4.1,1.80,8,133.5,278,C,2015-4-25 21:32:26.94,10.0
10.00,28.32489,84.92087,4.2,0.90,16,307.1,286,C,2015-4-25 21:46:34.11,10.0
10.00,28.01140,84.98122,4.3,1.95,21,176.9,291,C,2015-4-25 21:4:28.95,10.0
10.00,27.88202,85.53097,4.3,1.62,11,157.7,281,C,2015-4-25 21:50:7.73,10.0
10.00,27.54457,85.75527,4.1,2.94,178,179.9,88,C,2015-4-25 21:57:24.79,10.0
19.00,27.80796,85.80118,4.6,6,1.94,276,1.36,A,2015-4-25 21:7:18.20,3.0
10.00,28.11496,85.25864,4.1,1.53,14,188.4,284,C,2015-4-25 22:20:6.86,10.0
10.00,27.74564,85.85473,4.0,1.85,11,106.4,281,C,2015-4-25 22:25:38.20,10.0
10.00,28.17410,84.79225,4.0,4.80,34,232.5,304,C,2015-4-25 23:11:34.54,10.0
20.88,27.62201,86.10529,4.0,13,3.20,283,1.97,B,2015-4-25 23:12:51.16,1.9
10.00,28.05563,84.93814,4.0,2.13,17,179.3,287,C,2015-4-25 23:15:20.47,10.0
14.00,27.89751,84.96677,5.5,27,2.04,297,1.28,A,2015-4-25 23:16:14.41,3.0
10.00,27.98989,85.49314,4.7,1.91,11,179.3,281,C,2015-4-25 23:21:14.02,10.0
10.00,27.71061,85.26421,4.2,2.09,18,95.5,288,C,2015-4-25 23:40:48.71,10.0
26.03,27.65527,86.07909,4.5,13,3.54,283,2.20,B,2015-4-25 23:41:52.70,2.0
10.00,28.07942,85.34077,4.2,2.05,13,187.2,283,C,2015-4-25 23:47:13.50,10.0
14.00,27.72031,85.83550,4.1,1,3.28,271,1.87,A,2015-4-25 23:55:46.23,3.0
10.00,27.96423,85.47727,4.3,2.11,11,173.8,281,C,2015-4-25 23:58:21.80,10.0
10.00,28.55199,84.89485,4.1,0.90,16,303.3,286,C,2015-4-25 23:58:56.16,10.0
10.00,27.71741,85.26183,4.1,2.08,14,92.4,284,C,2015-4-26 0:15:28.68,10.0
10.00,27.85473,85.11009,4.2,2.04,17,155.6,287,C,2015-4-26 0:32:40.46,10.0
10.00,27.85379,86.07148,4.2,1.79,18,180.2,288,C,2015-4-26 0:39:10.63,10.0
10.00,27.94917,85.52628,4.0,1.67,11,172.2,281,C,2015-4-26 0:41:41.31,10.0
10.00,27.68597,85.96435,4.1,2.20,16,115.9,286,C,2015-4-26 0:9:0.33,10.0
10.00,27.85154,85.95211,4.4,2.73,10,154.9,280,C,2015-4-26 10:43:43.88,10.0
18.73,27.67893,85.83040,4.0,24,4.44,294,2.43,B,2015-4-26 12:34:40.73,2.7
10.00,28.20134,85.16015,4.2,2.50,17,192.8,287,C,2015-4-26 12:44:18.54,10.0
10.00,27.81653,86.06850,4.3,3.59,10,168.0,280,C,2015-4-26 12:4:21.97,10.0
10.00,27.83319,86.01105,4.3,2.54,15,163.8,285,C,2015-4-26 12:4:22.78,10.0
10.00,27.80378,86.04934,4.4,3.01,14,161.0,284,C,2015-4-26 13:10:24.21,10.0
22.29,27.92542,85.59961,4.5,18,3.42,288,2.45,B,2015-4-26 13:11:14.93,2.4
10.00,27.69965,85.96032,4.2,2.39,19,119.8,289,C,2015-4-26 13:23:23.42,10.0
10.00,27.95362,85.90577,4.1,2.50,13,187.9,283,C,2015-4-26 13:3:48.33,10.0
10.00,27.82225,85.14249,4.1,2.25,17,148.6,287,C,2015-4-26 14:32:35.05,10.0
10.00,27.77983,85.93756,4.5,11,15.89,281,6.09,D,2015-4-26 14:44:48.62,10.0
22.58,27.68085,85.98730,4.5,15,3.59,285,2.26,B,2015-4-26 14:44:49.26,2.4
19.66,28.24073,84.79195,4.3,27,3.73,297,2.31,B,2015-4-26 14:57:3.67,2.9
10.00,28.12169,85.16283,4.0,1.74,17,187.4,287,C,2015-4-26 15:34:36.85,10.0
10.00,27.70817,85.27876,4.2,2.33,19,95.8,289,C,2015-4-26 16:23:36.96,10.0
11.00,27.89194,85.92210,5.6,7,1.99,277,1.49,A,2015-4-26 16:26:4.49,3.0
14.00,27.91347,85.84937,5.6,10,15.30,280,5.33,D,2015-4-26 16:26:4.68,10.0
10.00,27.78162,85.98766,4.2,3.18,11,184.4,281,C,2015-4-26 16:2:29.89,10.0
10.00,27.78112,85.98103,4.2,2.46,21,140.1,291,C,2015-4-26 16:2:30.25,10.0
10.00,27.85393,86.07949,4.2,2.37,16,180.8,286,C,2015-4-26 16:57:23.79,10.0
10.00,28.64082,85.13899,4.2,0.90,16,340.6,286,C,2015-4-26 17:0:22.97,10.0
10.00,27.70737,86.02097,4.0,2.34,14,134.7,284,C,2015-4-26 17:20:56.00,10.0
10.00,28.06499,85.35789,4.4,1.82,16,186.5,286,C,2015-4-26 17:38:44.91,10.0
23.32,28.18263,85.01593,4.4,27,4.67,297,2.46,B,2015-4-26 18:54:49.53,3.6
27.47,27.90890,85.55412,4.2,13,4.62,283,2.61,B,2015-4-26 18:6:32.72,2.8
10.00,28.10550,85.44975,4.2,2.07,15,190.4,285,C,2015-4-26 19:27:45.02,10.0
10.00,28.24607,84.77047,4.1,3.63,10,191.4,280,C,2015-4-26 1:17:50.90,10.0
10.00,27.91466,85.88110,4.2,2.19,14,193.8,284,C,2015-4-26 1:23:4.27,10.0
10.00,27.95567,85.93133,4.1,5.38,5,188.4,275,C,2015-4-26 20:26:36.24,10.0
10.00,27.95105,85.86230,4.3,8,17.45,278,10.04,D,2015-4-26 20:39:18.23,10.0
10.00,27.78012,85.16469,4.2,2.33,13,142.7,283,C,2015-4-26 20:8:56.09,10.0
10.00,27.95756,85.78559,4.2,2.55,12,186.2,282,C,2015-4-26 21:37:14.48,10.0
10.00,27.76542,85.16708,4.5,2.16,14,139.6,284,C,2015-4-26 21:52:23.76,10.0
10.00,27.57230,85.73804,4.6,2.43,11,141.0,281,C,2015-4-26 22:30:37.22,10.0
22.89,27.54353,85.74237,4.6,12,3.43,282,1.96,B,2015-4-26 22:32:33.68,1.7
10.00,27.83233,85.76634,4.6,1.93,4,125.5,274,C,2015-4-26 22:42:23.62,10.0
10.00,28.21532,85.31293,4.1,2.96,28,195.6,298,C,2015-4-26 23:12:9.84,10.0
10.00,27.72901,86.06129,4.2,2.36,15,181.5,285,C,2015-4-26 2:21:19.50,10.0
23.52,27.95309,85.64336,4.2,5,5.28,275,2.89,B,2015-4-26 2:2:10.22,3.7
20.00,27.64190,86.03250,4.1,2,5.05,272,2.08,A,2015-4-26 2:33:26.53,3.0
10.00,27.80541,85.83809,4.0,1.66,11,98.6,281,C,2015-4-26 2:37:42.94,10.0
14.23,28.24577,84.64173,4.5,17,4.56,287,2.71,B,2015-4-26 2:48:36.80,3.5
10.00,28.29016,84.61184,4.5,11,16.72,281,7.05,D,2015-4-26 2:48:36.91,10.0
10.00,28.13552,84.80972,4.2,2.32,18,187.6,288,C,2015-4-26 2:54:53.36,10.0
10.00,28.12916,85.33315,4.2,2.43,9,199.9,279,C,2015-4-26 2:6:36.41,10.0
10.00,27.83664,85.13891,4.2,2.56,20,150.3,290,C,2015-4-26 3:10:14.12,10.0
13.00,27.64181,85.64761,4.3,3,4.23,273,2.22,A,2015-4-26 3:21:36.34,4.0
10.00,28.02544,84.87225,4.2,1.76,19,175.8,289,C,2015-4-26 3:6:23.09,10.0
10.00,28.28992,85.90738,4.2,4.43,61,299.4,331,C,2015-4-26 4:10:29.00,10.0
10.00,28.21045,85.03880,4.1,2.02,30,235.3,300,C,2015-4-26 4:29:12.08,10.0
10.00,28.11610,85.34101,4.2,2.12,17,189.6,287,C,2015-4-26 4:33:6.14,10.0
18.70,28.19906,84.89473,4.0,9,7.83,279,4.35,B,2015-4-26 4:40:15.14,6.4
17.21,28.09655,85.52216,4.1,15,4.73,285,2.68,B,2015-4-26 4:50:28.78,3.9
19.05,28.14383,84.90634,4.5,22,4.76,292,2.59,B,2015-4-26 4:58:39.48,3.4
10.00,28.17109,84.79933,4.1,1.71,13,183.7,283,C,2015-4-26 5:47:30.40,10.0
22.58,27.74833,85.94872,4.9,17,2.83,287,1.96,B,2015-4-26 7:26:3.66,2.1
10.00,27.76717,85.98952,4.7,9,17.36,279,6.79,D,2015-4-26 7:36:24.36,10.0
27.38,27.80994,86.04949,4.7,10,4.72,280,2.55,B,2015-4-26 7:36:26.48,2.6
10.00,27.17397,86.01801,4.3,9,16.75,279,8.87,D,2015-4-26 7:43:16.26,10.0
26.00,27.82123,86.05541,4.2,5,4.23,275,2.30,A,2015-4-26 7:50:27.17,3.0
17.00,27.80169,86.08118,6.5,17,1.82,287,1.34,A,2015-4-26 7:9:9.15,3.0
4.82,27.71715,85.68756,4.3,3,10.14,273,7.18,B,2015-4-26 8:10:32.19,9.1
26.82,27.88602,85.88482,4.4,6,6.06,276,3.09,B,2015-4-26 8:22:11.26,3.8
32.63,27.78829,85.99677,4.6,17,4.55,287,2.53,B,2015-4-26 8:40:56.23,2.5
10.00,28.00422,85.77728,4.4,12,16.77,282,6.26,D,2015-4-26 8:46:14.96,10.0
21.87,27.93490,85.82961,4.4,13,4.39,283,2.35,B,2015-4-26 8:46:15.82,2.9
19.00,27.80312,85.95439,4.3,7,3.82,277,2.12,A,2015-4-26 9:42:6.23,3.0
10.00,27.85138,86.04074,4.3,2.22,15,175.8,285,C,2015-4-27 0:1:48.04,10.0
10.00,27.92011,86.10458,4.2,2.31,16,189.1,286,C,2015-4-27 0:20:13.54,10.0
15.00,27.74035,85.06446,4.1,19,5.11,289,2.60,A,2015-4-27 0:39:16.05,3.0
10.00,27.91570,85.01388,4.0,2.30,16,158.5,286,C,2015-4-27 10:23:37.80,10.0
10.00,27.83774,86.06314,4.1,2.14,17,173.9,287,C,2015-4-27 12:17:10.08,10.0
10.00,27.98743,85.53826,4.3,1.86,11,180.8,281,C,2015-4-27 12:33:4.92,10.0
31.70,26.96755,88.14970,5.1,11,15.54,281,5.76,D,2015-4-27 12:35:52.02,10.0
10.00,28.20656,84.80365,4.1,2.76,12,187.8,282,C,2015-4-27 12:54:41.98,10.0
18.36,28.18276,84.92094,4.3,18,5.87,288,2.89,B,2015-4-27 13:17:45.27,3.5
10.00,28.16823,85.19059,4.0,3.49,11,201.0,281,C,2015-4-27 13:23:16.43,10.0
10.00,27.65602,85.71841,4.1,2.44,12,121.2,282,C,2015-4-27 14:31:56.00,10.0
10.00,27.95877,86.17481,4.2,2.82,17,192.7,287,C,2015-4-27 14:34:37.27,10.0
20.00,27.83974,85.77301,4.3,178,2.73,88,1.72,A,2015-4-27 14:42:39.90,3.0
10.00,28.00462,86.14045,4.6,2.52,12,194.9,282,C,2015-4-27 14:56:58.53,10.0
17.95,27.90874,86.12784,4.0,36,7.28,306,3.49,B,2015-4-27 14:56:59.03,5.0
10.00,27.70918,85.74074,4.1,1.74,15,110.5,285,C,2015-4-27 15:34:47.63,10.0
12.00,27.70725,85.27651,4.3,22,2.82,292,1.75,A,2015-4-27 15:51:45.11,3.0
10.00,27.76418,85.90012,4.6,3.30,12,123.6,282,C,2015-4-27 16:54:46.31,10.0
10.00,28.23993,85.00375,4.3,2.83,15,193.6,285,C,2015-4-27 17:45:25.45,10.0
20.25,28.06598,84.82460,4.8,23,3.40,293,2.09,B,2015-4-27 18:59:54.23,2.3
22.50,27.63670,85.98003,4.3,25,7.60,295,3.70,B,2015-4-27 1:15:50.94,4.9
10.00,28.09096,85.21835,4.4,2.04,17,185.2,287,C,2015-4-27 1:53:38.63,10.0
23.07,27.87942,85.51263,3.7,19,4.30,289,2.33,B,2015-4-27 21:14:57.64,2.7
15.00,27.86987,85.77911,4.2,179,3.39,89,1.96,A,2015-4-27 21:27:41.07,3.0
10.00,28.04704,85.31287,4.2,13,16.77,283,7.44,D,2015-4-27 23:20:26.54,10.0
26.45,28.03434,85.46419,4.2,14,5.73,284,3.06,B,2015-4-27 23:20:28.28,3.8
10.00,28.16148,85.02866,4.1,2.05,14,199.6,284,C,2015-4-27 2:12:18.74,10.0
10.00,27.80103,85.12845,4.2,2.86,26,159.9,296,C,2015-4-27 2:15:5.15,10.0
10.00,27.71478,85.54706,4.3,2.32,3,124.2,273,C,2015-4-27 2:33:32.30,10.0
23.12,28.16154,85.13629,4.1,29,4.74,299,2.23,B,2015-4-27 4:14:45.55,3.5
10.00,27.91828,85.85565,4.3,2.48,17,185.0,287,C,2015-4-27 4:20:13.75,10.0
10.00,27.94541,85.47485,4.0,2.39,15,170.2,285,C,2015-4-27 5:35:50.70,10.0
10.00,28.01040,85.82094,4.2,2.97,13,190.0,283,C,2015-4-27 5:4:59.36,10.0
21.13,27.84079,86.14078,4.0,24,6.62,294,3.41,B,2015-4-27 5:59:59.43,5.0
10.00,27.97889,85.54179,4.3,1.77,12,189.1,282,C,2015-4-27 7:22:26.53,10.0
10.00,27.84471,85.11312,4.3,1.94,19,151.1,289,C,2015-4-27 9:32:13.62,10.0
21.56,28.03583,84.60912,4.5,15,9.20,285,3.24,C,2015-4-27 22:26:7.50,4.3
15.00,27.92774,85.85946,4.1,166,2.97,76,1.80,A,2015-4-28 21:44:23.47,3.0
19.89,27.89730,85.93542,4.4,150,14.93,60,9.61,C,2015-4-28 11:18:6.54,5.1
19.88,28.18034,84.77461,4.1,15,7.60,285,2.96,C,2015-4-28 16:22:42.67,5.5
22.35,27.92946,85.46210,4.2,3,6.60,273,3.93,C,2015-4-28 22:29:2.28,4.3
16.59,27.94184,85.63205,4.2,6,6.15,276,3.41,C,2015-4-28 23:4:10.70,3.9
24.44,27.77596,86.09188,4.3,18,8.57,288,3.51,C,2015-4-28 2:0:52.97,3.9
15.02,27.75614,85.81652,4.2,16,6.80,286,3.10,C,2015-4-28 2:55:26.83,3.9
12.42,27.77700,85.87081,4.1,14,9.80,284,4.42,C,2015-4-28 5:13:20.23,5.0
15.01,28.02742,85.57475,4.0,14,9.61,284,4.44,C,2015-4-28 6:23:48.21,9.5
22.76,27.86560,85.88548,4.2,149,9.18,59,7.50,C,2015-4-28 9:25:27.42,4.1
10.00,27.95424,85.42805,4.6,12,15.80,282,6.30,D,2015-4-29 11:27:43.31,10.0
25.01,27.92003,85.54084,4.6,18,3.26,288,2.30,B,2015-4-29 11:27:44.86,2.1
24.00,28.15495,84.76862,4.1,20,6.53,290,3.48,B,2015-4-29 17:16:13.07,4.4
10.00,27.96589,85.65526,4.4,28,19.62,298,10.79,D,2015-4-29 17:16:32.49,10.0
10.00,28.50776,87.34746,4.5,12,15.92,282,6.43,D,2015-4-29 22:10:50.91,10.0
20.52,27.85777,84.83192,4.2,21,5.57,291,2.80,B,2015-4-29 9:39:13.89,2.7
17.74,27.78703,85.15482,4.3,11,6.87,281,3.20,C,2015-4-29 0:9:5.26,4.0
20.70,27.88642,85.51664,4.1,6,6.20,276,3.69,C,2015-4-29 12:2:4.84,3.9
33.54,28.05162,84.82245,4.0,15,7.77,285,3.37,C,2015-4-29 14:16:23.54,4.2
15.20,28.08349,86.00950,4.4,178,8.02,88,6.79,C,2015-4-29 16:32:5.76,5.4
13.84,28.15751,85.97046,4.3,22,7.70,292,5.46,C,2015-4-29 16:56:55.34,6.4
24.43,27.69502,85.96951,4.1,158,7.92,68,5.65,C,2015-4-29 17:14:3.27,5.3
13.51,27.86759,85.76203,4.1,163,8.09,73,5.22,C,2015-4-29 17:37:13.59,5.1
30.47,27.78211,85.97057,4.1,174,8.34,84,6.04,C,2015-4-29 18:17:47.06,4.7
22.20,28.00591,85.04532,4.1,18,6.97,288,3.12,C,2015-4-29 19:6:43.55,4.2
24.57,27.62829,86.07082,4.4,163,8.65,73,5.88,C,2015-4-29 1:22:22.73,5.2
24.02,27.91028,85.49213,4.3,3,8.55,273,4.66,C,2015-4-29 22:37:36.47,5.6
22.70,27.68884,86.03914,4.3,172,8.42,82,6.34,C,2015-4-29 3:18:11.39,5.7
24.79,27.85674,86.03261,4.1,19,8.55,289,6.05,C,2015-4-29 4:6:6.48,5.6
20.94,28.13600,85.24014,4.0,15,7.47,285,3.82,C,2015-4-29 5:23:54.45,5.3
0.19,28.86394,84.45934,4.3,7,8.37,277,4.45,C,2015-4-29 6:2:12.52,5.4
20.54,27.86332,85.83281,4.1,175,8.07,85,5.55,C,2015-4-29 6:46:25.48,4.5
18.05,28.17871,84.79977,4.2,7,10.24,277,3.89,C,2015-4-29 6:5:11.57,7.2
20.65,28.02046,85.34704,4.2,12,6.93,282,3.87,C,2015-4-29 7:32:29.79,4.6
13.21,28.10631,85.16592,4.2,24,9.66,294,4.45,C,2015-4-29 9:15:27.31,6.8
16.30,28.05698,84.93984,4.1,14,7.43,284,3.06,C,2015-4-29 9:8:51.30,4.8
24.14,27.94977,84.77929,4.3,18,5.31,288,2.82,B,2015-4-30 0:37:10.78,3.3
16.00,27.83984,85.83728,3.8,165,5.47,75,3.01,A,2015-4-30 17:34:39.20,3.0
24.39,27.93132,85.45195,4.2,9,6.48,279,3.50,C,2015-4-30 10:51:6.64,5.0
24.56,27.64770,86.04026,4.3,2,7.25,272,4.18,C,2015-4-30 13:18:45.85,4.1
20.03,27.90143,85.77034,4.2,1,7.51,271,4.85,C,2015-4-30 17:47:39.03,5.3
26.55,27.69146,85.99972,4.6,170,9.28,80,6.78,C,2015-4-30 19:13:30.55,5.2
27.75,27.88462,84.82098,4.1,16,9.06,286,3.76,C,2015-4-30 1:22:56.20,5.4
13.96,27.67321,85.28700,4.2,4,6.69,274,3.46,C,2015-4-30 21:11:6.12,3.7
19.85,28.03295,85.32445,4.8,15,10.82,285,5.27,C,2015-4-30 2:46:26.29,5.9
17.44,27.79076,85.16957,4.1,10,6.56,280,3.62,C,2015-4-30 2:55:55.45,4.0
22.38,27.64439,86.06142,4.4,7,7.11,277,3.93,C,2015-4-30 7:44:44.00,4.1
16.46,27.80419,85.29967,4.0,13,6.04,283,3.41,C,2015-4-30 9:33:40.14,3.9
32.21,27.69737,86.12321,4.3,15,4.70,285,2.37,C,2015-4-30 9:39:38.38,4.5
17.90,27.92014,85.60774,4.0,3,7.55,273,3.90,C,2015-4-30 9:53:17.33,4.9
10.00,27.96065,84.78233,4.1,15,29.62,285,10.60,D,2015-5-1 18:47:15.93,10.0
24.00,27.93723,85.79972,4.0,162,5.22,72,3.01,A,2015-5-1 22:10:13.15,3.0
9.62,28.40792,85.99597,4.0,179,7.62,89,3.82,B,2015-5-1 4:39:15.08,6.8
10.00,28.67183,86.26913,4.0,18,16.55,288,8.61,D,2015-5-1 4:39:17.21,10.0
18.00,27.78771,86.01207,4.0,175,4.76,85,2.21,A,2015-5-10 0:49:52.54,3.0
19.00,27.55643,85.58749,4.3,8,5.39,278,2.81,A,2015-5-10 9:38:32.87,3.0
14.86,28.02255,85.24735,4.3,16,6.10,286,3.03,C,2015-5-10 5:23:31.96,5.5
12.00,27.93726,85.86839,4.3,167,4.42,77,2.50,A,2015-5-11 14:50:58.46,3.0
19.00,27.81036,85.81458,4.3,171,2.80,81,1.51,A,2015-5-11 14:52:40.74,3.0
10.00,28.24083,85.90611,4.0,25,21.79,295,10.46,D,2015-5-11 3:20:36.11,10.0
19.03,28.06640,84.89825,4.1,21,9.59,291,3.21,C,2015-5-11 18:22:26.46,5.2
13.72,27.92625,85.74982,4.2,177,7.06,87,4.31,C,2015-5-11 18:9:28.22,4.6
15.71,28.13272,84.89545,4.1,14,7.68,284,3.00,C,2015-5-11 20:23:34.31,4.9
10.00,27.81318,86.14880,4.3,15,17.80,285,8.00,D,2015-5-12 10:15:5.93,10.0
26.09,27.81244,86.22401,4.3,177,8.00,87,5.04,B,2015-5-12 10:15:7.23,4.9
23.00,27.65176,86.09168,4.4,80,2.76,350,1.94,A,2015-5-12 10:31:1.42,3.0
10.00,27.82335,86.06607,4.5,11,15.84,281,6.21,D,2015-5-12 10:35:39.00,10.0
19.00,27.76345,86.13630,4.5,180,3.83,90,2.24,A,2015-5-12 10:35:41.02,3.0
10.00,27.79618,86.29990,4.6,20,20.38,290,13.29,D,2015-5-12 10:40:5.22,10.0
11.00,27.61993,86.25058,4.5,11,3.86,281,1.99,A,2015-5-12 10:41:30.34,3.0
10.00,27.68776,86.53445,4.0,48,34.03,318,17.99,D,2015-5-12 10:42:21.03,10.0
10.00,27.78551,86.23866,4.0,18,19.37,288,10.23,D,2015-5-12 10:53:21.40,10.0
10.00,27.90394,85.96917,4.1,27,20.87,297,10.78,D,2015-5-12 11:13:19.51,10.0
13.00,27.67293,86.17695,4.2,177,5.38,87,2.52,A,2015-5-12 11:21:29.98,3.0
10.00,27.78878,85.92560,4.3,13,16.97,283,7.80,D,2015-5-12 11:58:10.75,10.0
22.00,27.69002,86.03039,4.2,177,5.24,87,2.33,A,2015-5-12 11:58:12.08,3.0
16.00,27.60504,86.19078,4.2,4,4.21,274,2.11,A,2015-5-12 11:6:33.24,3.0
19.86,27.67624,86.01527,4.3,5,7.45,275,3.31,B,2015-5-12 12:28:22.36,3.5
10.60,27.96218,85.96885,4.1,13,17.94,283,7.15,D,2015-5-12 13:10:39.24,10.0
12.00,27.69811,86.20187,4.2,178,3.61,88,1.97,A,2015-5-12 13:25:24.51,3.0
21.64,27.68029,85.91703,4.0,179,14.27,89,4.41,B,2015-5-12 13:2:17.43,5.1
19.00,27.78512,85.90572,4.4,175,3.81,85,1.96,A,2015-5-12 13:43:17.42,3.0
22.38,27.74822,85.92719,4.4,2,3.87,272,2.15,B,2015-5-12 13:47:4.43,2.1
10.00,27.67738,86.23632,4.5,8,17.09,278,8.79,D,2015-5-12 13:58:56.14,10.0
17.02,27.69728,85.98277,4.4,4,4.36,274,2.74,B,2015-5-12 13:8:8.73,2.3
10.00,27.78748,86.27796,4.4,9,18.10,279,7.64,D,2015-5-12 15:28:18.36,10.0
23.97,27.79559,86.36714,4.4,174,6.30,84,3.14,B,2015-5-12 15:28:19.60,2.8
10.00,27.86843,86.08919,4.2,11,17.15,281,6.94,D,2015-5-12 15:32:24.51,10.0
10.00,27.68989,86.23345,4.4,6,18.74,276,10.60,D,2015-5-12 15:59:45.27,10.0
10.00,27.82879,86.21107,4.0,11,16.81,281,6.59,D,2015-5-12 16:15:12.88,10.0
18.29,27.63023,86.25335,4.0,175,6.60,85,3.26,B,2015-5-12 16:32:7.95,3.4
6.50,27.82624,85.97173,4.4,11,16.84,281,6.34,D,2015-5-12 16:55:21.68,10.0
20.40,27.57957,86.23566,4.8,19,3.52,289,2.40,B,2015-5-12 17:28:38.52,3.0
14.00,27.63657,86.25681,4.0,1,4.57,271,2.18,A,2015-5-12 18:49:3.63,3.0
11.20,27.65046,86.27313,4.1,9,17.05,279,7.75,D,2015-5-12 18:51:42.22,10.0
11.00,27.60982,86.23322,4.1,1,4.93,271,2.38,A,2015-5-12 18:51:42.29,3.0
14.00,27.64891,86.14542,4.3,179,3.12,89,1.53,A,2015-5-12 19:34:57.95,3.0
16.00,27.69375,86.21078,4.5,1,3.47,271,1.94,A,2015-5-12 19:37:40.78,3.0
10.00,27.70539,85.29314,4.2,32,2.88,302,2.09,A,2015-5-12 20:22:14.47,3.0
12.00,27.80438,86.25786,4.0,170,4.26,80,2.33,A,2015-5-12 20:44:27.73,4.0
10.00,27.92966,84.70914,5.2,11,15.65,281,5.85,D,2015-5-12 21:25:10.60,10.0
12.00,27.80675,85.97540,4.0,172,3.52,82,1.89,A,2015-5-12 21:57:13.16,3.0
26.76,27.74853,86.24313,5.5,179,4.32,89,2.36,B,2015-5-12 7:17:20.15,2.3
4.97,27.37179,86.32827,4.9,20,8.26,290,5.42,B,2015-5-12 7:20:44.06,6.5
20.36,27.69407,86.34069,4.8,1,5.64,271,3.23,B,2015-5-12 7:22:14.86,3.5
10.00,27.54376,86.23443,5.0,9,18.28,279,7.96,D,2015-5-12 7:23:30.07,10.0
10.00,27.84573,86.04104,4.1,16,16.98,286,7.78,D,2015-5-12 7:33:8.51,10.0
18.25,27.75070,86.28036,5.4,7,2.83,277,2.01,B,2015-5-12 7:34:21.38,1.8
16.00,27.65104,86.23318,6.2,17,2.15,287,1.48,A,2015-5-12 7:36:53.04,3.0
25.42,27.67854,86.25993,4.9,174,6.10,84,2.96,B,2015-5-12 7:43:16.52,3.2
18.08,27.60325,86.09791,4.9,8,3.14,278,2.33,B,2015-5-12 7:47:45.12,2.1
13.00,27.74622,86.33000,4.9,176,2.93,86,1.64,A,2015-5-12 7:48:50.64,3.0
18.00,27.60426,86.17195,4.5,0,8.08,270,3.32,A,2015-5-12 7:57:16.20,3.0
12.00,27.88687,86.21004,7.3,15,1.88,285,1.44,A,2015-5-12 7:5:17.94,3.0
16.45,27.56785,85.88093,4.3,39,7.15,309,4.10,B,2015-5-12 8:11:21.50,5.2
26.14,27.80644,85.86025,5.1,14,2.65,284,1.93,B,2015-5-12 8:13:53.79,1.7
25.20,27.74047,86.17271,5.2,10,2.60,280,1.88,B,2015-5-12 8:21:9.71,1.6
10.00,27.79869,86.05727,4.8,11,15.70,281,5.78,D,2015-5-12 8:24:22.31,10.0
27.00,27.74537,86.08672,4.8,2,3.97,272,2.35,B,2015-5-12 8:24:23.75,2.3
15.91,28.08744,86.02621,4.3,17,7.24,287,4.20,B,2015-5-12 8:34:21.37,5.6
15.19,27.69965,86.21919,4.4,179,6.50,89,3.74,B,2015-5-12 8:35:34.71,3.6
30.95,27.77537,86.19398,4.0,178,6.99,88,4.17,B,2015-5-12 8:39:8.57,3.9
15.00,27.64782,86.23267,4.3,5,5.12,275,2.50,A,2015-5-12 8:51:31.81,3.0
10.00,28.16244,86.33607,4.0,28,21.59,298,10.54,D,2015-5-12 8:52:28.88,10.0
26.59,27.76400,86.29338,4.3,171,6.83,81,2.86,B,2015-5-12 8:59:39.53,2.7
11.63,27.88062,86.10610,4.2,4,8.30,274,3.87,B,2015-5-12 8:5:23.05,3.9
34.70,27.77016,86.12455,5.0,8,4.06,278,2.66,B,2015-5-12 8:6:5.91,2.3
21.00,27.80630,86.15356,4.6,1,2.94,271,1.82,A,2015-5-12 9:2:10.33,3.0
10.00,27.69351,86.17773,4.5,17,17.81,287,9.82,D,2015-5-12 9:38:17.03,10.0
23.33,27.75471,85.93719,4.2,3,5.17,273,3.17,B,2015-5-12 9:44:37.45,3.1
24.88,27.66948,86.06565,4.6,156,8.38,66,6.26,C,2015-5-12 10:4:1.75,4.4
25.52,27.80568,86.20525,4.6,26,15.00,296,6.33,C,2015-5-12 13:57:20.23,5.8
25.17,27.92561,86.32046,4.3,27,12.97,297,6.51,C,2015-5-12 14:59:42.91,5.4
46.44,27.80614,86.44198,4.5,15,4.70,285,2.37,C,2015-5-12 22:53:15.65,2.4
16.18,28.13673,84.89198,4.1,17,8.05,287,3.15,C,2015-5-12 2:36:15.28,6.0
15.20,27.96476,85.19426,4.1,16,5.88,286,2.91,C,2015-5-12 5:57:58.08,5.2
21.31,27.66513,86.38651,5.7,15,4.70,285,2.37,C,2015-5-12 7:10:16.43,5.6
21.02,27.90300,86.39713,5.2,15,4.70,285,2.37,C,2015-5-12 7:12:52.33,6.9
1.98,27.84100,85.97372,4.6,15,10.46,285,4.65,C,2015-5-12 8:1:39.56,7.8
17.53,27.88562,85.75665,4.4,160,12.85,70,8.23,C,2015-5-12 8:1:43.12,8.9
28.64,27.66633,86.08463,4.5,177,8.37,87,5.99,C,2015-5-12 8:27:0.11,4.1
25.07,27.69696,86.04426,4.4,11,6.92,281,3.88,C,2015-5-12 9:29:23.63,3.9
19.00,27.74326,86.23723,4.0,178,6.38,88,4.22,A,2015-5-13 10:59:41.73,3.0
8.40,27.80782,86.07321,5.0,10,15.49,280,5.54,D,2015-5-13 21:38:4.52,10.0
23.35,27.72060,86.11530,5.0,8,2.88,278,2.01,B,2015-5-13 21:38:5.66,1.9
16.89,27.61883,86.25292,4.1,8,6.11,278,3.44,B,2015-5-13 2:23:9.18,3.4
12.14,27.62846,86.32099,4.1,3,7.85,273,4.64,B,2015-5-13 2:43:45.34,5.5
23.19,27.63059,86.19641,4.8,4,4.93,274,3.21,B,2015-5-13 6:26:6.49,3.2
10.00,27.76347,86.12119,4.5,10,15.87,280,5.80,D,2015-5-13 6:37:28.17,10.0
27.18,27.75793,86.10126,4.4,173,6.10,83,3.79,B,2015-5-13 6:37:30.44,3.1
25.36,27.68607,86.19153,4.7,178,4.27,88,2.57,B,2015-5-13 6:53:0.11,2.2
19.11,27.78294,86.30496,4.2,2,5.12,272,2.81,B,2015-5-13 9:52:26.83,2.7
17.90,27.58104,85.73549,4.1,163,8.98,73,4.77,C,2015-5-13 15:36:13.12,4.1
19.48,27.84758,86.11159,4.2,15,4.70,285,2.37,C,2015-5-13 15:51:1.58,7.4
21.38,27.98415,84.92917,4.2,15,9.67,285,3.32,C,2015-5-13 15:53:8.16,4.4
29.33,27.87012,86.28257,4.4,51,15.39,321,10.98,C,2015-5-13 18:31:1.43,5.3
24.49,27.65483,86.06975,4.4,163,7.14,73,5.23,C,2015-5-13 21:28:38.30,2.6
24.75,27.74136,86.21313,4.7,15,4.70,285,2.37,C,2015-5-13 4:48:4.26,4.7
18.62,27.92997,85.58842,4.2,2,6.29,272,3.86,C,2015-5-13 5:35:51.87,6.1
22.81,27.79694,86.29799,4.7,15,4.70,285,2.37,C,2015-5-13 6:49:34.10,5.9
21.60,27.74581,86.12753,4.5,15,4.70,285,2.37,C,2015-5-13 8:45:56.73,6.4
10.00,28.14576,85.38379,3.9,23,26.54,293,12.89,D,2015-5-14 14:36:36.39,10.0
11.06,28.12939,85.37387,3.8,5,8.20,275,4.37,B,2015-5-14 14:36:37.31,5.9
10.00,27.71019,86.14522,4.4,7,17.82,277,7.50,D,2015-5-14 3:7:37.15,10.0
25.42,27.88980,86.09951,4.1,15,4.70,285,2.37,C,2015-5-14 13:58:7.70,6.2
19.67,27.64381,86.18877,4.0,13,7.65,283,5.16,C,2015-5-14 15:29:43.93,3.6
33.13,27.84731,85.90749,4.1,142,13.33,52,9.47,C,2015-5-14 15:55:6.59,5.5
25.06,27.72545,86.06343,4.2,166,8.09,76,6.44,C,2015-5-14 15:5:41.29,4.4
21.13,27.59460,86.29344,4.2,9,9.49,279,6.66,C,2015-5-14 21:53:35.13,3.8
19.56,27.69777,86.10158,4.3,11,7.64,281,4.29,C,2015-5-14 22:21:16.05,3.7
19.43,27.96930,86.11806,4.5,15,4.70,285,2.37,C,2015-5-14 3:21:39.29,8.8
21.44,27.60482,86.12089,4.3,4,6.68,274,4.06,C,2015-5-14 9:35:21.36,3.4
10.00,28.06107,84.75360,4.9,11,15.98,281,6.47,D,2015-5-15 1:42:40.73,10.0
20.00,27.97818,84.80791,4.9,30,3.39,300,1.79,A,2015-5-15 1:42:42.45,3.0
27.17,27.88599,86.13501,4.1,15,4.70,285,2.37,C,2015-5-15 17:13:53.64,5.9
16.48,28.01520,84.68638,4.3,18,8.97,288,2.91,C,2015-5-15 20:30:58.79,3.5
26.28,27.80110,86.12332,4.2,15,4.70,285,2.37,C,2015-5-15 22:43:14.40,6.0
22.55,27.66026,86.08636,4.3,156,7.95,66,6.20,C,2015-5-15 22:53:23.02,4.3
18.72,27.92326,84.83608,4.1,23,9.68,293,3.44,C,2015-5-15 5:6:1.21,4.3
25.60,27.74851,86.16582,4.6,15,4.70,285,2.37,C,2015-5-15 9:24:15.77,6.3
25.34,28.11836,84.81480,4.1,22,6.77,292,3.41,B,2015-5-16 0:46:7.14,4.2
7.0,27.59443,86.23532,5.7,31,3.19,301,2.30,A,2015-5-16 11:34:8.38,2.9
10.00,28.22465,84.76651,4.1,19,21.21,289,13.46,D,2015-5-16 20:2:52.62,10.0
10.00,27.81526,85.96485,4.4,11,16.08,281,6.68,D,2015-5-16 23:15:24.31,10.0
20.68,27.72968,86.03677,4.4,14,4.42,284,3.20,B,2015-5-16 23:15:24.85,2.9
22.14,27.70950,85.84656,4.7,12,3.04,282,2.13,B,2015-5-16 3:39:25.90,1.8
13.00,27.48917,85.30158,4.2,10,5.40,280,3.37,A,2015-5-16 3:50:20.23,3.0
21.34,27.95189,85.49222,4.1,4,7.27,274,4.03,C,2015-5-16 0:26:55.84,4.4
25.72,27.68626,86.02550,4.2,4,11.65,274,8.75,C,2015-5-16 12:46:24.85,6.6
23.06,27.63749,86.22226,4.4,7,9.21,277,5.73,C,2015-5-16 14:59:45.69,3.8
26.13,27.76361,86.11902,4.1,15,4.70,285,2.37,C,2015-5-16 16:23:46.28,6.4
19.16,27.99100,86.17764,4.1,15,4.70,285,2.37,C,2015-5-16 7:52:26.88,7.0
8.90,28.14438,84.90566,4.0,16,7.17,286,2.99,C,2015-5-16 8:41:44.76,6.1
10.00,27.59468,85.83781,4.3,16,18.86,286,8.90,D,2015-5-17 5:45:36.48,10.0
29.75,27.48648,85.88055,4.3,1,7.02,271,4.27,B,2015-5-17 5:45:38.21,3.2
15.24,27.97739,86.19676,4.4,15,4.70,285,2.37,C,2015-5-17 14:55:2.87,6.6
10.00,28.08407,84.73799,4.1,179,19.58,89,14.26,D,2015-5-18 12:42:7.38,10.0
24.19,28.61317,85.54137,4.2,22,6.63,292,3.31,C,2015-5-18 12:16:13.66,3.9
23.20,27.83489,86.22359,4.1,15,4.70,285,2.37,C,2015-5-18 17:39:48.14,5.9
24.58,27.69297,86.19743,4.0,13,8.33,283,5.40,C,2015-5-18 21:42:28.89,4.1
28.24,27.76146,86.09666,4.3,15,4.70,285,2.37,C,2015-5-18 3:26:27.39,4.9
28.21,27.86682,86.02834,4.0,7,7.29,277,5.77,C,2015-5-19 5:44:44.70,3.6
11.98,28.67265,86.33051,4.1,23,8.07,293,4.30,C,2015-5-1 0:5:48.94,4.7
13.92,27.69513,85.94957,4.3,165,13.18,75,9.36,C,2015-5-1 11:52:24.69,6.9
19.60,27.94451,85.55283,4.1,176,8.90,86,4.60,C,2015-5-1 12:38:48.90,5.3
18.81,28.05055,84.90580,4.0,14,8.07,284,2.89,C,2015-5-1 14:28:56.40,4.7
11.17,27.87705,85.87246,4.5,158,7.58,68,5.81,C,2015-5-1 14:42:28.88,3.9
20.31,28.03249,85.30799,4.3,14,5.80,284,2.93,C,2015-5-1 18:14:59.19,3.7
15.34,27.92332,85.87943,4.1,178,6.37,88,4.89,C,2015-5-1 1:20:11.14,3.8
21.94,27.92443,85.62444,4.2,3,6.28,273,3.63,C,2015-5-1 2:36:51.19,4.0
22.23,27.75181,85.97871,4.5,8,8.87,278,4.15,C,2015-5-1 4:52:13.56,2.9
29.50,27.73162,85.95952,4.2,168,8.30,78,5.50,C,2015-5-1 4:52:13.82,6.0
27.16,28.00275,85.32652,4.3,14,7.07,284,3.71,C,2015-5-1 5:43:20.12,4.3
10.00,27.43208,85.28016,4.0,20,20.10,290,10.08,D,2015-5-2 0:10:46.71,10.0
27.66,27.43083,85.32198,4.1,31,12.98,301,6.90,B,2015-5-2 0:10:49.06,1.4
24.29,27.66041,86.03708,4.3,179,4.45,89,2.98,B,2015-5-2 15:16:17.27,2.7
10.00,27.81495,85.83478,4.0,21,22.14,291,11.33,D,2015-5-2 1:3:8.87,10.0
23.44,27.67947,85.96847,4.3,4,3.44,274,2.38,B,2015-5-2 21:44:9.64,2.2
28.34,27.91217,85.52394,4.0,17,7.06,287,3.35,B,2015-5-2 3:47:4.88,4.7
22.48,28.28275,84.73487,4.9,15,3.37,285,2.18,B,2015-5-2 5:35:45.58,2.8
21.22,27.95859,85.48472,4.2,179,4.83,89,3.07,B,2015-5-2 9:41:15.84,3.5
23.52,27.98220,86.29046,4.3,15,4.70,285,2.37,C,2015-5-20 5:25:0.74,6.1
11.25,28.30643,85.93237,4.1,29,7.70,299,4.64,C,2015-5-20 5:46:25.81,6.6
20.96,28.00802,84.99757,4.0,16,6.47,286,2.72,C,2015-5-21 13:45:59.44,3.7
21.30,27.84828,86.33376,4.3,32,8.42,302,5.39,C,2015-5-21 8:26:45.29,3.9
10.00,27.70547,86.08933,4.3,11,16.51,281,6.48,D,2015-5-22 11:45:45.88,10.0
32.27,27.38504,86.41875,4.0,27,17.01,297,8.57,C,2015-5-22 0:53:40.74,7.3
21.98,27.68376,86.19631,4.2,22,7.82,292,4.77,C,2015-5-22 14:59:49.20,3.5
24.25,27.70866,86.06892,4.2,10,7.68,280,4.80,C,2015-5-22 20:13:37.55,4.6
17.58,27.80743,85.27621,4.1,12,5.94,282,3.10,C,2015-5-22 5:10:28.77,3.5
15.65,27.76927,85.11053,4.3,10,6.74,280,3.52,C,2015-5-22 9:0:55.36,4.6
22.04,27.90614,85.51057,4.5,5,6.43,275,3.52,C,2015-5-23 16:41:13.00,3.8
22.23,27.70520,86.38155,4.0,15,4.70,285,2.37,C,2015-5-23 18:11:2.47,6.2
23.14,27.72263,86.17834,4.3,17,7.92,287,4.50,C,2015-5-23 7:29:59.44,3.8
10.00,28.11665,84.69197,4.4,12,15.82,282,6.01,D,2015-5-24 21:38:38.70,10.0
22.21,27.75622,86.22112,4.3,26,9.44,296,5.83,C,2015-5-24 17:30:38.46,4.1
22.06,27.64714,86.21863,4.2,11,7.80,281,5.16,C,2015-5-24 1:21:4.89,3.6
24.80,27.72853,86.31075,4.4,30,9.48,300,5.48,C,2015-5-24 4:53:47.31,3.6
21.22,27.82645,85.99852,4.2,18,6.53,288,3.58,C,2015-5-24 6:1:50.14,3.7
20.25,27.78339,86.30253,4.5,30,9.77,300,5.54,C,2015-5-24 7:10:54.31,4.2
42.40,28.68746,87.30275,4.3,19,17.85,289,8.92,D,2015-5-25 10:46:1.31,10.0
19.64,27.90760,85.51377,5.3,45,11.54,315,6.44,C,2015-5-25 11:5:0.74,5.2
24.74,27.69919,86.23009,4.4,1,10.84,271,6.27,C,2015-5-25 16:31:14.66,5.0
23.25,27.71171,86.09708,4.1,14,6.57,284,3.92,C,2015-5-25 5:15:39.84,3.6
10.00,28.30692,85.11617,4.6,13,15.88,283,6.82,D,2015-5-26 17:7:12.29,10.0
18.67,27.58999,86.30296,4.1,31,9.11,301,6.98,C,2015-5-26 12:3:0.38,3.6
26.13,27.70542,86.09157,4.1,17,7.82,287,4.69,C,2015-5-26 12:54:32.37,4.2
26.85,27.78210,86.25045,4.3,29,11.75,299,6.14,C,2015-5-26 8:26:19.97,4.6
10.00,28.23642,85.06879,4.1,27,18.92,297,10.48,D,2015-5-27 16:44:58.03,10.0
10.00,27.89090,85.35496,4.4,23,17.35,293,8.67,D,2015-5-27 7:30:58.66,10.0
22.47,28.00657,85.11306,4.2,13,7.88,283,3.36,C,2015-5-27 16:44:59.25,5.0
9.51,28.02300,84.79501,4.0,16,9.41,286,3.28,C,2015-5-27 21:22:1.41,6.0
18.87,27.93654,84.79173,4.0,17,7.41,287,2.88,C,2015-5-27 21:55:32.67,3.7
24.18,27.74538,86.29573,4.2,25,8.97,295,5.26,C,2015-5-27 23:44:31.70,3.9
22.18,27.55969,86.23167,4.3,14,9.47,284,6.36,C,2015-5-27 6:18:35.69,4.3
17.14,27.89550,85.52612,4.7,175,7.93,85,4.09,C,2015-5-27 7:31:0.52,5.7
25.86,27.89068,85.52875,4.1,12,8.14,282,3.26,C,2015-5-28 16:31:57.71,4.6
23.77,27.75337,86.34262,4.3,36,11.93,306,6.48,C,2015-5-28 18:52:30.88,4.3
21.38,27.55962,86.20708,4.2,176,7.53,86,4.75,C,2015-5-28 5:51:2.67,3.6
19.93,27.60119,86.17570,4.2,4,7.17,274,4.45,C,2015-5-28 6:29:14.71,3.5
10.00,28.12011,84.82661,4.8,12,16.00,282,6.58,D,2015-5-29 9:59:58.54,10.0
17.72,27.73183,85.18884,4.0,15,6.39,285,3.04,C,2015-5-29 20:7:55.33,3.3
20.00,28.13689,84.70065,4.0,12,11.05,282,3.41,C,2015-5-29 2:45:35.32,5.6
15.38,28.00360,84.82839,4.8,17,7.48,287,2.97,C,2015-5-29 6:45:31.49,4.3
24.56,27.82639,86.00657,4.1,15,4.70,285,2.37,C,2015-5-2 10:31:54.46,4.9
17.65,27.90149,85.58699,4.0,1,6.63,271,3.93,C,2015-5-2 14:39:1.64,4.4
18.14,28.03111,84.93143,4.2,15,7.87,285,3.23,C,2015-5-2 22:39:31.99,4.8
25.93,27.69992,85.73847,4.2,167,7.85,77,4.64,C,2015-5-2 5:28:42.50,4.4
18.00,27.79516,85.09782,4.3,25,2.75,295,1.59,A,2015-5-3 11:35:11.42,3.0
18.00,27.74188,85.91190,4.2,170,3.74,80,1.78,A,2015-5-3 23:14:15.34,3.0
18.00,27.94664,84.82408,4.0,25,6.51,295,2.87,A,2015-5-3 2:15:27.97,3.0
10.00,27.85716,84.84682,4.3,15,17.79,285,7.06,D,2015-5-30 16:28:17.06,10.0
25.16,27.99611,85.18557,4.0,14,8.20,284,3.43,C,2015-5-30 14:50:28.05,4.9
20.00,27.94555,85.50647,4.0,10,6.45,280,3.00,C,2015-5-31 22:50:17.89,3.7
7.16,28.32812,84.47495,4.3,17,8.33,287,3.03,C,2015-5-31 8:9:20.24,6.6
24.25,28.06880,85.02558,4.1,15,7.73,285,3.16,C,2015-5-3 0:2:42.84,4.9
14.95,27.90464,85.73146,4.1,174,8.29,84,4.96,C,2015-5-3 13:13:43.87,6.1
18.48,28.10855,85.74223,4.3,14,7.58,284,4.27,C,2015-5-3 14:52:27.59,5.8
18.53,28.06407,84.92569,4.1,15,9.67,285,3.11,C,2015-5-3 16:33:37.60,5.5
20.73,27.78784,85.81004,4.1,170,8.31,80,5.49,C,2015-5-3 16:50:33.02,4.4
24.18,27.91186,84.79572,4.6,18,10.52,288,3.87,C,2015-5-3 5:1:7.99,4.9
23.00,27.77040,86.07755,4.1,2,3.28,272,1.89,A,2015-5-4 12:17:13.95,3.0
21.87,27.82265,85.87926,4.2,3,6.01,273,3.17,B,2015-5-4 14:19:2.57,3.3
10.00,28.36689,86.41532,4.0,24,24.38,294,17.47,D,2015-5-4 8:50:1.45,10.0
19.69,27.80911,85.16280,4.2,14,6.82,284,3.31,C,2015-5-4 4:48:15.70,4.6
19.44,27.79799,85.15208,4.2,14,6.70,284,3.62,C,2015-5-4 4:51:52.76,4.0
17.29,27.96214,85.19945,4.5,14,6.38,284,3.23,C,2015-5-4 4:9:20.20,4.4
21.62,27.74527,86.23818,4.8,37,11.54,307,5.93,C,2015-5-4 8:49:58.49,4.0
22.29,28.01287,85.27852,4.1,20,7.81,290,3.56,C,2015-5-4 9:52:49.78,4.0
9.42,27.98409,85.86246,4.5,16,10.61,286,8.49,C,2015-5-4 9:55:56.66,7.4
21.00,27.75844,86.07906,4.1,2,3.46,272,1.90,A,2015-5-5 10:38:47.68,3.0
12.00,27.88947,85.99216,4.1,8,4.99,278,2.98,A,2015-5-5 11:15:40.84,3.0
16.68,28.04078,85.04223,4.0,17,6.96,287,3.03,C,2015-5-5 0:54:4.39,6.1
10.00,27.77738,85.62755,3.8,8,28.62,278,8.20,D,2015-5-6 15:13:19.16,10.0
13.00,27.73521,85.19913,3.5,9,5.72,279,3.10,A,2015-5-6 21:56:27.83,3.0
15.13,28.01708,84.67467,4.3,17,7.42,287,2.81,C,2015-5-6 12:17:13.84,5.5
21.85,28.02274,85.23582,4.0,15,8.83,285,3.65,C,2015-5-6 16:34:18.04,4.6
24.61,27.88656,85.58649,4.0,6,9.15,276,4.81,C,2015-5-6 22:11:54.77,5.2
19.79,27.94517,85.43984,3.4,2,5.74,272,3.34,B,2015-5-7 16:30:46.80,4.3
10.00,28.26360,85.62128,3.4,27,31.66,297,10.72,D,2015-5-7 16:30:48.39,10.0
29.07,27.65573,85.88821,4.1,157,10.20,67,6.74,C,2015-5-7 11:16:14.67,5.3
17.65,27.94218,85.59325,4.1,5,6.66,275,3.69,C,2015-5-7 20:34:45.56,3.9
22.11,27.77559,85.15339,4.1,17,7.15,287,3.76,C,2015-5-7 2:11:40.38,3.9
22.66,27.68226,86.01949,4.9,6,3.52,276,2.28,B,2015-5-8 0:32:33.28,2.1
28.36,28.03711,85.16621,4.0,38,13.57,308,5.32,B,2015-5-8 21:23:28.20,1.2
14.00,27.76896,85.89540,4.1,165,4.58,75,2.46,A,2015-5-8 7:47:52.75,3.0
19.39,27.99676,85.85648,4.1,17,7.84,287,5.14,C,2015-5-8 14:22:55.60,5.7
24.38,27.71613,85.90886,4.4,172,8.72,82,5.98,C,2015-5-8 2:34:40.27,2.5
25.54,27.98790,85.43062,4.5,9,7.29,279,3.80,C,2015-5-8 9:20:37.72,5.1
7.59,28.07655,85.99577,4.3,31,8.20,301,5.49,C,2015-5-9 20:5:26.91,5.9
24.50,27.90239,85.64951,4.8,11,15.82,281,6.14,D,2015-6-11 16:12:18.22,10.0
10.30,28.22233,84.72358,4.4,15,16.90,285,7.21,D,2015-6-11 19:37:4.48,10.0
10.00,27.99598,85.79498,4.2,175,17.40,85,10.06,D,2015-6-11 4:17:44.32,10.0
10.00,27.80746,86.03859,4.0,152,42.56,62,16.67,D,2015-6-12 4:34:7.49,10.0
10.00,27.75236,86.11236,4.8,10,16.08,280,6.55,D,2015-6-13 1:18:28.28,10.0
10.00,28.26726,85.80807,4.1,4,15.94,274,8.96,D,2015-6-14 7:47:44.75,10.0
7.40,27.76649,85.43060,3.8,128,27.67,38,17.90,D,2015-6-17 0:13:18.07,10.0
10.00,28.00067,85.55941,4.3,10,15.93,280,7.54,D,2015-6-17 0:29:57.20,10.0
10.00,28.38433,85.96904,4.3,14,16.54,284,7.76,D,2015-6-17 2:15:12.73,10.0
10.00,27.86364,86.01623,4.1,12,16.42,282,7.85,D,2015-6-21 13:41:45.01,10.0
10.00,27.61582,86.01138,4.3,13,19.13,283,9.41,D,2015-6-22 7:34:29.71,10.0
10.00,27.89172,85.39792,4.0,102,27.97,12,16.17,D,2015-6-25 15:22:17.37,10.0
10.00,28.14266,86.16302,4.7,7,16.73,277,7.98,D,2015-6-28 23:57:13.63,10.0
10.00,27.90272,85.78747,4.0,5,18.17,275,10.10,D,2015-6-29 17:42:41.58,10.0
10.00,27.65104,85.83659,4.3,11,16.43,281,6.28,D,2015-6-29 21:46:22.38,10.0
16.07,27.85592,85.77242,4.1,12,5.79,282,2.85,C,2015-6-2 21:0:37.70,3.1
18.79,27.78883,86.20843,4.0,18,6.72,288,2.91,C,2015-6-2 5:3:29.45,3.7
24.06,27.66936,86.27132,4.5,20,9.11,290,3.42,C,2015-6-3 11:53:30.58,3.8
21.50,27.65234,86.07738,4.2,15,7.32,285,3.00,C,2015-6-3 8:54:20.08,3.5
20.40,27.73642,86.21635,4.1,19,7.86,289,3.32,C,2015-6-4 10:30:53.55,3.5
12.38,28.27735,85.86462,4.2,19,7.35,289,3.28,C,2015-6-5 20:48:35.26,4.8
16.84,27.79481,85.78872,4.2,12,5.98,282,2.93,C,2015-6-5 4:17:49.11,3.4
16.49,27.69101,85.19662,4.0,14,6.21,284,2.99,C,2015-6-5 8:31:7.00,3.2
21.73,27.58735,86.20509,4.0,18,6.41,288,2.99,C,2015-6-6 17:0:24.09,3.4
23.76,27.95084,85.64146,4.2,9,5.28,279,3.25,B,2015-6-7 5:17:44.80,3.6
24.87,27.88179,86.14432,4.2,22,8.05,292,3.11,C,2015-6-7 16:50:39.30,3.5
10.00,27.82289,86.14745,4.2,9,16.34,279,7.10,D,2015-7-10 21:12:59.01,10.0
10.00,28.07499,85.57423,4.2,10,15.66,280,8.36,D,2015-7-2 1:56:9.79,10.0
14.50,27.81670,85.40843,3.9,110,27.66,20,15.89,D,2015-7-22 16:29:46.18,10.0
3.40,27.88478,84.95250,4.5,15,16.45,285,6.50,D,2015-7-3 20:4:5.42,10.0
10.00,28.02243,85.69542,4.2,7,15.76,277,7.68,D,2015-7-6 15:29:6.12,10.0
15.98,28.01483,85.29818,4.7,8,2.82,278,1.32,C,2015-8-20  6:2:51.93,2.7
34.30,28.92323,87.83549,4.4,12,16.20,282,6.57,D,2015-8-1 12:14:26.96,10.0
10.00,28.55865,85.69283,4.0,7,19.94,277,5.50,D,2015-8-1 1:37:41.07,10.0
2.60,27.81807,85.22525,3.7,18,16.82,288,9.17,D,2015-8-11 4:57:38.38,10.0
10.00,27.55159,85.95924,4.6,13,22.67,283,10.33,D,2015-8-14 13:2:25.13,10.0
10.00,27.77855,85.99866,4.7,9,16.35,279,6.05,D,2015-8-15 18:11:37.40,10.0
10.00,27.43099,87.97616,4.4,13,17.89,283,7.09,D,2015-8-15 5:42:18.12,10.0
10.40,27.97617,86.08091,4.2,10,16.35,280,6.42,D,2015-8-17 22:23:56.09,10.0
10.00,27.89310,86.12104,5.0,10,15.61,280,5.56,D,2015-8-23 9:2:2.92,10.0
10.50,28.48238,87.32654,4.0,14,16.62,284,9.26,D,2015-8-24 6:53:42.00,10.0
10.00,27.76353,85.73509,4.5,10,15.69,280,5.67,D,2015-8-30 13:17:32.77,10.0
10.00,28.25150,84.74226,4.2,16,17.17,286,7.49,D,2015-8-9 22:30:24.19,10.0
16.00,27.70625,86.23399,4.1,9,17.27,279,7.39,D,2015-9-1 23:6:38.46,10.0
7.50,27.64636,86.15813,4.2,7,16.81,277,6.24,D,2015-9-16 14:52:10.01,10.0
10.00,27.82940,85.06955,4.4,15,16.76,285,6.69,D,2015-9-22 6:32:44.04,10.0
10.00,27.88511,85.81226,4.4,11,16.69,281,7.38,D,2015-9-29 10:54:40.03,10.0
7.00,29.12609,86.36897,4.5,13,15.77,283,7.12,D,2015-10-12 15:39:4.96,10.0
10.00,27.78036,86.09227,4.5,10,16.47,280,6.42,D,2015-10-5 7:33:20.16,10.0
10.00,27.80640,86.12702,4.3,9,16.42,279,6.13,D,2015-10-5 7:36:23.76,10.0
10.00,27.75156,86.13172,4.0,2,24.03,272,12.16,D,2015-10-6 12:2:38.84,10.0
14.00,27.69470,86.09624,4.3,10,17.08,280,7.21,D,2015-10-6 23:30:27.06,10.0
34.70,28.02676,84.97634,4.2,18,17.26,288,7.76,D,2015-10-7 4:58:18.80,10.0
10.00,28.98544,86.27525,4.0,18,16.84,288,11.40,D,2015-10-9 1:1:19.75,10.0
10.00,28.95418,86.46415,4.9,11,15.60,281,6.21,D,2015-10-9 20:29:54.06,10.0
10.00,27.95279,85.67963,5.0,8,15.79,278,7.27,D,2015-11-19 4:15:50.87,10.0
 8.20,28.24675,84.84039,4.6,30,10.99,300,8.01,D,2015-11-24 12:24:14.66,4.5
19.00,28.04686   ,85.03336,4.5,17,9.58,287,6.97,D,2016-1-21 19:22:42.19  ,4.4
23.50,27.91405,85.38233,5.2,177,8.81,87,6.42,D,2016-2  5 16:20:10.45,4.4
21.10,27.75920,85.65044,4.1,1,9.24,271,6.01,D,2016-2-10 16:27:40.64,4.5
16.70,28.02907,84.73015,5.1,12,9.76,282,6.56,D,2016-2-21 18:9:59.71,4.5
10.00,27.80523,85.74167,4.7,178,9.37,88,5.97,D,2016-2-24  9:22:15.35,1.9
10.00,27.83808,84.78515,4.4,23,15.24,293,7.33,D,2016-3-13  5:15:32.29,1.8
27.10,27.74192,85.60487,4.3,12,13.03,282,9.20,D,2016-3-14 21:27:33.81,6.1
23.70,27.61523,85.86947,4.2,27,12.94,297,8.52,D,2016-4-4  4:31:25.82,5.0
4.10,27.64871,85.38914,4.1,179,9.82,89,6.45,D,2016-4-9 13:20:12.46,4.9
10.00,27.71592,86.24001,4.3,24,12.62,294,8.54,D,2016-4-12 14:41:51.55,1.9
22.50,27.88390,85.41102,4.3,51,7.03,321,3.72,B,2016-5-14-22:45:53.33,3.3
