lon,lat,depth,stdv,smag,shiftstd,avstr,avdip,avrke,psdepth,sstr,sdip,nID,pslon,pslat,bzlon,bzlat,centsurf,thickness,alen,blen,clen,ogstr,ogdip,hstdv,vstdv
126.60,1.60,7.54,10.00,0.00,0.00,nan,nan,nan,7.54,14.93,6.46,126616,126.60,1.60,126.60,1.60,10.00,129.14,100.00,20.00,100.00,12.03,13.56,2.34,9.72
126.80,1.60,9.53,10.00,0.00,0.00,nan,nan,nan,9.53,14.96,9.03,126816,126.80,1.60,126.80,1.60,10.00,129.14,100.00,20.00,100.00,21.00,6.83,1.19,9.93
126.60,1.80,7.52,10.00,0.00,0.00,nan,nan,nan,7.52,14.63,5.83,126618,126.60,1.80,126.60,1.80,10.00,129.32,100.00,20.00,100.00,12.53,14.53,2.51,9.68
126.80,1.80,8.77,10.00,0.00,0.00,nan,nan,nan,8.77,15.26,8.24,126818,126.80,1.80,126.80,1.80,10.00,129.32,100.00,20.00,100.00,21.49,7.05,1.23,9.92
126.80,2.00,8.39,10.00,0.00,0.00,nan,nan,nan,8.39,15.15,7.42,126820,126.80,2.00,126.80,2.00,10.00,128.32,100.00,20.00,100.00,20.44,7.73,1.35,9.91
126.80,2.20,7.98,10.00,0.00,0.00,nan,nan,nan,7.98,14.57,6.64,126822,126.80,2.20,126.80,2.20,10.00,127.73,100.00,20.00,100.00,18.26,9.04,1.57,9.88
126.80,2.40,7.61,10.00,0.00,0.00,nan,nan,nan,7.61,13.51,5.88,126824,126.80,2.40,126.80,2.40,10.00,126.54,100.00,20.00,100.00,17.10,10.57,1.83,9.83
126.80,2.60,7.35,10.00,0.00,0.00,nan,nan,nan,7.35,11.71,5.12,126826,126.80,2.60,126.80,2.60,10.00,123.59,100.00,20.00,100.00,16.70,11.88,2.06,9.79
126.20,-1.60,14.81,10.00,0.00,0.00,nan,nan,nan,14.81,55.91,14.98,1262016,126.20,-1.60,126.20,-1.60,10.00,105.16,56.00,20.00,100.00,351.74,19.26,3.30,9.44
125.80,-1.40,7.65,10.00,0.00,0.00,nan,nan,nan,7.65,84.81,9.34,1258014,125.80,-1.40,125.80,-1.40,10.00,105.16,45.00,20.00,100.00,333.02,23.19,3.94,9.19
126.00,-1.40,9.56,10.00,0.00,0.00,nan,nan,nan,9.56,68.55,10.94,1260014,126.00,-1.40,126.00,-1.40,10.00,105.16,76.00,20.00,100.00,339.31,22.67,3.85,9.23
126.20,-1.40,13.20,10.00,0.00,0.00,nan,nan,nan,13.20,53.09,14.01,1262014,126.20,-1.40,126.20,-1.40,10.00,105.16,100.00,20.00,100.00,337.57,16.59,2.86,9.58
126.40,-1.40,17.94,10.00,0.00,0.00,nan,nan,nan,17.94,41.93,16.82,1264014,126.40,-1.40,126.40,-1.40,10.00,105.16,56.00,20.00,100.00,350.30,10.24,1.78,9.84
125.80,-1.20,7.40,10.00,0.00,0.00,nan,nan,nan,7.40,89.46,7.45,1258012,125.80,-1.20,125.80,-1.20,10.00,107.76,20.00,20.00,100.00,346.42,16.96,2.92,9.57
126.00,-1.20,8.77,10.00,0.00,0.00,nan,nan,nan,8.77,59.78,8.25,1260012,126.00,-1.20,126.00,-1.20,10.00,107.76,100.00,20.00,100.00,351.32,21.17,3.61,9.33
126.20,-1.20,12.26,10.00,0.00,0.00,nan,nan,nan,12.26,40.46,10.99,1262012,126.20,-1.20,126.20,-1.20,10.00,107.76,100.00,20.00,100.00,348.85,12.44,2.15,9.77
126.40,-1.20,16.52,10.00,0.00,0.00,nan,nan,nan,16.52,31.18,14.33,1264012,126.40,-1.20,126.40,-1.20,10.00,108.91,20.00,20.00,100.00,3.36,5.91,1.03,9.95
125.80,-1.00,7.50,10.00,0.00,0.00,nan,nan,nan,7.50,72.34,4.65,1258010,125.80,-1.00,125.80,-1.00,10.00,108.91,30.00,20.00,100.00,12.25,17.67,3.04,9.53
126.00,-1.00,8.28,10.00,0.00,0.00,nan,nan,nan,8.28,45.37,6.04,1260010,126.00,-1.00,126.00,-1.00,10.00,108.91,100.00,20.00,100.00,5.92,21.21,3.62,9.32
126.20,-1.00,10.92,10.00,0.00,0.00,nan,nan,nan,10.92,28.95,9.24,1262010,126.20,-1.00,126.20,-1.00,10.00,108.91,34.00,20.00,100.00,9.89,11.58,2.01,9.80
126.40,-1.00,15.57,10.00,0.00,0.00,nan,nan,nan,15.57,22.83,12.76,1264010,126.40,-1.00,126.40,-1.00,10.00,111.43,29.00,20.00,100.00,32.54,4.75,0.83,9.97
126.00,-0.80,7.92,10.00,0.00,0.00,nan,nan,nan,7.92,33.23,5.01,126008,126.00,-0.80,126.00,-0.80,10.00,111.43,100.00,20.00,100.00,10.63,22.14,3.77,9.26
126.20,-0.80,10.22,10.00,0.00,0.00,nan,nan,nan,10.22,21.64,8.24,126208,126.20,-0.80,126.20,-0.80,10.00,111.43,53.00,20.00,100.00,15.60,12.52,2.17,9.76
126.40,-0.80,13.83,10.00,0.00,0.00,nan,nan,nan,13.83,17.93,11.71,126408,126.40,-0.80,126.40,-0.80,10.00,113.71,58.00,20.00,100.00,42.62,4.66,0.81,9.97
126.00,-0.60,7.46,10.00,0.00,0.00,nan,nan,nan,7.46,26.52,4.51,126006,126.00,-0.60,126.00,-0.60,10.00,113.71,100.00,20.00,100.00,9.68,23.17,3.93,9.19
126.20,-0.60,9.54,10.00,0.00,0.00,nan,nan,nan,9.54,18.23,7.56,126206,126.20,-0.60,126.20,-0.60,10.00,116.06,78.00,20.00,100.00,12.72,13.16,2.28,9.74
126.40,-0.60,12.97,10.00,0.00,0.00,nan,nan,nan,12.97,15.72,10.89,126406,126.40,-0.60,126.40,-0.60,10.00,116.06,100.00,20.00,100.00,42.66,4.20,0.73,9.97
126.60,-0.60,17.11,10.00,0.00,0.00,nan,nan,nan,17.11,14.69,14.36,126606,126.60,-0.60,126.60,-0.60,10.00,116.06,100.00,20.00,100.00,23.78,8.42,1.46,9.89
126.00,-0.40,7.47,10.00,0.00,0.00,nan,nan,nan,7.47,23.97,4.19,126004,126.00,-0.40,126.00,-0.40,10.00,116.06,100.00,20.00,100.00,10.83,24.91,4.21,9.07
126.20,-0.40,8.71,10.00,0.00,0.00,nan,nan,nan,8.71,17.18,6.99,126204,126.20,-0.40,126.20,-0.40,10.00,117.02,100.00,20.00,100.00,13.58,14.06,2.43,9.70
126.40,-0.40,11.91,10.00,0.00,0.00,nan,nan,nan,11.91,15.10,10.17,126404,126.40,-0.40,126.40,-0.40,10.00,117.02,100.00,20.00,100.00,46.08,4.12,0.72,9.97
126.60,-0.40,16.35,10.00,0.00,0.00,nan,nan,nan,16.35,14.31,13.58,126604,126.60,-0.40,126.60,-0.40,10.00,117.02,100.00,20.00,100.00,24.20,7.93,1.38,9.90
126.00,-0.20,7.51,10.00,0.00,0.00,nan,nan,nan,7.51,21.18,4.52,126002,126.00,-0.20,126.00,-0.20,10.00,117.02,100.00,20.00,100.00,10.52,26.59,4.48,8.94
126.20,-0.20,8.23,10.00,0.00,0.00,nan,nan,nan,8.23,17.23,6.48,126202,126.20,-0.20,126.20,-0.20,10.00,119.22,100.00,20.00,100.00,14.22,15.08,2.60,9.66
126.40,-0.20,10.59,10.00,0.00,0.00,nan,nan,nan,10.59,15.25,9.49,126402,126.40,-0.20,126.40,-0.20,10.00,119.22,100.00,20.00,100.00,46.62,4.34,0.76,9.97
126.60,-0.20,15.02,10.00,0.00,0.00,nan,nan,nan,15.02,14.64,12.80,126602,126.60,-0.20,126.60,-0.20,10.00,119.22,100.00,20.00,100.00,23.89,7.61,1.32,9.91
126.20,0.00,7.82,10.00,0.00,0.00,nan,nan,nan,7.82,17.52,6.01,126200,126.20,0.00,126.20,0.00,10.00,121.07,100.00,20.00,100.00,14.97,16.02,2.76,9.61
126.40,0.00,9.99,10.00,0.00,0.00,nan,nan,nan,9.99,15.61,8.81,126400,126.40,0.00,126.40,0.00,10.00,121.07,100.00,20.00,100.00,44.49,4.88,0.85,9.96
126.60,0.00,13.52,10.00,0.00,0.00,nan,nan,nan,13.52,15.17,11.98,126600,126.60,0.00,126.60,0.00,10.00,121.07,100.00,20.00,100.00,23.58,7.52,1.31,9.91
126.20,0.20,7.33,10.00,0.00,0.00,nan,nan,nan,7.33,17.61,5.56,12622,126.20,0.20,126.20,0.20,10.00,123.02,100.00,20.00,100.00,15.44,16.92,2.91,9.57
126.40,0.20,9.19,10.00,0.00,0.00,nan,nan,nan,9.19,15.83,8.12,12642,126.40,0.20,126.40,0.20,10.00,123.02,100.00,20.00,100.00,39.02,5.61,0.98,9.95
126.60,0.20,12.78,10.00,0.00,0.00,nan,nan,nan,12.78,15.52,11.11,12662,126.60,0.20,126.60,0.20,10.00,123.02,100.00,20.00,100.00,21.34,7.56,1.32,9.91
126.80,0.20,16.82,10.00,0.00,0.00,nan,nan,nan,16.82,15.74,14.32,12682,126.80,0.20,126.80,0.20,10.00,123.64,100.00,20.00,100.00,14.48,12.69,2.20,9.76
126.20,0.40,7.49,10.00,0.00,0.00,nan,nan,nan,7.49,17.54,5.24,12624,126.20,0.40,126.20,0.40,10.00,123.64,100.00,20.00,100.00,15.49,17.91,3.08,9.52
126.40,0.40,8.41,10.00,0.00,0.00,nan,nan,nan,8.41,15.87,7.47,12644,126.40,0.40,126.40,0.40,10.00,123.64,100.00,20.00,100.00,31.01,6.62,1.15,9.93
126.60,0.40,11.65,10.00,0.00,0.00,nan,nan,nan,11.65,15.56,10.26,12664,126.60,0.40,126.60,0.40,10.00,123.64,100.00,20.00,100.00,16.19,7.77,1.35,9.91
126.80,0.40,16.24,10.00,0.00,0.00,nan,nan,nan,16.24,15.63,13.36,12684,126.80,0.40,126.80,0.40,10.00,125.37,100.00,20.00,100.00,12.59,11.48,1.99,9.80
126.40,0.60,8.19,10.00,0.00,0.00,nan,nan,nan,8.19,15.80,6.86,12646,126.40,0.60,126.40,0.60,10.00,125.37,100.00,20.00,100.00,23.49,8.29,1.44,9.90
126.60,0.60,10.64,10.00,0.00,0.00,nan,nan,nan,10.64,15.32,9.47,12666,126.60,0.60,126.60,0.60,10.00,126.51,100.00,20.00,100.00,10.61,8.38,1.46,9.89
126.80,0.60,14.74,10.00,0.00,0.00,nan,nan,nan,14.74,15.10,12.47,12686,126.80,0.60,126.80,0.60,10.00,126.51,100.00,20.00,100.00,10.49,10.13,1.76,9.84
126.40,0.80,7.75,10.00,0.00,0.00,nan,nan,nan,7.75,15.70,6.32,12648,126.40,0.80,126.40,0.80,10.00,126.51,100.00,20.00,100.00,19.57,10.43,1.81,9.83
126.60,0.80,9.92,10.00,0.00,0.00,nan,nan,nan,9.92,14.99,8.77,12668,126.60,0.80,126.60,0.80,10.00,127.87,100.00,20.00,100.00,10.26,9.37,1.63,9.87
126.80,0.80,13.29,10.00,0.00,0.00,nan,nan,nan,13.29,14.44,11.69,12688,126.80,0.80,126.80,0.80,10.00,127.87,100.00,20.00,100.00,11.99,8.88,1.54,9.88
126.40,1.00,7.36,10.00,0.00,0.00,nan,nan,nan,7.36,15.66,5.83,126410,126.40,1.00,126.40,1.00,10.00,127.87,100.00,20.00,100.00,17.96,12.51,2.17,9.76
126.60,1.00,9.02,10.00,0.00,0.00,nan,nan,nan,9.02,14.77,8.16,126610,126.60,1.00,126.60,1.00,10.00,127.92,100.00,20.00,100.00,11.70,10.43,1.81,9.83
126.80,1.00,12.32,10.00,0.00,0.00,nan,nan,nan,12.32,14.00,11.02,126810,126.80,1.00,126.80,1.00,10.00,127.92,100.00,20.00,100.00,15.42,8.00,1.39,9.90
126.40,1.20,7.39,10.00,0.00,0.00,nan,nan,nan,7.39,15.47,5.87,126412,126.40,1.20,126.40,1.20,10.00,127.92,100.00,20.00,100.00,16.26,14.51,2.51,9.68
126.60,1.20,8.48,10.00,0.00,0.00,nan,nan,nan,8.48,14.79,7.60,126612,126.60,1.20,126.60,1.20,10.00,128.91,100.00,20.00,100.00,11.78,11.51,1.99,9.80
126.80,1.20,11.09,10.00,0.00,0.00,nan,nan,nan,11.09,14.03,10.39,126812,126.80,1.20,126.80,1.20,10.00,128.91,100.00,20.00,100.00,17.68,7.32,1.27,9.92
126.60,1.40,7.98,10.00,0.00,0.00,nan,nan,nan,7.98,14.93,7.04,126614,126.60,1.40,126.60,1.40,10.00,129.62,100.00,20.00,100.00,11.99,12.57,2.18,9.76
126.80,1.40,9.82,23.37,0.00,0.00,nan,nan,nan,9.82,14.45,9.75,126814,126.80,1.40,126.80,1.40,8.00,129.62,100.00,20.00,100.00,19.76,6.94,2.82,23.20
128.41,-2.20,213.28,6.94,1.05,5.26,nan,nan,nan,213.96,14.52,49.71,1284022,128.40,-2.20,128.40,-2.20,11.00,105.16,100.00,20.00,100.00,13.61,50.47,5.35,4.42
128.60,-2.20,239.85,6.94,1.05,5.26,nan,nan,nan,240.54,14.44,49.50,1286022,128.60,-2.20,128.59,-2.20,11.00,105.16,100.00,20.00,100.00,14.65,50.11,5.33,4.45
128.80,-2.20,265.53,6.94,1.05,5.26,nan,nan,nan,266.22,14.40,48.72,1288022,128.80,-2.20,128.79,-2.20,11.00,105.16,100.00,20.00,100.00,15.01,49.93,5.31,4.47
128.99,-2.20,291.27,6.63,1.05,5.26,nan,nan,nan,291.98,14.28,47.13,1290022,129.00,-2.20,128.99,-2.20,11.00,105.16,100.00,20.00,100.00,15.45,48.84,4.99,4.37
127.81,-2.00,129.06,7.21,1.05,5.26,nan,nan,nan,129.77,16.62,47.02,1278020,127.80,-2.00,127.81,-2.00,12.00,105.16,100.00,20.00,100.00,11.73,49.44,5.48,4.69
128.01,-2.00,155.11,7.21,1.05,5.26,nan,nan,nan,155.81,15.43,48.66,1280020,128.00,-2.00,128.01,-2.00,12.00,105.16,100.00,20.00,100.00,11.42,50.15,5.54,4.62
128.21,-2.00,180.79,6.94,1.05,5.26,nan,nan,nan,181.47,14.79,49.45,1282020,128.20,-2.00,128.21,-2.00,11.00,105.16,100.00,20.00,100.00,12.20,49.64,5.29,4.49
128.41,-2.00,207.06,6.94,1.05,5.26,nan,nan,nan,207.74,14.52,49.71,1284020,128.40,-2.00,128.40,-2.00,11.00,105.16,100.00,20.00,100.00,13.34,49.85,5.31,4.47
128.61,-2.00,232.64,6.94,1.05,5.26,nan,nan,nan,233.33,14.44,49.50,1286020,128.60,-2.00,128.60,-2.00,11.00,105.16,100.00,20.00,100.00,14.01,49.88,5.31,4.47
128.81,-2.00,258.36,6.94,1.08,5.39,nan,nan,nan,259.07,14.40,48.72,1288020,128.80,-2.00,128.80,-2.00,11.00,107.76,100.00,20.00,100.00,13.44,49.95,5.31,4.47
129.01,-2.00,283.68,6.94,1.08,5.39,nan,nan,nan,284.41,14.28,47.13,1290020,129.00,-2.00,129.00,-2.00,11.00,107.76,100.00,20.00,100.00,13.01,48.83,5.22,4.57
129.21,-2.00,307.09,6.63,1.08,5.39,nan,nan,nan,307.86,14.03,44.62,1292020,129.20,-2.00,129.21,-2.00,11.00,107.76,100.00,20.00,100.00,12.90,47.47,4.89,4.48
126.99,-1.79,49.12,7.79,0.50,2.51,nan,nan,nan,49.56,30.57,29.21,1270018,127.00,-1.80,126.99,-1.79,13.00,105.16,100.00,20.00,100.00,27.31,27.80,3.63,6.89
127.21,-1.81,57.78,7.79,1.05,5.26,nan,nan,nan,58.65,25.43,34.45,1272018,127.20,-1.80,127.21,-1.80,13.00,105.16,100.00,20.00,100.00,20.32,38.13,4.81,6.13
127.41,-1.80,76.91,7.21,1.05,5.26,nan,nan,nan,77.71,21.39,39.79,1274018,127.40,-1.80,127.41,-1.80,12.00,105.16,100.00,20.00,100.00,16.92,44.09,5.02,5.18
127.61,-1.80,99.71,6.94,1.05,5.26,nan,nan,nan,100.46,18.53,44.12,1276018,127.60,-1.80,127.60,-1.80,11.00,105.16,100.00,20.00,100.00,15.46,46.56,5.04,4.77
127.81,-1.80,123.30,6.94,1.05,5.26,nan,nan,nan,124.02,16.62,47.02,1278018,127.80,-1.80,127.81,-1.80,11.00,105.16,100.00,20.00,100.00,13.31,49.92,5.31,4.47
128.01,-1.80,149.57,6.94,1.08,5.39,nan,nan,nan,150.28,15.43,48.66,1280018,128.00,-1.80,128.01,-1.80,11.00,107.76,100.00,20.00,100.00,12.47,50.40,5.35,4.42
128.21,-1.80,175.15,6.94,1.08,5.39,nan,nan,nan,175.86,14.79,49.45,1282018,128.20,-1.80,128.21,-1.80,11.00,107.76,100.00,20.00,100.00,12.94,49.35,5.27,4.52
128.41,-1.80,201.00,6.94,1.08,5.39,nan,nan,nan,201.69,14.52,49.71,1284018,128.40,-1.80,128.40,-1.80,11.00,107.76,100.00,20.00,100.00,13.54,49.40,5.27,4.52
128.61,-1.80,226.34,6.94,1.09,5.45,nan,nan,nan,227.05,14.44,49.50,1286018,128.60,-1.80,128.60,-1.80,11.00,108.91,100.00,20.00,100.00,13.62,49.89,5.31,4.47
128.81,-1.80,252.34,7.21,1.09,5.45,nan,nan,nan,253.05,14.40,48.72,1288018,128.80,-1.80,128.80,-1.80,12.00,108.91,100.00,20.00,100.00,12.97,50.33,5.55,4.60
129.01,-1.80,278.08,7.21,1.09,5.45,nan,nan,nan,278.82,14.28,47.13,1290018,129.00,-1.80,129.00,-1.80,12.00,108.91,100.00,20.00,100.00,12.79,49.22,5.46,4.71
129.21,-1.80,302.47,7.21,1.09,5.45,nan,nan,nan,303.25,14.03,44.62,1292018,129.20,-1.80,129.20,-1.80,12.00,108.91,100.00,20.00,100.00,12.79,47.81,5.34,4.84
127.00,-1.60,43.54,7.21,0.19,0.98,nan,nan,nan,43.71,30.57,29.21,1270016,127.00,-1.60,127.00,-1.60,12.00,105.16,100.00,20.00,100.00,18.14,24.72,3.02,6.55
127.22,-1.61,51.57,7.79,1.08,5.39,nan,nan,nan,52.46,25.43,34.45,1272016,127.20,-1.60,127.22,-1.60,13.00,107.76,100.00,20.00,100.00,14.25,35.94,4.57,6.31
127.42,-1.61,69.93,7.21,1.08,5.39,nan,nan,nan,70.76,21.39,39.79,1274016,127.40,-1.60,127.42,-1.60,12.00,107.76,100.00,20.00,100.00,14.75,42.78,4.90,5.29
127.61,-1.60,93.55,7.21,1.08,5.39,nan,nan,nan,94.33,18.53,44.12,1276016,127.60,-1.60,127.60,-1.60,12.00,107.76,100.00,20.00,100.00,15.82,46.14,5.20,5.00
127.81,-1.60,117.66,6.94,1.08,5.39,nan,nan,nan,118.40,16.62,47.02,1278016,127.80,-1.60,127.80,-1.60,11.00,107.76,100.00,20.00,100.00,14.48,50.11,5.32,4.45
128.01,-1.60,143.41,6.94,1.09,5.45,nan,nan,nan,144.13,15.43,48.66,1280016,128.00,-1.60,128.01,-1.60,11.00,108.91,100.00,20.00,100.00,14.05,50.69,5.37,4.40
128.21,-1.60,169.02,6.94,1.09,5.45,nan,nan,nan,169.73,14.79,49.45,1282016,128.20,-1.60,128.21,-1.60,11.00,108.91,100.00,20.00,100.00,14.35,49.50,5.28,4.51
128.41,-1.60,194.19,6.94,1.09,5.45,nan,nan,nan,194.89,14.52,49.71,1284016,128.40,-1.60,128.41,-1.60,11.00,108.91,100.00,20.00,100.00,13.72,49.39,5.27,4.52
128.61,-1.60,220.17,7.21,1.11,5.57,nan,nan,nan,220.89,14.44,49.50,1286016,128.60,-1.60,128.60,-1.60,12.00,111.43,100.00,20.00,100.00,13.15,49.83,5.51,4.65
128.81,-1.60,246.15,7.21,1.11,5.57,nan,nan,nan,246.89,14.40,48.72,1288016,128.80,-1.60,128.80,-1.60,12.00,111.43,100.00,20.00,100.00,13.36,50.37,5.55,4.60
129.01,-1.60,271.94,6.63,1.11,5.57,nan,nan,nan,272.70,14.28,47.13,1290016,129.00,-1.60,129.00,-1.60,11.00,111.43,100.00,20.00,100.00,14.34,49.52,5.05,4.31
129.21,-1.60,296.53,6.94,1.11,5.57,nan,nan,nan,297.32,14.03,44.62,1292016,129.20,-1.60,129.20,-1.60,11.00,111.43,100.00,20.00,100.00,14.68,48.37,5.19,4.61
127.21,-1.40,49.10,7.79,0.52,2.60,nan,nan,nan,49.53,21.75,33.24,1272014,127.20,-1.40,127.21,-1.40,13.00,108.91,100.00,20.00,100.00,13.42,33.46,4.29,6.50
127.43,-1.41,63.96,7.52,1.09,5.45,nan,nan,nan,64.81,18.89,38.98,1274014,127.40,-1.40,127.42,-1.41,12.00,108.91,100.00,20.00,100.00,15.89,40.49,4.88,5.72
127.61,-1.40,86.94,7.52,1.09,5.45,nan,nan,nan,87.73,16.98,43.69,1276014,127.60,-1.40,127.60,-1.40,12.00,108.91,100.00,20.00,100.00,17.48,45.24,5.34,5.29
127.81,-1.40,110.62,6.94,1.11,5.57,nan,nan,nan,111.38,15.75,46.85,1278014,127.80,-1.40,127.80,-1.40,11.00,111.43,100.00,20.00,100.00,15.70,50.17,5.33,4.44
128.01,-1.40,137.11,6.63,1.11,5.57,nan,nan,nan,137.85,15.02,48.62,1280014,128.00,-1.40,128.00,-1.40,11.00,111.43,100.00,20.00,100.00,15.00,51.02,5.16,4.17
128.21,-1.40,162.99,6.63,1.11,5.57,nan,nan,nan,163.71,14.66,49.45,1282014,128.20,-1.40,128.20,-1.40,11.00,111.43,100.00,20.00,100.00,14.90,50.03,5.08,4.26
128.41,-1.40,188.02,6.94,1.11,5.57,nan,nan,nan,188.74,14.55,49.73,1284014,128.40,-1.40,128.41,-1.40,11.00,111.43,100.00,20.00,100.00,13.63,49.92,5.31,4.47
128.61,-1.40,214.27,7.21,1.14,5.69,nan,nan,nan,215.00,14.57,49.59,1286014,128.60,-1.40,128.60,-1.40,12.00,113.71,100.00,20.00,100.00,12.98,49.77,5.50,4.66
128.81,-1.40,239.30,6.94,1.14,5.69,nan,nan,nan,240.04,14.60,48.96,1288014,128.80,-1.40,128.81,-1.40,11.00,113.71,100.00,20.00,100.00,13.68,49.90,5.31,4.47
129.01,-1.40,265.32,6.63,1.14,5.69,nan,nan,nan,266.09,14.54,47.59,1290014,129.00,-1.40,129.00,-1.40,11.00,113.71,100.00,20.00,100.00,14.99,49.36,5.03,4.32
129.21,-1.40,289.97,6.94,1.16,5.80,nan,nan,nan,290.79,14.35,45.31,1292014,129.20,-1.40,129.20,-1.40,11.00,116.06,100.00,20.00,100.00,15.19,48.77,5.22,4.57
127.21,-1.20,46.96,7.79,0.41,2.04,nan,nan,nan,47.31,18.15,31.65,1272012,127.20,-1.20,127.21,-1.20,13.00,111.43,100.00,20.00,100.00,13.35,30.65,3.97,6.70
127.43,-1.21,58.59,7.52,1.11,5.57,nan,nan,nan,59.47,16.70,37.69,1274012,127.40,-1.20,127.42,-1.21,12.00,111.43,100.00,20.00,100.00,16.35,37.46,4.57,5.97
127.61,-1.20,79.82,7.52,1.11,5.57,nan,nan,nan,80.64,15.80,42.83,1276012,127.60,-1.20,127.60,-1.20,12.00,111.43,100.00,20.00,100.00,17.35,43.79,5.20,5.43
127.80,-1.20,104.10,6.63,1.14,5.69,nan,nan,nan,104.89,15.24,46.40,1278012,127.80,-1.20,127.79,-1.20,11.00,113.71,100.00,20.00,100.00,15.14,49.93,5.08,4.27
128.01,-1.20,130.01,6.94,1.14,5.69,nan,nan,nan,130.77,14.91,48.43,1280012,128.00,-1.20,128.00,-1.20,11.00,113.71,100.00,20.00,100.00,14.53,51.12,5.40,4.36
128.21,-1.20,156.10,6.63,1.14,5.69,nan,nan,nan,156.84,14.75,49.39,1282012,128.20,-1.20,128.20,-1.20,11.00,113.71,100.00,20.00,100.00,14.77,50.42,5.11,4.23
128.41,-1.20,181.61,6.94,1.14,5.69,nan,nan,nan,182.35,14.72,49.72,1284012,128.40,-1.20,128.41,-1.20,11.00,113.71,100.00,20.00,100.00,14.23,50.49,5.35,4.42
128.61,-1.20,207.48,6.94,1.16,5.80,nan,nan,nan,208.23,14.76,49.67,1286012,128.60,-1.20,128.61,-1.20,11.00,116.06,100.00,20.00,100.00,14.18,49.90,5.31,4.47
128.81,-1.20,232.91,6.94,1.16,5.80,nan,nan,nan,233.67,14.78,49.20,1288012,128.80,-1.20,128.81,-1.20,11.00,116.06,100.00,20.00,100.00,14.53,49.58,5.28,4.50
129.01,-1.20,257.96,6.94,1.16,5.80,nan,nan,nan,258.73,14.74,48.10,1290012,129.00,-1.20,129.01,-1.20,11.00,116.06,100.00,20.00,100.00,14.97,49.17,5.25,4.54
129.21,-1.20,283.35,6.94,1.17,5.85,nan,nan,nan,284.16,14.58,46.12,1292012,129.20,-1.20,129.20,-1.20,11.00,117.02,100.00,20.00,100.00,14.81,49.00,5.24,4.55
127.20,-1.00,44.66,7.21,0.28,1.39,nan,nan,nan,44.90,15.97,30.02,1272010,127.20,-1.00,127.20,-1.00,12.00,113.71,100.00,20.00,100.00,12.55,27.73,3.36,6.38
127.42,-1.01,54.36,7.52,1.14,5.69,nan,nan,nan,55.28,15.51,36.16,1274010,127.40,-1.00,127.42,-1.01,12.00,113.71,100.00,20.00,100.00,17.12,34.13,4.22,6.22
127.61,-1.00,73.47,7.79,1.14,5.69,nan,nan,nan,74.32,15.25,41.68,1276010,127.60,-1.00,127.60,-1.00,13.00,113.71,100.00,20.00,100.00,17.78,42.29,5.24,5.76
127.81,-1.00,96.64,6.94,1.16,5.80,nan,nan,nan,97.45,15.09,45.71,1278010,127.80,-1.00,127.80,-1.00,11.00,116.06,100.00,20.00,100.00,14.95,49.69,5.29,4.49
128.01,-1.00,123.17,6.94,1.16,5.80,nan,nan,nan,123.94,14.97,48.11,1280010,128.00,-1.00,128.00,-1.00,11.00,116.06,100.00,20.00,100.00,14.28,51.10,5.40,4.36
128.21,-1.00,149.19,6.63,1.16,5.80,nan,nan,nan,149.94,14.89,49.26,1282010,128.20,-1.00,128.20,-1.00,11.00,116.06,100.00,20.00,100.00,15.03,50.36,5.11,4.23
128.41,-1.00,174.65,6.94,1.17,5.85,nan,nan,nan,175.41,14.86,49.69,1284010,128.40,-1.00,128.41,-1.00,11.00,117.02,100.00,20.00,100.00,15.40,50.64,5.37,4.40
128.61,-1.00,200.58,6.94,1.17,5.85,nan,nan,nan,201.33,14.86,49.72,1286010,128.60,-1.00,128.61,-1.00,11.00,117.02,100.00,20.00,100.00,15.74,50.20,5.33,4.44
128.81,-1.00,226.16,6.94,1.17,5.85,nan,nan,nan,226.92,14.85,49.39,1288010,128.80,-1.00,128.81,-1.00,11.00,117.02,100.00,20.00,100.00,15.19,49.88,5.31,4.47
129.01,-1.00,251.41,6.94,1.17,5.85,nan,nan,nan,252.19,14.80,48.51,1290010,129.00,-1.00,129.01,-1.00,11.00,117.02,100.00,20.00,100.00,14.54,49.32,5.26,4.52
129.21,-1.00,276.95,6.94,1.19,5.96,nan,nan,nan,277.76,14.68,46.83,1292010,129.20,-1.00,129.20,-1.00,11.00,119.22,100.00,20.00,100.00,14.24,49.08,5.24,4.55
129.41,-1.00,301.46,6.94,1.19,5.96,nan,nan,nan,302.31,14.46,44.24,1294010,129.40,-1.00,129.40,-1.00,11.00,119.22,100.00,20.00,100.00,14.59,48.17,5.17,4.63
127.20,-0.80,42.65,7.21,0.16,0.81,nan,nan,nan,42.80,14.82,28.38,127208,127.20,-0.80,127.20,-0.80,12.00,116.06,100.00,20.00,100.00,13.01,24.75,3.02,6.55
127.42,-0.81,50.63,7.79,1.16,5.80,nan,nan,nan,51.59,14.92,34.46,127408,127.40,-0.80,127.41,-0.80,13.00,116.06,100.00,20.00,100.00,18.24,30.35,3.94,6.72
127.62,-0.81,66.21,8.09,1.16,5.80,nan,nan,nan,67.10,15.01,40.30,127608,127.60,-0.80,127.61,-0.80,13.00,116.06,100.00,20.00,100.00,17.63,40.48,5.25,6.16
127.81,-0.80,89.98,6.94,1.17,5.85,nan,nan,nan,90.81,15.03,44.82,127808,127.80,-0.80,127.80,-0.80,11.00,117.02,100.00,20.00,100.00,14.46,49.32,5.26,4.52
128.01,-0.80,116.39,6.94,1.17,5.85,nan,nan,nan,117.18,15.01,47.64,128008,128.00,-0.80,128.00,-0.80,11.00,117.02,100.00,20.00,100.00,14.17,50.98,5.39,4.37
128.21,-0.80,142.18,6.63,1.17,5.85,nan,nan,nan,142.95,14.96,49.08,128208,128.20,-0.80,128.20,-0.80,11.00,117.02,100.00,20.00,100.00,15.29,50.05,5.09,4.26
128.41,-0.80,167.34,6.94,1.19,5.96,nan,nan,nan,168.12,14.91,49.65,128408,128.40,-0.80,128.41,-0.80,11.00,119.22,100.00,20.00,100.00,15.69,50.43,5.35,4.42
128.61,-0.80,193.21,6.94,1.19,5.96,nan,nan,nan,193.98,14.87,49.75,128608,128.60,-0.80,128.61,-0.80,11.00,119.22,100.00,20.00,100.00,15.88,50.37,5.35,4.43
128.81,-0.80,219.14,6.94,1.19,5.96,nan,nan,nan,219.92,14.84,49.53,128808,128.80,-0.80,128.81,-0.80,11.00,119.22,100.00,20.00,100.00,15.22,50.41,5.35,4.42
129.01,-0.80,244.86,6.94,1.19,5.96,nan,nan,nan,245.65,14.80,48.84,129008,129.00,-0.80,129.01,-0.80,11.00,119.22,100.00,20.00,100.00,14.70,49.73,5.30,4.49
129.21,-0.80,269.94,6.94,1.21,6.05,nan,nan,nan,270.76,14.74,47.42,129208,129.20,-0.80,129.21,-0.80,11.00,121.07,100.00,20.00,100.00,14.54,49.22,5.26,4.53
129.41,-0.80,295.14,6.63,1.21,6.05,nan,nan,nan,296.00,14.63,45.10,129408,129.40,-0.80,129.40,-0.80,11.00,121.07,100.00,20.00,100.00,14.87,48.24,4.95,4.42
127.41,-0.60,48.09,7.52,0.50,2.49,nan,nan,nan,48.50,14.73,32.70,127406,127.40,-0.60,127.41,-0.60,12.00,117.02,100.00,20.00,100.00,18.93,26.90,3.40,6.70
127.62,-0.60,61.17,7.21,1.19,5.96,nan,nan,nan,62.10,14.95,38.77,127606,127.60,-0.60,127.61,-0.60,12.00,119.22,100.00,20.00,100.00,16.43,38.49,4.49,5.64
127.81,-0.60,83.76,6.94,1.19,5.96,nan,nan,nan,84.62,15.03,43.76,127806,127.80,-0.60,127.80,-0.60,11.00,119.22,100.00,20.00,100.00,13.59,48.52,5.20,4.60
128.01,-0.60,109.08,6.94,1.19,5.96,nan,nan,nan,109.89,15.02,47.05,128006,128.00,-0.60,128.01,-0.60,11.00,119.22,100.00,20.00,100.00,14.07,50.57,5.36,4.41
128.21,-0.60,135.19,6.63,1.19,5.96,nan,nan,nan,135.98,14.97,48.83,128206,128.20,-0.60,128.20,-0.60,11.00,119.22,100.00,20.00,100.00,15.24,49.79,5.07,4.28
128.41,-0.60,160.86,6.63,1.21,6.05,nan,nan,nan,161.64,14.91,49.58,128406,128.40,-0.60,128.40,-0.60,11.00,121.07,100.00,20.00,100.00,14.95,50.26,5.10,4.24
128.61,-0.60,186.70,6.63,1.21,6.05,nan,nan,nan,187.48,14.85,49.77,128606,128.60,-0.60,128.60,-0.60,11.00,121.07,100.00,20.00,100.00,14.92,50.26,5.10,4.24
128.82,-0.60,212.09,6.94,1.21,6.05,nan,nan,nan,212.87,14.81,49.63,128806,128.80,-0.60,128.81,-0.60,11.00,121.07,100.00,20.00,100.00,15.14,50.55,5.36,4.41
129.02,-0.60,237.96,6.94,1.23,6.15,nan,nan,nan,238.76,14.80,49.09,129006,129.00,-0.60,129.01,-0.60,11.00,123.02,100.00,20.00,100.00,15.72,50.05,5.32,4.46
129.21,-0.60,263.22,6.94,1.23,6.15,nan,nan,nan,264.04,14.80,47.91,129206,129.20,-0.60,129.21,-0.60,11.00,123.02,100.00,20.00,100.00,15.64,49.58,5.28,4.50
129.41,-0.60,288.62,6.63,1.23,6.15,nan,nan,nan,289.48,14.80,45.85,129406,129.40,-0.60,129.40,-0.60,11.00,123.02,100.00,20.00,100.00,15.39,48.55,4.97,4.39
127.40,-0.40,46.48,7.21,0.41,2.03,nan,nan,nan,46.83,14.91,30.96,127404,127.40,-0.40,127.40,-0.40,12.00,119.22,100.00,20.00,100.00,19.26,24.01,2.93,6.59
127.61,-0.40,56.57,7.21,1.21,6.05,nan,nan,nan,57.54,15.06,37.15,127604,127.60,-0.40,127.61,-0.40,12.00,121.07,100.00,20.00,100.00,15.49,36.56,4.30,5.79
127.81,-0.40,78.04,7.21,1.21,6.05,nan,nan,nan,78.93,15.09,42.57,127804,127.80,-0.40,127.80,-0.40,12.00,121.07,100.00,20.00,100.00,13.12,47.35,5.30,4.89
128.01,-0.40,102.54,6.94,1.21,6.05,nan,nan,nan,103.37,15.06,46.36,128004,128.00,-0.40,128.01,-0.40,11.00,121.07,100.00,20.00,100.00,14.17,49.88,5.31,4.47
128.21,-0.40,128.29,6.63,1.21,6.05,nan,nan,nan,129.10,14.99,48.51,128204,128.20,-0.40,128.20,-0.40,11.00,121.07,100.00,20.00,100.00,15.22,49.71,5.06,4.29
128.41,-0.40,154.06,6.63,1.23,6.15,nan,nan,nan,154.86,14.92,49.48,128404,128.40,-0.40,128.40,-0.40,11.00,123.02,100.00,20.00,100.00,14.52,50.37,5.11,4.23
128.62,-0.40,179.29,6.94,1.23,6.15,nan,nan,nan,180.08,14.85,49.78,128604,128.60,-0.40,128.61,-0.40,11.00,123.02,100.00,20.00,100.00,14.61,50.01,5.32,4.46
128.81,-0.40,205.60,6.63,1.23,6.15,nan,nan,nan,206.40,14.82,49.72,128804,128.80,-0.40,128.80,-0.40,11.00,123.02,100.00,20.00,100.00,15.54,50.14,5.09,4.25
129.01,-0.40,231.15,7.21,1.24,6.18,nan,nan,nan,231.96,14.82,49.28,129004,129.00,-0.40,129.00,-0.40,12.00,123.64,100.00,20.00,100.00,16.58,50.02,5.53,4.63
129.21,-0.40,255.93,6.94,1.24,6.18,nan,nan,nan,256.76,14.86,48.29,129204,129.20,-0.40,129.21,-0.40,11.00,123.64,100.00,20.00,100.00,16.23,50.08,5.32,4.45
129.41,-0.40,281.81,6.94,1.24,6.18,nan,nan,nan,282.66,14.93,46.48,129404,129.40,-0.40,129.40,-0.40,11.00,123.64,100.00,20.00,100.00,15.58,49.14,5.25,4.54
129.61,-0.40,305.68,6.94,1.24,6.18,nan,nan,nan,306.57,15.01,43.78,129604,129.60,-0.40,129.60,-0.40,11.00,123.64,100.00,20.00,100.00,15.69,47.20,5.09,4.72
127.40,-0.20,44.00,7.21,0.26,1.28,nan,nan,nan,44.23,15.32,29.31,127402,127.40,-0.20,127.40,-0.20,12.00,121.07,100.00,20.00,100.00,19.26,21.71,2.67,6.70
127.61,-0.20,52.77,7.52,1.23,6.15,nan,nan,nan,53.77,15.29,35.52,127602,127.60,-0.20,127.61,-0.20,12.00,123.02,100.00,20.00,100.00,14.42,34.62,4.27,6.19
127.82,-0.20,71.33,7.52,1.23,6.15,nan,nan,nan,72.26,15.20,41.28,127802,127.80,-0.20,127.81,-0.20,12.00,123.02,100.00,20.00,100.00,12.87,45.74,5.38,5.25
128.01,-0.20,96.06,6.94,1.23,6.15,nan,nan,nan,96.92,15.11,45.55,128002,128.00,-0.20,128.01,-0.20,11.00,123.02,100.00,20.00,100.00,14.62,48.89,5.23,4.56
128.21,-0.20,121.33,6.94,1.24,6.18,nan,nan,nan,122.15,15.03,48.11,128202,128.20,-0.20,128.20,-0.20,11.00,123.64,100.00,20.00,100.00,15.59,49.67,5.29,4.49
128.41,-0.20,147.26,6.63,1.24,6.18,nan,nan,nan,148.07,14.95,49.35,128402,128.40,-0.20,128.40,-0.20,11.00,123.64,100.00,20.00,100.00,14.77,50.66,5.13,4.21
128.62,-0.20,172.56,6.94,1.24,6.18,nan,nan,nan,173.36,14.89,49.78,128602,128.60,-0.20,128.61,-0.20,11.00,123.64,100.00,20.00,100.00,14.97,49.84,5.30,4.48
128.81,-0.20,198.49,6.63,1.24,6.18,nan,nan,nan,199.29,14.85,49.78,128802,128.80,-0.20,128.80,-0.20,11.00,123.64,100.00,20.00,100.00,15.63,49.63,5.05,4.30
129.01,-0.20,223.66,6.94,1.25,6.27,nan,nan,nan,224.48,14.85,49.44,129002,129.00,-0.20,129.00,-0.20,11.00,125.37,100.00,20.00,100.00,16.07,49.75,5.30,4.48
129.21,-0.20,249.21,6.94,1.25,6.27,nan,nan,nan,250.04,14.90,48.59,129202,129.20,-0.20,129.20,-0.20,11.00,125.37,100.00,20.00,100.00,15.47,50.38,5.35,4.43
129.41,-0.20,274.91,6.63,1.25,6.27,nan,nan,nan,275.77,14.98,47.01,129402,129.40,-0.20,129.40,-0.20,11.00,125.37,100.00,20.00,100.00,15.13,49.62,5.05,4.30
129.61,-0.20,299.15,6.94,1.27,6.33,nan,nan,nan,300.05,15.07,44.55,129602,129.60,-0.20,129.60,-0.20,11.00,126.51,100.00,20.00,100.00,15.57,47.53,5.12,4.69
127.61,-0.00,49.36,8.09,1.24,6.18,nan,nan,nan,50.39,15.44,33.89,127600,127.60,0.00,127.60,-0.00,13.00,123.64,100.00,20.00,100.00,12.71,32.62,4.36,6.82
127.83,-0.01,64.91,7.52,1.24,6.18,nan,nan,nan,65.86,15.25,39.91,127800,127.80,0.00,127.82,-0.01,12.00,123.64,100.00,20.00,100.00,12.76,43.48,5.17,5.45
128.01,-0.00,89.55,6.94,1.24,6.18,nan,nan,nan,90.43,15.13,44.62,128000,128.00,0.00,128.01,-0.00,11.00,123.64,100.00,20.00,100.00,15.61,47.48,5.11,4.69
128.21,-0.00,114.10,6.94,1.25,6.27,nan,nan,nan,114.95,15.05,47.62,128200,128.20,0.00,128.20,0.00,11.00,125.37,100.00,20.00,100.00,16.41,49.56,5.28,4.50
128.41,-0.00,140.14,6.63,1.25,6.27,nan,nan,nan,140.96,14.99,49.15,128400,128.40,0.00,128.40,0.00,11.00,125.37,100.00,20.00,100.00,15.34,51.00,5.16,4.17
128.61,-0.00,166.26,6.63,1.25,6.27,nan,nan,nan,167.07,14.94,49.75,128600,128.60,0.00,128.60,0.00,11.00,125.37,100.00,20.00,100.00,15.43,49.92,5.08,4.27
128.81,-0.00,191.52,6.63,1.25,6.27,nan,nan,nan,192.33,14.90,49.83,128800,128.80,0.00,128.80,0.00,11.00,125.37,100.00,20.00,100.00,15.28,49.55,5.05,4.30
129.01,-0.00,216.70,6.94,1.27,6.33,nan,nan,nan,217.52,14.90,49.57,129000,129.00,0.00,129.00,0.00,11.00,126.51,100.00,20.00,100.00,14.86,49.63,5.29,4.50
129.21,-0.00,242.34,6.94,1.27,6.33,nan,nan,nan,243.17,14.93,48.86,129200,129.20,0.00,129.20,0.00,11.00,126.51,100.00,20.00,100.00,14.31,50.37,5.35,4.43
129.41,-0.00,268.21,6.63,1.27,6.33,nan,nan,nan,269.06,14.99,47.48,129400,129.40,0.00,129.40,0.00,11.00,126.51,100.00,20.00,100.00,14.60,49.75,5.06,4.29
129.61,-0.00,292.64,6.94,1.28,6.39,nan,nan,nan,293.54,15.04,45.26,129600,129.60,0.00,129.60,0.00,11.00,127.87,100.00,20.00,100.00,15.42,47.78,5.14,4.66
127.60,0.20,47.72,7.79,0.51,2.56,nan,nan,nan,48.15,15.34,32.26,12762,127.60,0.20,127.60,0.20,13.00,125.37,100.00,20.00,100.00,11.57,30.70,3.98,6.70
127.83,0.19,60.03,7.52,1.25,6.27,nan,nan,nan,61.01,15.16,38.43,12782,127.80,0.20,127.82,0.19,12.00,125.37,100.00,20.00,100.00,13.06,40.49,4.88,5.72
128.01,0.20,83.00,7.21,1.25,6.27,nan,nan,nan,83.91,15.08,43.55,12802,128.00,0.20,128.01,0.20,12.00,125.37,100.00,20.00,100.00,16.44,45.48,5.14,5.06
128.21,0.20,106.66,6.94,1.27,6.33,nan,nan,nan,107.53,15.05,47.00,12822,128.20,0.20,128.20,0.20,11.00,126.51,100.00,20.00,100.00,16.61,49.28,5.26,4.53
128.41,0.20,132.80,6.94,1.27,6.33,nan,nan,nan,133.63,15.03,48.88,12842,128.40,0.20,128.40,0.20,11.00,126.51,100.00,20.00,100.00,15.34,51.31,5.42,4.34
128.61,0.20,159.17,6.63,1.27,6.33,nan,nan,nan,159.99,15.00,49.68,12862,128.60,0.20,128.60,0.20,11.00,126.51,100.00,20.00,100.00,15.49,50.11,5.09,4.25
128.81,0.20,184.66,6.63,1.28,6.39,nan,nan,nan,185.49,14.97,49.87,12882,128.80,0.20,128.80,0.20,11.00,127.87,100.00,20.00,100.00,15.06,49.84,5.07,4.28
129.01,0.20,210.10,6.94,1.28,6.39,nan,nan,nan,210.93,14.96,49.68,12902,129.00,0.20,129.00,0.20,11.00,127.87,100.00,20.00,100.00,14.45,49.78,5.30,4.48
129.21,0.20,235.80,6.63,1.28,6.39,nan,nan,nan,236.64,14.98,49.09,12922,129.20,0.20,129.20,0.20,11.00,127.87,100.00,20.00,100.00,14.07,50.30,5.10,4.24
129.41,0.20,261.60,6.63,1.28,6.39,nan,nan,nan,262.46,15.00,47.91,12942,129.40,0.20,129.40,0.20,11.00,127.87,100.00,20.00,100.00,14.60,49.71,5.06,4.29
129.61,0.20,286.12,6.94,1.28,6.40,nan,nan,nan,287.01,15.03,45.92,12962,129.60,0.20,129.60,0.20,11.00,127.92,100.00,20.00,100.00,15.41,48.00,5.16,4.64
127.60,0.40,45.21,7.52,0.35,1.74,nan,nan,nan,45.51,14.99,30.61,12764,127.60,0.40,127.60,0.40,12.00,126.51,100.00,20.00,100.00,11.42,28.90,3.63,6.58
127.82,0.39,56.49,7.52,1.27,6.33,nan,nan,nan,57.50,14.96,36.83,12784,127.80,0.40,127.82,0.40,13.00,126.51,100.00,20.00,100.00,13.70,37.20,4.54,5.99
128.02,0.39,76.13,7.52,1.27,6.33,nan,nan,nan,77.07,15.00,42.32,12804,128.00,0.40,128.01,0.40,12.00,126.51,100.00,20.00,100.00,16.79,43.15,5.14,5.48
128.21,0.40,99.42,6.94,1.28,6.39,nan,nan,nan,100.30,15.03,46.24,12824,128.20,0.40,128.20,0.40,11.00,127.87,100.00,20.00,100.00,16.14,48.76,5.22,4.57
128.41,0.40,125.52,6.94,1.28,6.39,nan,nan,nan,126.37,15.05,48.51,12844,128.40,0.40,128.40,0.40,11.00,127.87,100.00,20.00,100.00,14.90,51.44,5.43,4.33
128.61,0.40,152.06,6.63,1.28,6.39,nan,nan,nan,152.89,15.03,49.56,12864,128.60,0.40,128.60,0.40,11.00,127.87,100.00,20.00,100.00,15.42,50.22,5.10,4.24
128.81,0.40,177.76,6.63,1.28,6.40,nan,nan,nan,178.59,15.02,49.88,12884,128.80,0.40,128.80,0.40,11.00,127.92,100.00,20.00,100.00,15.20,50.14,5.09,4.25
129.01,0.40,203.44,6.63,1.28,6.40,nan,nan,nan,204.27,15.01,49.77,12904,129.00,0.40,129.00,0.40,11.00,127.92,100.00,20.00,100.00,14.87,50.02,5.08,4.26
129.21,0.40,229.19,6.63,1.28,6.40,nan,nan,nan,230.02,15.02,49.30,12924,129.20,0.40,129.20,0.40,11.00,127.92,100.00,20.00,100.00,14.62,50.31,5.10,4.24
129.41,0.40,254.92,6.63,1.28,6.40,nan,nan,nan,255.78,15.05,48.29,12944,129.40,0.40,129.40,0.40,11.00,127.92,100.00,20.00,100.00,14.98,49.72,5.06,4.29
129.61,0.40,279.52,6.94,1.29,6.45,nan,nan,nan,280.40,15.10,46.53,12964,129.60,0.40,129.60,0.40,11.00,128.91,100.00,20.00,100.00,15.47,48.28,5.18,4.62
129.80,0.40,303.73,6.63,1.29,6.45,nan,nan,nan,304.65,15.19,43.93,12984,129.80,0.40,129.79,0.40,11.00,128.91,100.00,20.00,100.00,15.31,46.95,4.85,4.53
127.60,0.60,43.09,7.52,0.21,1.04,nan,nan,nan,43.27,14.47,28.94,12766,127.60,0.60,127.60,0.60,12.00,127.87,100.00,20.00,100.00,10.41,27.04,3.42,6.70
127.82,0.59,52.54,7.52,1.28,6.39,nan,nan,nan,53.59,14.70,35.12,12786,127.80,0.60,127.82,0.60,12.00,127.87,100.00,20.00,100.00,14.34,33.55,4.15,6.26
128.02,0.59,69.58,8.09,1.28,6.40,nan,nan,nan,70.54,14.89,40.93,12806,128.00,0.60,128.01,0.60,13.00,127.92,100.00,20.00,100.00,17.65,40.62,5.27,6.14
128.20,0.60,93.06,7.21,1.28,6.40,nan,nan,nan,93.96,14.99,45.33,12826,128.20,0.60,128.19,0.60,12.00,127.92,100.00,20.00,100.00,16.15,48.18,5.37,4.81
128.40,0.60,118.95,6.63,1.28,6.40,nan,nan,nan,119.81,15.03,48.03,12846,128.40,0.60,128.39,0.60,11.00,127.92,100.00,20.00,100.00,14.84,51.46,5.19,4.13
128.61,0.60,144.91,6.94,1.28,6.40,nan,nan,nan,145.74,15.03,49.37,12866,128.60,0.60,128.60,0.60,11.00,127.92,100.00,20.00,100.00,15.56,50.23,5.33,4.44
128.81,0.60,170.70,6.63,1.29,6.45,nan,nan,nan,171.53,15.02,49.85,12886,128.80,0.60,128.80,0.60,11.00,128.91,100.00,20.00,100.00,15.35,50.34,5.11,4.23
129.01,0.60,196.54,6.63,1.29,6.45,nan,nan,nan,197.37,15.02,49.83,12906,129.00,0.60,129.00,0.60,11.00,128.91,100.00,20.00,100.00,15.09,50.19,5.10,4.25
129.21,0.60,222.33,6.63,1.29,6.45,nan,nan,nan,223.17,15.04,49.46,12926,129.20,0.60,129.20,0.60,11.00,128.91,100.00,20.00,100.00,14.92,50.33,5.11,4.23
129.42,0.60,247.41,6.94,1.30,6.48,nan,nan,nan,248.27,15.09,48.61,12946,129.40,0.60,129.41,0.60,11.00,129.62,100.00,20.00,100.00,15.23,49.80,5.30,4.48
129.61,0.60,272.82,6.94,1.30,6.48,nan,nan,nan,273.71,15.19,47.06,12966,129.60,0.60,129.60,0.60,11.00,129.62,100.00,20.00,100.00,15.46,48.65,5.21,4.59
129.80,0.60,297.45,6.63,1.30,6.48,nan,nan,nan,298.37,15.36,44.66,12986,129.80,0.60,129.79,0.60,11.00,129.62,100.00,20.00,100.00,14.99,47.48,4.89,4.48
127.00,0.80,18.12,10.00,0.00,0.00,nan,nan,nan,18.12,13.89,14.91,12708,127.00,0.80,127.00,0.80,10.00,127.87,100.00,20.00,100.00,18.28,10.86,1.88,9.82
127.82,0.80,49.57,7.52,1.28,6.40,nan,nan,nan,50.64,14.42,33.31,12788,127.80,0.80,127.81,0.80,13.00,127.92,100.00,20.00,100.00,15.59,29.78,3.73,6.52
128.02,0.79,63.55,8.09,1.29,6.45,nan,nan,nan,64.54,14.75,39.38,12808,128.00,0.80,128.02,0.79,13.00,128.91,100.00,20.00,100.00,17.92,37.81,4.96,6.39
128.21,0.80,85.67,6.94,1.29,6.45,nan,nan,nan,86.60,14.91,44.27,12828,128.20,0.80,128.20,0.80,11.00,128.91,100.00,20.00,100.00,15.42,47.33,5.10,4.70
128.41,0.80,111.29,6.94,1.29,6.45,nan,nan,nan,112.16,14.96,47.44,12848,128.40,0.80,128.40,0.80,11.00,128.91,100.00,20.00,100.00,14.28,51.26,5.41,4.34
128.61,0.80,137.78,6.94,1.29,6.45,nan,nan,nan,138.62,14.97,49.11,12868,128.60,0.80,128.60,0.80,11.00,128.91,100.00,20.00,100.00,15.31,50.11,5.32,4.45
128.81,0.80,163.61,6.94,1.30,6.48,nan,nan,nan,164.45,14.97,49.77,12888,128.80,0.80,128.80,0.80,11.00,129.62,100.00,20.00,100.00,15.13,50.45,5.35,4.42
129.01,0.80,189.59,6.63,1.30,6.48,nan,nan,nan,190.43,14.98,49.86,12908,129.00,0.80,129.00,0.80,11.00,129.62,100.00,20.00,100.00,14.97,50.29,5.10,4.24
129.21,0.80,215.41,6.63,1.30,6.48,nan,nan,nan,216.25,15.02,49.58,12928,129.20,0.80,129.20,0.80,11.00,129.62,100.00,20.00,100.00,14.95,50.30,5.10,4.24
129.42,0.80,240.49,6.94,1.29,6.46,nan,nan,nan,241.34,15.09,48.86,12948,129.40,0.80,129.41,0.80,11.00,129.14,100.00,20.00,100.00,15.25,49.85,5.30,4.47
129.61,0.80,266.07,6.63,1.29,6.46,nan,nan,nan,266.95,15.23,47.49,12968,129.60,0.80,129.60,0.80,11.00,129.14,100.00,20.00,100.00,15.34,49.03,5.01,4.35
129.81,0.80,290.49,6.94,1.29,6.46,nan,nan,nan,291.40,15.45,45.30,12988,129.80,0.80,129.80,0.80,11.00,129.14,100.00,20.00,100.00,14.84,48.07,5.16,4.64
127.00,1.00,16.67,10.00,0.00,0.00,nan,nan,nan,16.67,13.34,14.22,127010,127.00,1.00,127.00,1.00,10.00,127.92,100.00,20.00,100.00,20.67,9.51,1.65,9.86
127.81,1.00,47.04,7.21,0.48,2.40,nan,nan,nan,47.45,14.25,31.47,127810,127.80,1.00,127.81,1.00,12.00,128.91,100.00,20.00,100.00,16.85,26.52,3.22,6.45
128.02,0.99,58.45,7.79,1.30,6.48,nan,nan,nan,59.47,14.65,37.72,128010,128.00,1.00,128.01,1.00,13.00,129.62,100.00,20.00,100.00,17.36,35.15,4.48,6.37
128.21,1.00,79.61,6.94,1.30,6.48,nan,nan,nan,80.56,14.83,43.07,128210,128.20,1.00,128.20,1.00,11.00,129.62,100.00,20.00,100.00,14.13,46.26,5.01,4.80
128.41,1.00,104.70,6.94,1.30,6.48,nan,nan,nan,105.59,14.88,46.74,128410,128.40,1.00,128.40,1.00,11.00,129.62,100.00,20.00,100.00,13.39,50.75,5.37,4.39
128.61,1.00,130.91,6.94,1.29,6.46,nan,nan,nan,131.76,14.89,48.78,128610,128.60,1.00,128.60,1.00,11.00,129.14,100.00,20.00,100.00,14.74,49.80,5.30,4.48
128.81,1.00,156.69,6.94,1.29,6.46,nan,nan,nan,157.53,14.90,49.66,128810,128.80,1.00,128.80,1.00,11.00,129.14,100.00,20.00,100.00,14.64,50.44,5.35,4.42
129.01,1.00,182.75,6.63,1.29,6.46,nan,nan,nan,183.58,14.93,49.86,129010,129.00,1.00,129.00,1.00,11.00,129.14,100.00,20.00,100.00,14.64,50.30,5.10,4.24
129.21,1.00,208.55,6.63,1.29,6.46,nan,nan,nan,209.39,14.98,49.66,129210,129.20,1.00,129.20,1.00,11.00,129.14,100.00,20.00,100.00,14.81,50.22,5.10,4.24
129.41,1.00,234.22,6.63,1.29,6.47,nan,nan,nan,235.07,15.06,49.05,129410,129.40,1.00,129.40,1.00,11.00,129.32,100.00,20.00,100.00,15.17,49.85,5.07,4.28
129.61,1.00,259.30,6.63,1.29,6.47,nan,nan,nan,260.16,15.21,47.86,129610,129.60,1.00,129.60,1.00,11.00,129.32,100.00,20.00,100.00,15.23,49.34,5.03,4.32
129.81,1.00,284.10,6.94,1.29,6.47,nan,nan,nan,285.00,15.41,45.87,129810,129.80,1.00,129.80,1.00,11.00,129.32,100.00,20.00,100.00,14.83,48.58,5.20,4.59
127.00,1.20,15.92,10.00,0.00,0.00,nan,nan,nan,15.92,13.45,13.57,127012,127.00,1.20,127.00,1.20,10.00,128.91,100.00,20.00,100.00,22.56,8.33,1.45,9.89
127.80,1.20,45.38,7.21,0.37,1.85,nan,nan,nan,45.70,14.40,29.70,127812,127.80,1.20,127.80,1.20,12.00,129.62,100.00,20.00,100.00,17.83,23.84,2.91,6.60
128.02,1.19,54.47,7.21,1.29,6.46,nan,nan,nan,55.51,14.72,36.00,128012,128.00,1.20,128.01,1.20,12.00,129.14,100.00,20.00,100.00,16.96,32.86,3.91,6.06
128.21,1.20,73.50,7.21,1.29,6.46,nan,nan,nan,74.46,14.84,41.76,128212,128.20,1.20,128.21,1.20,12.00,129.14,100.00,20.00,100.00,13.36,45.09,5.11,5.09
128.41,1.20,98.58,7.21,1.29,6.46,nan,nan,nan,99.47,14.87,45.93,128412,128.40,1.20,128.40,1.20,12.00,129.14,100.00,20.00,100.00,13.03,50.05,5.53,4.63
128.61,1.20,124.30,6.94,1.29,6.47,nan,nan,nan,125.16,14.88,48.36,128612,128.60,1.20,128.60,1.20,11.00,129.32,100.00,20.00,100.00,14.64,49.43,5.27,4.51
128.81,1.20,149.93,6.94,1.29,6.47,nan,nan,nan,150.77,14.90,49.49,128812,128.80,1.20,128.80,1.20,11.00,129.32,100.00,20.00,100.00,14.53,50.40,5.35,4.42
129.01,1.20,176.00,6.63,1.29,6.47,nan,nan,nan,176.84,14.94,49.83,129012,129.00,1.20,129.00,1.20,11.00,129.32,100.00,20.00,100.00,14.59,50.28,5.10,4.24
129.21,1.20,201.73,6.63,1.29,6.47,nan,nan,nan,202.57,14.99,49.72,129212,129.20,1.20,129.20,1.20,11.00,129.32,100.00,20.00,100.00,14.87,50.11,5.09,4.25
129.41,1.20,227.33,6.63,1.28,6.42,nan,nan,nan,228.17,15.07,49.22,129412,129.40,1.20,129.40,1.20,11.00,128.32,100.00,20.00,100.00,15.21,49.83,5.07,4.28
129.61,1.20,252.49,6.63,1.28,6.42,nan,nan,nan,253.34,15.18,48.18,129612,129.60,1.20,129.60,1.20,11.00,128.32,100.00,20.00,100.00,15.16,49.59,5.05,4.30
129.81,1.20,277.62,6.94,1.28,6.42,nan,nan,nan,278.51,15.33,46.39,129812,129.80,1.20,129.80,1.20,11.00,128.32,100.00,20.00,100.00,14.77,49.01,5.24,4.55
130.01,1.20,301.25,6.94,1.28,6.39,nan,nan,nan,302.17,15.53,43.80,130012,130.00,1.20,130.00,1.20,11.00,127.73,100.00,20.00,100.00,15.61,46.02,4.99,4.82
127.00,1.40,14.40,10.00,0.00,0.00,nan,nan,nan,14.40,14.18,12.88,127014,127.00,1.40,127.00,1.40,10.00,129.62,100.00,20.00,100.00,23.46,7.37,1.28,9.92
127.80,1.40,43.13,7.21,0.21,1.07,nan,nan,nan,43.32,14.99,28.09,127814,127.80,1.40,127.80,1.40,12.00,129.32,100.00,20.00,100.00,19.01,21.59,2.65,6.71
128.02,1.40,50.39,7.52,1.29,6.47,nan,nan,nan,51.45,15.06,34.31,128014,128.00,1.40,128.01,1.40,12.00,129.32,100.00,20.00,100.00,17.04,30.80,3.85,6.46
128.22,1.40,67.82,7.21,1.29,6.47,nan,nan,nan,68.81,15.03,40.38,128214,128.20,1.40,128.21,1.40,12.00,129.32,100.00,20.00,100.00,13.28,43.76,4.99,5.21
128.41,1.40,92.61,7.21,1.29,6.47,nan,nan,nan,93.53,14.98,45.02,128414,128.40,1.40,128.40,1.40,12.00,129.32,100.00,20.00,100.00,13.40,49.14,5.45,4.72
128.61,1.40,117.68,6.63,1.28,6.42,nan,nan,nan,118.54,14.96,47.88,128614,128.60,1.40,128.60,1.40,11.00,128.32,100.00,20.00,100.00,15.20,49.02,5.01,4.35
128.81,1.40,143.13,6.63,1.28,6.42,nan,nan,nan,143.96,14.98,49.28,128814,128.80,1.40,128.80,1.40,11.00,128.32,100.00,20.00,100.00,14.90,50.41,5.11,4.23
129.01,1.40,169.21,6.63,1.28,6.42,nan,nan,nan,170.04,15.02,49.78,129014,129.00,1.40,129.00,1.40,11.00,128.32,100.00,20.00,100.00,14.88,50.31,5.10,4.24
129.21,1.40,194.88,6.63,1.28,6.39,nan,nan,nan,195.70,15.07,49.77,129214,129.20,1.40,129.20,1.40,11.00,127.73,100.00,20.00,100.00,15.11,50.05,5.09,4.26
129.41,1.40,220.42,6.63,1.28,6.39,nan,nan,nan,221.25,15.13,49.37,129414,129.40,1.40,129.40,1.40,11.00,127.73,100.00,20.00,100.00,15.27,49.83,5.07,4.28
129.61,1.40,245.66,6.63,1.28,6.39,nan,nan,nan,246.51,15.21,48.48,129614,129.60,1.40,129.60,1.40,11.00,127.73,100.00,20.00,100.00,15.06,49.80,5.07,4.28
129.81,1.40,271.08,6.63,1.28,6.39,nan,nan,nan,271.96,15.31,46.89,129814,129.80,1.40,129.80,1.40,11.00,127.73,100.00,20.00,100.00,14.69,49.37,5.03,4.32
130.01,1.40,295.02,6.94,1.27,6.33,nan,nan,nan,295.92,15.45,44.49,130014,130.00,1.40,130.00,1.40,11.00,126.54,100.00,20.00,100.00,15.65,46.34,5.02,4.79
127.00,1.60,13.23,10.00,0.00,0.00,nan,nan,nan,13.23,15.15,12.08,127016,127.00,1.60,127.00,1.60,10.00,129.14,100.00,20.00,100.00,24.03,6.73,1.17,9.93
127.20,1.60,17.48,10.00,0.00,0.00,nan,nan,nan,17.48,15.47,15.28,127216,127.20,1.60,127.20,1.60,10.00,129.32,100.00,20.00,100.00,13.76,13.70,2.37,9.72
127.80,1.60,43.44,7.79,0.23,1.17,nan,nan,nan,43.65,15.77,26.65,127816,127.80,1.60,127.80,1.60,13.00,128.32,100.00,20.00,100.00,20.16,19.63,2.62,7.34
128.01,1.60,48.19,7.52,0.56,2.78,nan,nan,nan,48.66,15.52,32.68,128016,128.00,1.60,128.01,1.60,12.00,128.32,100.00,20.00,100.00,17.08,28.82,3.62,6.59
128.22,1.59,62.30,7.52,1.28,6.42,nan,nan,nan,63.30,15.29,38.93,128216,128.20,1.60,128.22,1.60,12.00,128.32,100.00,20.00,100.00,13.27,42.15,5.04,5.57
128.41,1.60,85.99,7.21,1.28,6.42,nan,nan,nan,86.92,15.15,44.01,128416,128.40,1.60,128.41,1.60,12.00,128.32,100.00,20.00,100.00,13.84,47.93,5.35,4.83
128.61,1.60,110.90,6.63,1.28,6.39,nan,nan,nan,111.77,15.09,47.30,128616,128.60,1.60,128.60,1.60,11.00,127.73,100.00,20.00,100.00,15.72,48.52,4.97,4.39
128.81,1.60,136.13,6.94,1.28,6.39,nan,nan,nan,136.97,15.09,49.02,128816,128.80,1.60,128.80,1.60,11.00,127.73,100.00,20.00,100.00,15.20,50.43,5.35,4.42
129.01,1.60,162.26,6.63,1.28,6.39,nan,nan,nan,163.09,15.12,49.71,129016,129.00,1.60,129.00,1.60,11.00,127.73,100.00,20.00,100.00,15.12,50.38,5.11,4.23
129.21,1.60,187.92,6.63,1.27,6.33,nan,nan,nan,188.73,15.17,49.81,129216,129.20,1.60,129.20,1.60,11.00,126.54,100.00,20.00,100.00,15.30,50.06,5.09,4.26
129.41,1.60,213.47,6.63,1.27,6.33,nan,nan,nan,214.29,15.21,49.51,129416,129.40,1.60,129.40,1.60,11.00,126.54,100.00,20.00,100.00,15.29,49.90,5.07,4.27
129.61,1.60,238.84,6.63,1.27,6.33,nan,nan,nan,239.67,15.27,48.76,129616,129.60,1.60,129.60,1.60,11.00,126.54,100.00,20.00,100.00,14.96,50.00,5.08,4.26
129.81,1.60,264.52,6.63,1.25,6.28,nan,nan,nan,265.37,15.34,47.37,129816,129.80,1.60,129.80,1.60,11.00,125.49,100.00,20.00,100.00,14.61,49.68,5.06,4.29
130.01,1.60,288.72,6.94,1.25,6.28,nan,nan,nan,289.60,15.46,45.16,130016,130.00,1.60,130.00,1.60,11.00,125.49,100.00,20.00,100.00,15.66,46.64,5.05,4.76
127.00,1.80,12.26,10.00,0.00,0.00,nan,nan,nan,12.26,15.83,11.16,127018,127.00,1.80,127.00,1.80,10.00,128.32,100.00,20.00,100.00,22.39,6.33,1.10,9.94
127.20,1.80,16.44,10.00,0.00,0.00,nan,nan,nan,16.44,16.33,14.34,127218,127.20,1.80,127.20,1.80,10.00,128.32,100.00,20.00,100.00,12.25,12.97,2.24,9.75
128.00,1.80,46.48,7.21,0.44,2.19,nan,nan,nan,46.86,15.77,31.09,128018,128.00,1.80,128.00,1.80,12.00,127.73,100.00,20.00,100.00,16.29,26.93,3.27,6.43
128.23,1.79,57.39,7.52,1.28,6.39,nan,nan,nan,58.40,15.44,37.42,128218,128.20,1.80,128.22,1.80,12.00,127.73,100.00,20.00,100.00,12.99,40.16,4.85,5.74
128.42,1.79,79.45,6.94,1.27,6.33,nan,nan,nan,80.37,15.25,42.88,128418,128.40,1.80,128.41,1.80,11.00,126.54,100.00,20.00,100.00,14.31,46.34,5.02,4.79
128.61,1.80,104.05,7.21,1.27,6.33,nan,nan,nan,104.92,15.17,46.62,128618,128.60,1.80,128.60,1.80,12.00,126.54,100.00,20.00,100.00,16.26,47.90,5.35,4.83
128.81,1.80,129.03,6.94,1.27,6.33,nan,nan,nan,129.86,15.17,48.69,128818,128.80,1.80,128.80,1.80,11.00,126.54,100.00,20.00,100.00,15.42,50.44,5.35,4.42
129.01,1.80,155.22,6.63,1.27,6.33,nan,nan,nan,156.04,15.20,49.59,129018,129.00,1.80,129.00,1.80,11.00,126.54,100.00,20.00,100.00,15.24,50.45,5.11,4.22
129.21,1.80,180.89,6.63,1.25,6.28,nan,nan,nan,181.70,15.23,49.81,129218,129.20,1.80,129.20,1.80,11.00,125.49,100.00,20.00,100.00,15.39,50.11,5.09,4.25
129.41,1.80,206.51,6.63,1.25,6.28,nan,nan,nan,207.32,15.28,49.62,129418,129.40,1.80,129.40,1.80,11.00,125.49,100.00,20.00,100.00,15.27,50.01,5.08,4.26
129.61,1.80,232.00,6.63,1.25,6.28,nan,nan,nan,232.82,15.33,49.01,129618,129.60,1.80,129.60,1.80,11.00,125.49,100.00,20.00,100.00,14.91,50.18,5.09,4.25
129.81,1.80,257.25,6.94,1.24,6.18,nan,nan,nan,258.08,15.39,47.80,129818,129.80,1.80,129.81,1.80,11.00,123.59,100.00,20.00,100.00,14.65,49.94,5.31,4.47
130.01,1.80,282.33,6.94,1.24,6.18,nan,nan,nan,283.19,15.52,45.79,130018,130.00,1.80,130.00,1.80,11.00,123.59,100.00,20.00,100.00,15.80,46.94,5.07,4.74
130.20,1.80,304.27,7.21,1.24,6.18,nan,nan,nan,305.18,15.78,42.96,130218,130.20,1.80,130.19,1.80,12.00,123.59,100.00,20.00,100.00,17.50,42.96,4.91,5.28
127.00,2.00,10.79,10.00,0.00,0.00,nan,nan,nan,10.79,15.88,10.19,127020,127.00,2.00,127.00,2.00,10.00,127.73,100.00,20.00,100.00,16.61,6.32,1.10,9.94
127.20,2.00,15.27,10.00,0.00,0.00,nan,nan,nan,15.27,16.32,13.31,127220,127.20,2.00,127.20,2.00,10.00,127.73,100.00,20.00,100.00,9.00,12.07,2.09,9.78
128.00,2.00,43.41,6.94,0.23,1.14,nan,nan,nan,43.61,15.63,29.50,128020,128.00,2.00,128.00,2.00,11.00,126.54,100.00,20.00,100.00,14.30,25.25,2.96,6.28
128.22,1.99,53.39,8.09,1.27,6.33,nan,nan,nan,54.42,15.35,35.82,128220,128.20,2.00,128.22,2.00,13.00,126.54,100.00,20.00,100.00,12.44,37.65,4.94,6.41
128.43,1.99,72.81,6.94,1.25,6.28,nan,nan,nan,73.75,15.20,41.61,128420,128.40,2.00,128.42,1.99,11.00,125.49,100.00,20.00,100.00,15.20,44.24,4.84,4.97
128.61,2.00,97.08,7.21,1.25,6.28,nan,nan,nan,97.96,15.15,45.80,128620,128.60,2.00,128.60,2.00,12.00,125.49,100.00,20.00,100.00,17.27,47.19,5.29,4.90
128.81,2.00,121.79,6.94,1.25,6.28,nan,nan,nan,122.63,15.17,48.26,128820,128.80,2.00,128.80,2.00,11.00,125.49,100.00,20.00,100.00,15.88,50.53,5.36,4.41
129.01,2.00,148.12,6.63,1.24,6.18,nan,nan,nan,148.93,15.21,49.42,129020,129.00,2.00,129.00,2.00,11.00,123.59,100.00,20.00,100.00,15.43,50.58,5.12,4.21
129.21,2.00,173.82,6.63,1.24,6.18,nan,nan,nan,174.61,15.25,49.79,129220,129.20,2.00,129.20,2.00,11.00,123.59,100.00,20.00,100.00,15.50,50.19,5.10,4.25
129.41,2.00,199.53,6.63,1.24,6.18,nan,nan,nan,200.33,15.30,49.69,129420,129.40,2.00,129.40,2.00,11.00,123.59,100.00,20.00,100.00,15.27,50.13,5.09,4.25
129.61,2.00,225.14,6.63,1.24,6.18,nan,nan,nan,225.95,15.36,49.20,129620,129.60,2.00,129.60,2.00,11.00,123.59,100.00,20.00,100.00,14.91,50.31,5.10,4.24
129.81,2.00,250.52,6.94,1.22,6.11,nan,nan,nan,251.34,15.46,48.17,129820,129.80,2.00,129.81,2.00,11.00,122.22,100.00,20.00,100.00,14.82,50.13,5.33,4.45
130.01,2.00,275.79,6.94,1.22,6.11,nan,nan,nan,276.63,15.64,46.36,130020,130.00,2.00,130.00,2.00,11.00,122.22,100.00,20.00,100.00,16.04,47.27,5.10,4.71
130.20,2.00,298.00,7.52,1.22,6.11,nan,nan,nan,298.89,15.97,43.68,130220,130.20,2.00,130.19,2.00,12.00,122.22,100.00,20.00,100.00,17.48,43.43,5.17,5.46
127.00,2.20,10.16,10.00,0.00,0.00,nan,nan,nan,10.16,15.33,9.26,127022,127.00,2.20,127.00,2.20,10.00,126.54,100.00,20.00,100.00,11.52,7.03,1.22,9.92
127.20,2.20,13.60,10.00,0.00,0.00,nan,nan,nan,13.60,15.60,12.31,127222,127.20,2.20,127.20,2.20,10.00,126.54,100.00,20.00,100.00,6.65,11.05,1.92,9.81
128.00,2.20,41.90,7.21,0.13,0.63,nan,nan,nan,42.01,15.24,27.92,128022,128.00,2.20,128.00,2.20,12.00,125.49,100.00,20.00,100.00,12.34,24.03,2.94,6.59
128.22,2.20,50.08,8.09,1.25,6.28,nan,nan,nan,51.12,15.13,34.14,128222,128.20,2.20,128.21,2.20,13.00,125.49,100.00,20.00,100.00,12.31,34.42,4.57,6.68
128.43,2.19,66.63,7.52,1.24,6.18,nan,nan,nan,67.58,15.06,40.20,128422,128.40,2.20,128.42,2.19,12.00,123.59,100.00,20.00,100.00,16.47,41.29,4.96,5.65
128.61,2.20,89.84,7.79,1.24,6.18,nan,nan,nan,90.71,15.06,44.84,128622,128.60,2.20,128.60,2.20,13.00,123.59,100.00,20.00,100.00,18.10,46.28,5.63,5.38
128.80,2.20,114.93,6.94,1.24,6.18,nan,nan,nan,115.76,15.10,47.72,128822,128.80,2.20,128.79,2.20,11.00,123.59,100.00,20.00,100.00,16.05,50.69,5.37,4.40
129.01,2.20,140.86,6.94,1.22,6.11,nan,nan,nan,141.66,15.15,49.17,129022,129.00,2.20,129.00,2.20,11.00,122.22,100.00,20.00,100.00,15.47,50.79,5.38,4.39
129.21,2.20,166.66,6.94,1.22,6.11,nan,nan,nan,167.45,15.22,49.71,129222,129.20,2.20,129.20,2.20,11.00,122.22,100.00,20.00,100.00,15.52,50.32,5.34,4.43
129.41,2.20,192.51,6.63,1.22,6.11,nan,nan,nan,193.30,15.29,49.73,129422,129.40,2.20,129.40,2.20,11.00,122.22,100.00,20.00,100.00,15.23,50.29,5.10,4.24
129.61,2.20,218.24,6.63,1.22,6.11,nan,nan,nan,219.04,15.39,49.35,129622,129.60,2.20,129.60,2.20,11.00,122.22,100.00,20.00,100.00,14.93,50.39,5.11,4.23
129.81,2.20,243.67,6.94,1.21,6.06,nan,nan,nan,244.47,15.55,48.46,129822,129.80,2.20,129.81,2.20,11.00,121.09,100.00,20.00,100.00,14.98,50.22,5.33,4.44
130.01,2.20,269.07,6.94,1.21,6.06,nan,nan,nan,269.90,15.82,46.84,130022,130.00,2.20,130.00,2.20,11.00,121.09,100.00,20.00,100.00,16.18,47.60,5.13,4.68
130.20,2.20,291.76,7.52,1.21,6.06,nan,nan,nan,292.61,16.05,44.90,130222,130.20,2.20,130.19,2.20,12.00,121.09,100.00,20.00,100.00,17.35,44.04,5.23,5.40
127.00,2.40,9.46,10.00,0.00,0.00,nan,nan,nan,9.46,14.52,8.40,127024,127.00,2.40,127.00,2.40,10.00,125.49,100.00,20.00,100.00,12.61,8.13,1.41,9.90
127.20,2.40,12.88,10.00,0.00,0.00,nan,nan,nan,12.88,14.74,11.39,127224,127.20,2.40,127.20,2.40,10.00,125.49,100.00,20.00,100.00,8.95,10.20,1.77,9.84
127.40,2.40,17.07,10.00,0.00,0.00,nan,nan,nan,17.07,14.75,14.61,127424,127.40,2.40,127.40,2.40,10.00,125.49,100.00,20.00,100.00,15.93,11.12,1.93,9.81
128.21,2.40,47.90,7.52,0.51,2.54,nan,nan,nan,48.33,14.94,32.43,128224,128.20,2.40,128.21,2.40,12.00,122.22,100.00,20.00,100.00,12.88,30.99,3.87,6.44
128.43,2.39,60.97,7.52,1.22,6.11,nan,nan,nan,61.92,14.91,38.67,128424,128.40,2.40,128.42,2.39,12.00,122.22,100.00,20.00,100.00,16.91,37.81,4.61,5.94
128.60,2.40,83.17,7.21,1.22,6.11,nan,nan,nan,84.05,14.93,43.75,128624,128.60,2.40,128.60,2.40,12.00,122.22,100.00,20.00,100.00,17.25,44.97,5.10,5.10
128.80,2.40,107.60,6.94,1.22,6.11,nan,nan,nan,108.44,14.97,47.07,128824,128.80,2.40,128.79,2.40,11.00,122.22,100.00,20.00,100.00,15.03,50.59,5.36,4.41
129.01,2.40,133.69,6.94,1.21,6.06,nan,nan,nan,134.49,15.04,48.84,129024,129.00,2.40,129.00,2.40,11.00,121.09,100.00,20.00,100.00,14.88,50.84,5.38,4.38
129.21,2.40,159.54,6.94,1.21,6.06,nan,nan,nan,160.32,15.13,49.58,129224,129.20,2.40,129.20,2.40,11.00,121.09,100.00,20.00,100.00,15.21,50.38,5.35,4.43
129.41,2.40,185.50,6.63,1.21,6.06,nan,nan,nan,186.28,15.25,49.70,129424,129.40,2.40,129.40,2.40,11.00,121.09,100.00,20.00,100.00,15.06,50.40,5.11,4.23
129.61,2.40,211.33,6.63,1.20,5.99,nan,nan,nan,212.11,15.43,49.42,129624,129.60,2.40,129.60,2.40,11.00,119.79,100.00,20.00,100.00,14.93,50.42,5.11,4.23
129.81,2.40,236.75,6.94,1.20,5.99,nan,nan,nan,237.54,15.69,48.68,129824,129.80,2.40,129.81,2.40,11.00,119.79,100.00,20.00,100.00,15.04,50.25,5.34,4.44
130.01,2.40,262.27,6.94,1.20,5.99,nan,nan,nan,263.08,15.90,47.60,130024,130.00,2.40,130.00,2.40,11.00,119.79,100.00,20.00,100.00,16.15,47.89,5.15,4.65
130.20,2.40,285.54,7.21,1.20,5.99,nan,nan,nan,286.37,15.97,46.42,130224,130.20,2.40,130.19,2.40,12.00,119.79,100.00,20.00,100.00,17.34,44.65,5.07,5.13
130.40,2.40,306.35,6.63,1.18,5.92,nan,nan,nan,307.19,16.05,44.90,130424,130.40,2.40,130.39,2.40,11.00,118.36,100.00,20.00,100.00,16.43,44.06,4.61,4.77
127.00,2.60,8.51,10.00,0.00,0.00,nan,nan,nan,8.51,13.63,7.59,127026,127.00,2.60,127.00,2.60,10.00,123.59,100.00,20.00,100.00,14.17,9.12,1.58,9.87
127.20,2.60,11.75,10.00,0.00,0.00,nan,nan,nan,11.75,14.22,10.53,127226,127.20,2.60,127.20,2.60,10.00,123.59,100.00,20.00,100.00,11.91,9.63,1.67,9.86
127.40,2.60,16.33,10.00,0.00,0.00,nan,nan,nan,16.33,14.45,13.73,127426,127.40,2.60,127.40,2.60,10.00,123.59,100.00,20.00,100.00,18.76,9.67,1.68,9.86
128.21,2.60,45.71,7.52,0.36,1.82,nan,nan,nan,46.02,14.85,30.76,128226,128.20,2.60,128.21,2.60,12.00,121.09,100.00,20.00,100.00,12.77,27.79,3.50,6.65
128.43,2.59,56.10,7.52,1.21,6.06,nan,nan,nan,57.07,14.76,37.09,128426,128.40,2.60,128.42,2.59,12.00,121.09,100.00,20.00,100.00,16.78,34.42,4.25,6.20
128.61,2.60,76.56,7.21,1.21,6.06,nan,nan,nan,77.45,14.72,42.54,128626,128.60,2.60,128.60,2.60,12.00,121.09,100.00,20.00,100.00,16.10,43.56,4.97,5.23
128.80,2.60,100.91,6.94,1.21,6.06,nan,nan,nan,101.75,14.74,46.30,128826,128.80,2.60,128.79,2.60,11.00,121.09,100.00,20.00,100.00,13.97,50.20,5.33,4.44
129.01,2.60,126.87,6.94,1.20,5.99,nan,nan,nan,127.67,14.81,48.43,129026,129.00,2.60,129.00,2.60,11.00,119.79,100.00,20.00,100.00,14.25,50.64,5.37,4.40
129.21,2.60,152.60,6.94,1.20,5.99,nan,nan,nan,153.38,14.93,49.37,129226,129.20,2.60,129.20,2.60,11.00,119.79,100.00,20.00,100.00,14.87,50.27,5.34,4.44
129.41,2.60,178.55,6.63,1.20,5.99,nan,nan,nan,179.32,15.12,49.61,129426,129.40,2.60,129.40,2.60,11.00,119.79,100.00,20.00,100.00,14.97,50.41,5.11,4.23
129.61,2.60,204.39,6.63,1.18,5.92,nan,nan,nan,205.16,15.41,49.41,129626,129.60,2.60,129.60,2.60,11.00,118.36,100.00,20.00,100.00,15.02,50.43,5.11,4.23
129.81,2.60,229.80,6.94,1.18,5.92,nan,nan,nan,230.58,15.80,48.77,129826,129.80,2.60,129.81,2.60,11.00,118.36,100.00,20.00,100.00,15.14,50.29,5.34,4.43
130.01,2.60,254.77,6.94,1.18,5.92,nan,nan,nan,255.55,15.80,48.77,130026,130.00,2.60,130.01,2.60,11.00,118.36,100.00,20.00,100.00,16.10,48.14,5.17,4.63
130.20,2.60,278.49,7.52,1.18,5.92,nan,nan,nan,279.29,15.90,47.60,130226,130.20,2.60,130.19,2.60,12.00,118.36,100.00,20.00,100.00,17.30,45.09,5.32,5.31
130.39,2.60,300.51,6.94,1.17,5.87,nan,nan,nan,301.32,15.97,46.42,130426,130.40,2.60,130.39,2.60,11.00,117.37,100.00,20.00,100.00,16.16,44.88,4.90,4.92
127.00,2.80,8.22,10.00,0.00,0.00,nan,nan,nan,8.22,12.31,6.73,127028,127.00,2.80,127.00,2.80,10.00,122.22,100.00,20.00,100.00,14.22,10.05,1.75,9.85
127.20,2.80,10.61,10.00,0.00,0.00,nan,nan,nan,10.61,13.84,9.64,127228,127.20,2.80,127.20,2.80,10.00,122.22,100.00,20.00,100.00,13.53,9.20,1.60,9.87
127.40,2.80,15.07,10.00,0.00,0.00,nan,nan,nan,15.07,14.49,12.83,127428,127.40,2.80,127.40,2.80,10.00,122.22,100.00,20.00,100.00,21.30,8.47,1.47,9.89
128.21,2.80,43.49,6.94,0.22,1.10,nan,nan,nan,43.68,14.57,29.18,128228,128.20,2.80,128.21,2.80,11.00,119.79,100.00,20.00,100.00,13.66,24.85,2.92,6.30
128.42,2.79,52.33,7.52,1.20,5.99,nan,nan,nan,53.30,14.32,35.49,128428,128.40,2.80,128.42,2.80,12.00,119.79,100.00,20.00,100.00,17.34,31.16,3.89,6.43
128.61,2.80,70.84,7.21,1.20,5.99,nan,nan,nan,71.74,14.19,41.24,128628,128.60,2.80,128.60,2.80,12.00,119.79,100.00,20.00,100.00,15.45,42.11,4.84,5.35
128.80,2.80,94.68,7.21,1.18,5.92,nan,nan,nan,95.51,14.17,45.42,128828,128.80,2.80,128.79,2.80,12.00,118.36,100.00,20.00,100.00,13.42,49.66,5.50,4.67
129.01,2.80,120.29,6.94,1.18,5.92,nan,nan,nan,121.09,14.24,47.89,129028,129.00,2.80,129.00,2.80,11.00,118.36,100.00,20.00,100.00,14.08,50.31,5.34,4.43
129.21,2.80,145.78,6.94,1.18,5.92,nan,nan,nan,146.55,14.43,49.06,129228,129.20,2.80,129.20,2.80,11.00,118.36,100.00,20.00,100.00,14.82,50.09,5.32,4.45
129.41,2.80,171.63,6.63,1.18,5.92,nan,nan,nan,172.40,14.74,49.40,129428,129.40,2.80,129.40,2.80,11.00,118.36,100.00,20.00,100.00,14.89,50.34,5.11,4.23
129.61,2.80,197.42,6.63,1.17,5.87,nan,nan,nan,198.19,15.29,49.32,129628,129.60,2.80,129.60,2.80,11.00,117.37,100.00,20.00,100.00,14.99,50.37,5.11,4.23
129.81,2.80,222.81,6.94,1.17,5.87,nan,nan,nan,223.58,15.60,49.15,129828,129.80,2.80,129.81,2.80,11.00,117.37,100.00,20.00,100.00,15.15,50.30,5.34,4.43
130.01,2.80,247.87,6.94,1.17,5.87,nan,nan,nan,248.64,15.80,48.77,130028,130.00,2.80,130.01,2.80,11.00,117.37,100.00,20.00,100.00,16.15,48.37,5.19,4.61
130.20,2.80,271.80,7.21,1.17,5.84,nan,nan,nan,272.57,15.80,48.77,130228,130.20,2.80,130.19,2.80,12.00,116.85,100.00,20.00,100.00,17.56,45.46,5.14,5.06
130.39,2.80,294.60,6.94,1.17,5.84,nan,nan,nan,295.39,15.90,47.60,130428,130.40,2.80,130.38,2.81,11.00,116.85,100.00,20.00,100.00,16.57,45.80,4.98,4.84
127.00,3.00,7.70,10.00,0.00,0.00,nan,nan,nan,7.70,9.38,5.75,127030,127.00,3.00,127.00,3.00,10.00,121.09,100.00,20.00,100.00,13.07,10.97,1.90,9.82
127.20,3.00,9.98,10.00,0.00,0.00,nan,nan,nan,9.98,12.74,8.64,127230,127.20,3.00,127.20,3.00,10.00,121.09,100.00,20.00,100.00,13.67,8.85,1.54,9.88
127.40,3.00,13.50,10.00,0.00,0.00,nan,nan,nan,13.50,14.03,11.84,127430,127.40,3.00,127.40,3.00,10.00,119.79,100.00,20.00,100.00,22.70,7.36,1.28,9.92
127.60,3.00,18.78,10.00,0.00,0.00,nan,nan,nan,18.78,14.48,15.10,127630,127.60,3.00,127.60,3.00,10.00,119.79,100.00,20.00,100.00,17.10,12.84,2.22,9.75
128.42,3.00,49.19,7.52,1.18,5.92,nan,nan,nan,50.18,12.94,33.92,128430,128.40,3.00,128.41,3.00,12.00,118.36,100.00,20.00,100.00,18.29,28.30,3.56,6.62
128.62,3.00,64.33,7.21,1.18,5.92,nan,nan,nan,65.24,12.76,39.85,128630,128.60,3.00,128.61,3.00,12.00,118.36,100.00,20.00,100.00,15.00,40.62,4.69,5.47
128.81,3.00,88.06,6.94,1.17,5.87,nan,nan,nan,88.90,12.77,44.39,128830,128.80,3.00,128.80,3.00,11.00,117.37,100.00,20.00,100.00,13.34,48.88,5.23,4.56
129.01,3.00,113.77,6.94,1.17,5.87,nan,nan,nan,114.56,12.94,47.20,129030,129.00,3.00,129.00,3.00,11.00,117.37,100.00,20.00,100.00,14.51,49.88,5.31,4.47
129.21,3.00,138.96,6.94,1.17,5.87,nan,nan,nan,139.73,13.28,48.57,129230,129.20,3.00,129.20,3.00,11.00,117.37,100.00,20.00,100.00,15.15,50.00,5.32,4.46
129.41,3.00,164.78,6.63,1.17,5.87,nan,nan,nan,165.55,14.11,49.14,129430,129.40,3.00,129.40,3.00,11.00,117.37,100.00,20.00,100.00,14.89,50.34,5.11,4.23
129.61,3.00,190.53,6.63,1.17,5.84,nan,nan,nan,191.29,14.81,49.31,129630,129.60,3.00,129.60,3.00,11.00,116.85,100.00,20.00,100.00,14.96,50.28,5.10,4.24
129.81,3.00,215.84,6.94,1.17,5.84,nan,nan,nan,216.60,15.29,49.32,129830,129.80,3.00,129.81,3.00,11.00,116.85,100.00,20.00,100.00,15.22,50.25,5.34,4.44
130.01,3.00,240.86,6.94,1.17,5.84,nan,nan,nan,241.63,15.60,49.15,130030,130.00,3.00,130.01,3.00,11.00,116.85,100.00,20.00,100.00,16.59,48.44,5.19,4.60
130.21,3.00,264.13,7.21,1.16,5.81,nan,nan,nan,264.90,15.80,48.77,130230,130.20,3.00,130.20,3.00,12.00,116.21,100.00,20.00,100.00,18.51,45.72,5.16,5.03
130.40,3.00,287.02,7.21,1.16,5.81,nan,nan,nan,287.79,15.80,48.77,130430,130.40,3.00,130.39,3.00,12.00,116.21,100.00,20.00,100.00,18.62,46.25,5.21,4.99
127.00,3.20,7.38,10.00,0.00,0.00,nan,nan,nan,7.38,1.90,4.67,127032,127.00,3.20,127.00,3.20,10.00,119.79,100.00,20.00,100.00,11.92,11.92,2.07,9.78
127.20,3.20,9.23,10.00,0.00,0.00,nan,nan,nan,9.23,9.12,7.53,127232,127.20,3.20,127.20,3.20,10.00,119.79,100.00,20.00,100.00,13.31,8.65,1.50,9.89
127.40,3.20,12.64,10.00,0.00,0.00,nan,nan,nan,12.64,11.50,10.79,127432,127.40,3.20,127.40,3.20,10.00,118.36,100.00,20.00,100.00,23.25,6.42,1.12,9.94
127.60,3.20,16.90,10.00,0.00,0.00,nan,nan,nan,16.90,12.04,14.15,127632,127.60,3.20,127.60,3.20,10.00,118.36,100.00,20.00,100.00,16.07,12.05,2.09,9.78
128.41,3.20,47.25,7.21,0.45,2.24,nan,nan,nan,47.63,9.64,32.48,128432,128.40,3.20,128.40,3.20,12.00,117.37,100.00,20.00,100.00,18.56,25.72,3.13,6.50
128.62,3.20,59.17,7.21,1.17,5.87,nan,nan,nan,60.09,9.62,38.45,128632,128.60,3.20,128.61,3.20,12.00,117.37,100.00,20.00,100.00,14.44,38.88,4.53,5.61
128.81,3.20,82.25,7.21,1.17,5.84,nan,nan,nan,83.10,9.90,43.23,128832,128.80,3.20,128.80,3.20,12.00,116.85,100.00,20.00,100.00,13.41,47.63,5.33,4.86
129.01,3.20,107.03,6.63,1.17,5.84,nan,nan,nan,107.84,10.41,46.29,129032,129.00,3.20,129.00,3.20,11.00,116.85,100.00,20.00,100.00,15.07,49.18,5.02,4.34
129.21,3.20,131.88,6.63,1.17,5.84,nan,nan,nan,132.66,11.10,47.85,129232,129.20,3.20,129.20,3.20,11.00,116.85,100.00,20.00,100.00,15.46,50.00,5.08,4.26
129.41,3.20,157.80,6.94,1.16,5.81,nan,nan,nan,158.57,12.65,48.58,129432,129.40,3.20,129.40,3.20,11.00,116.21,100.00,20.00,100.00,14.93,50.48,5.35,4.42
129.61,3.20,183.54,6.63,1.16,5.81,nan,nan,nan,184.30,12.65,48.58,129632,129.60,3.20,129.60,3.20,11.00,116.21,100.00,20.00,100.00,15.10,50.19,5.10,4.25
129.81,3.20,208.72,6.94,1.16,5.81,nan,nan,nan,209.48,14.81,49.31,129832,129.80,3.20,129.81,3.20,11.00,116.21,100.00,20.00,100.00,15.49,50.10,5.32,4.45
130.02,3.19,232.84,6.94,1.16,5.81,nan,nan,nan,233.60,15.29,49.32,130032,130.00,3.20,130.01,3.20,11.00,116.21,100.00,20.00,100.00,17.33,48.20,5.17,4.63
130.21,3.20,255.89,7.21,1.16,5.81,nan,nan,nan,256.65,15.60,49.15,130232,130.20,3.20,130.21,3.20,12.00,116.21,100.00,20.00,100.00,19.68,45.72,5.16,5.03
130.40,3.20,278.37,7.79,1.16,5.81,nan,nan,nan,279.14,15.71,48.99,130432,130.40,3.20,130.39,3.20,13.00,116.21,100.00,20.00,100.00,21.31,45.60,5.57,5.45
127.00,3.40,7.49,10.00,0.00,0.00,nan,nan,nan,7.49,348.20,4.35,127034,127.00,3.40,127.00,3.40,10.00,118.36,100.00,20.00,100.00,15.45,13.12,2.27,9.74
127.20,3.40,8.47,10.00,0.00,0.00,nan,nan,nan,8.47,358.77,6.46,127234,127.20,3.40,127.20,3.40,10.00,118.36,72.00,20.00,100.00,20.03,8.86,1.54,9.88
127.40,3.40,11.37,10.00,0.00,0.00,nan,nan,nan,11.37,4.00,9.80,127434,127.40,3.40,127.40,3.40,10.00,117.37,100.00,20.00,100.00,34.60,6.23,1.09,9.94
127.60,3.40,16.05,10.00,0.00,0.00,nan,nan,nan,16.05,5.28,13.34,127634,127.60,3.40,127.60,3.40,10.00,117.37,100.00,20.00,100.00,21.72,11.69,2.03,9.79
128.40,3.40,44.52,7.21,0.28,1.39,nan,nan,nan,44.76,3.57,31.42,128434,128.40,3.40,128.40,3.40,12.00,116.85,100.00,20.00,100.00,20.03,23.97,2.93,6.59
128.62,3.40,55.27,7.52,1.17,5.84,nan,nan,nan,56.20,4.20,37.23,128634,128.60,3.40,128.61,3.40,12.00,116.85,100.00,20.00,100.00,13.98,37.22,4.55,5.99
128.81,3.40,76.84,7.21,1.16,5.81,nan,nan,nan,77.71,5.19,42.02,128834,128.80,3.40,128.80,3.40,12.00,116.21,100.00,20.00,100.00,12.68,46.09,5.20,5.00
129.01,3.40,100.60,6.94,1.16,5.81,nan,nan,nan,101.42,6.38,45.21,129034,129.00,3.40,129.00,3.40,11.00,116.21,100.00,20.00,100.00,14.00,48.16,5.17,4.63
129.20,3.40,125.71,6.63,1.16,5.81,nan,nan,nan,126.51,9.04,46.75,129234,129.20,3.40,129.19,3.40,11.00,116.21,100.00,20.00,100.00,14.04,49.76,5.06,4.28
129.40,3.40,151.72,6.63,1.16,5.81,nan,nan,nan,152.50,11.10,47.85,129434,129.40,3.40,129.39,3.40,11.00,116.21,100.00,20.00,100.00,13.63,50.45,5.11,4.22
129.61,3.40,176.81,6.94,1.16,5.81,nan,nan,nan,177.57,12.65,48.58,129634,129.60,3.40,129.60,3.40,11.00,116.21,100.00,20.00,100.00,14.03,49.91,5.31,4.47
127.20,3.60,8.25,10.00,0.00,0.00,nan,nan,nan,8.25,336.02,6.17,127236,127.20,3.60,127.20,3.60,10.00,116.85,58.00,20.00,100.00,36.53,10.59,1.84,9.83
127.40,3.60,10.98,22.65,0.00,0.00,nan,nan,nan,10.98,347.96,9.46,127436,127.40,3.60,127.40,3.60,9.00,116.85,100.00,20.00,100.00,48.73,7.36,2.90,22.46
127.60,3.60,14.56,10.00,0.00,0.00,nan,nan,nan,14.56,352.14,13.23,127636,127.60,3.60,127.60,3.60,10.00,116.85,100.00,20.00,100.00,26.47,11.52,2.00,9.80
128.40,3.60,42.94,6.94,0.18,0.90,nan,nan,nan,43.09,3.57,31.42,128436,128.40,3.60,128.40,3.60,11.00,116.21,100.00,20.00,100.00,13.93,22.99,2.71,6.39
128.60,3.60,53.83,8.09,1.16,5.81,nan,nan,nan,54.76,2.49,36.99,128636,128.60,3.60,128.60,3.60,13.00,116.21,100.00,20.00,100.00,7.68,35.64,4.72,6.58
128.80,3.60,73.71,8.09,1.16,5.81,nan,nan,nan,74.58,2.21,41.46,128836,128.80,3.60,128.79,3.60,13.00,116.21,100.00,20.00,100.00,7.81,44.36,5.66,5.79
127.20,3.80,7.80,10.00,0.00,0.00,nan,nan,nan,7.80,310.07,7.96,127238,127.20,3.80,127.20,3.80,10.00,116.21,48.00,20.00,100.00,33.39,11.09,1.92,9.81
127.40,3.80,9.64,10.00,0.00,0.00,nan,nan,nan,9.64,337.30,9.90,127438,127.40,3.80,127.40,3.80,10.00,116.21,100.00,20.00,100.00,48.54,8.27,1.44,9.90
127.60,3.80,13.25,10.00,0.00,0.00,nan,nan,nan,13.25,346.01,11.48,127638,127.60,3.80,127.60,3.80,10.00,116.21,100.00,20.00,100.00,33.28,12.09,2.09,9.78
127.80,3.80,18.03,10.00,0.00,0.00,nan,nan,nan,18.03,356.50,15.04,127838,127.80,3.80,127.80,3.80,10.00,116.21,100.00,20.00,100.00,29.76,15.58,2.69,9.63
127.20,4.00,7.68,10.00,0.00,0.00,nan,nan,nan,7.68,310.07,7.96,127240,127.20,4.00,127.20,4.00,10.00,116.21,20.00,20.00,100.00,8.50,8.16,1.42,9.90
127.40,4.00,9.57,10.00,0.00,0.00,nan,nan,nan,9.57,325.22,8.65,127440,127.40,4.00,127.40,4.00,10.00,116.21,100.00,20.00,100.00,61.97,6.05,1.05,9.94
